lluvia_cat,usos_promedio,usos_mediana,dias,dias_con_uso,dias_sin_uso,precip_media_mm,precip_mediana_mm,usos_totales
Sin lluvia,669.1945885841363,635.0,2698,2688,10,0.0,0.0,1805487
Poca Lluvia (0.1–1 mm),671.7594501718213,649.0,582,580,2,0.38092783505154637,0.3,390964
Lluvia Moderada (1.1–5 mm),614.7027027027027,591.0,333,331,2,2.4105105105105107,2.2,204696
Lluvia Notable (5.1–20 mm),525.3975155279503,517.0,161,161,0,10.466459627329192,9.2,84589
Diluvio (>20 mm),273.3333333333333,216.0,30,30,0,34.79666666666667,29.5,8200
