month_num,month_label,avg_monthly_uses
1,Jan,19058.0
2,Feb,21258.0
3,Mar,21657.909090909092
4,Apr,18774.18181818182
5,May,23868.81818181818
6,Jun,20020.7
7,Jul,14621.1
8,Aug,10710.1
9,Sep,20615.7
10,Oct,25652.6
11,Nov,24322.5
12,Dec,18372.3
