Estación origen,Estación destino,Número de préstamos,Tiempo medio (mm:ss)
3 – Plaça de la Llotja,12 – Ambulatori de Sant Fermí,13289,11:22
12 – Ambulatori de Sant Fermí,3 – Plaça de la Llotja,11571,11:22
3 – Plaça de la Llotja,2 – Oficina de Turisme,10751,06:54
26 – UMH / Escola Oficial d’Idiomes,12 – Ambulatori de Sant Fermí,10143,08:42
12 – Ambulatori de Sant Fermí,26 – UMH / Escola Oficial d’Idiomes,9269,08:53
2 – Oficina de Turisme,17 – Plaça de Castella,9037,11:46
6 – Ajuntament,3 – Plaça de la Llotja,8566,09:14
3 – Plaça de la Llotja,6 – Ajuntament,8431,08:59
12 – Ambulatori de Sant Fermí,2 – Oficina de Turisme,8422,07:21
2 – Oficina de Turisme,3 – Plaça de la Llotja,8397,08:20
19 – Jesuïtines,3 – Plaça de la Llotja,8319,06:08
17 – Plaça de Castella,2 – Oficina de Turisme,8238,10:42
2 – Oficina de Turisme,26 – UMH / Escola Oficial d’Idiomes,8156,06:11
12 – Ambulatori de Sant Fermí,33 – Av. Libertat / l’Aljub,7867,07:37
6 – Ajuntament,11 – Plaça de Crevillent,7806,07:20
17 – Plaça de Castella,26 – UMH / Escola Oficial d’Idiomes,7732,07:38
34 – Hospital General,9 – Biblioteca de Sant Josep,7666,08:36
5 – Centre de Congressos,34 – Hospital General,7528,06:19
34 – Hospital General,5 – Centre de Congressos,7493,07:23
17 – Plaça de Castella,12 – Ambulatori de Sant Fermí,7487,13:08
32 – Centre de Salut d’Altabix,12 – Ambulatori de Sant Fermí,7469,12:15
12 – Ambulatori de Sant Fermí,32 – Centre de Salut d’Altabix,7296,12:21
3 – Plaça de la Llotja,19 – Jesuïtines,7069,06:08
2 – Oficina de Turisme,12 – Ambulatori de Sant Fermí,7026,08:10
12 – Ambulatori de Sant Fermí,6 – Ajuntament,6977,06:30
26 – UMH / Escola Oficial d’Idiomes,2 – Oficina de Turisme,6931,06:03
16 – Jardí d’Asp,12 – Ambulatori de Sant Fermí,6931,05:56
6 – Ajuntament,26 – UMH / Escola Oficial d’Idiomes,6929,08:51
17 – Plaça de Castella,6 – Ajuntament,6837,12:50
26 – UMH / Escola Oficial d’Idiomes,17 – Plaça de Castella,6814,08:09
28 – Passeig de les Germanies,5 – Centre de Congressos,6724,05:51
11 – Plaça de Crevillent,6 – Ajuntament,6670,07:27
8 – Polivalent de Carrús,6 – Ajuntament,6591,09:44
34 – Hospital General,4 – Plaça del Raval,6539,07:33
12 – Ambulatori de Sant Fermí,17 – Plaça de Castella,6393,14:00
6 – Ajuntament,4 – Plaça del Raval,6317,04:48
33 – Av. Libertat / l’Aljub,12 – Ambulatori de Sant Fermí,6288,08:32
6 – Ajuntament,20 – Antoni Mena / Fra Jaume Torres,6272,08:37
2 – Oficina de Turisme,15 – Av. Llibertat / Reina Victòria,6252,10:09
15 – Av. Llibertat / Reina Victòria,6 – Ajuntament,6207,06:40
6 – Ajuntament,9 – Biblioteca de Sant Josep,6205,05:26
4 – Plaça del Raval,34 – Hospital General,6177,06:58
3 – Plaça de la Llotja,25 – Cor de Jesús,6147,09:41
5 – Centre de Congressos,28 – Passeig de les Germanies,6138,06:06
1 – Estació d’Autobusos,6 – Ajuntament,6079,06:15
6 – Ajuntament,17 – Plaça de Castella,6033,13:34
12 – Ambulatori de Sant Fermí,11 – Plaça de Crevillent,6029,06:09
15 – Av. Llibertat / Reina Victòria,2 – Oficina de Turisme,5973,10:01
6 – Ajuntament,1 – Estació d’Autobusos,5930,06:35
2 – Oficina de Turisme,1 – Estació d’Autobusos,5868,04:24
1 – Estació d’Autobusos,12 – Ambulatori de Sant Fermí,5866,07:38
12 – Ambulatori de Sant Fermí,1 – Estació d’Autobusos,5858,07:19
3 – Plaça de la Llotja,1 – Estació d’Autobusos,5752,05:37
19 – Jesuïtines,9 – Biblioteca de Sant Josep,5717,07:21
25 – Cor de Jesús,3 – Plaça de la Llotja,5695,11:22
32 – Centre de Salut d’Altabix,2 – Oficina de Turisme,5685,09:58
32 – Centre de Salut d’Altabix,26 – UMH / Escola Oficial d’Idiomes,5608,06:13
13 – Jardí del 1r de Maig,12 – Ambulatori de Sant Fermí,5591,05:40
12 – Ambulatori de Sant Fermí,20 – Antoni Mena / Fra Jaume Torres,5584,06:44
4 – Plaça del Raval,6 – Ajuntament,5579,04:53
17 – Plaça de Castella,3 – Plaça de la Llotja,5539,08:26
26 – UMH / Escola Oficial d’Idiomes,6 – Ajuntament,5466,08:44
15 – Av. Llibertat / Reina Victòria,12 – Ambulatori de Sant Fermí,5442,04:59
3 – Plaça de la Llotja,5 – Centre de Congressos,5422,08:21
19 – Jesuïtines,34 – Hospital General,5344,07:30
12 – Ambulatori de Sant Fermí,4 – Plaça del Raval,5298,08:29
15 – Av. Llibertat / Reina Victòria,33 – Av. Libertat / l’Aljub,5287,05:02
1 – Estació d’Autobusos,2 – Oficina de Turisme,5270,04:10
2 – Oficina de Turisme,32 – Centre de Salut d’Altabix,5266,10:23
6 – Ajuntament,34 – Hospital General,5254,08:38
3 – Plaça de la Llotja,17 – Plaça de Castella,5208,08:43
1 – Estació d’Autobusos,17 – Plaça de Castella,5208,09:19
20 – Antoni Mena / Fra Jaume Torres,6 – Ajuntament,5201,09:08
18 – Poliesportiu d’Altabix,17 – Plaça de Castella,5158,04:58
1 – Estació d’Autobusos,5 – Centre de Congressos,5156,05:40
17 – Plaça de Castella,32 – Centre de Salut d’Altabix,5149,05:24
34 – Hospital General,19 – Jesuïtines,5137,08:14
40 – C.P. Baix Vinalopó,26 – UMH / Escola Oficial d’Idiomes,5117,06:05
5 – Centre de Congressos,14 – Comissaria,5112,04:23
17 – Plaça de Castella,25 – Cor de Jesús,5101,13:28
4 – Plaça del Raval,14 – Comissaria,5086,08:28
20 – Antoni Mena / Fra Jaume Torres,12 – Ambulatori de Sant Fermí,5062,08:39
19 – Jesuïtines,31 – Sant Antoni,5031,09:03
18 – Poliesportiu d’Altabix,6 – Ajuntament,5026,14:53
1 – Estació d’Autobusos,3 – Plaça de la Llotja,5019,05:40
17 – Plaça de Castella,1 – Estació d’Autobusos,5009,08:34
2 – Oficina de Turisme,27 – UMH / Pavelló d’Esports,4984,09:44
27 – UMH / Pavelló d’Esports,2 – Oficina de Turisme,4957,09:34
32 – Centre de Salut d’Altabix,6 – Ajuntament,4946,11:57
5 – Centre de Congressos,9 – Biblioteca de Sant Josep,4878,05:44
17 – Plaça de Castella,34 – Hospital General,4865,11:45
27 – UMH / Pavelló d’Esports,12 – Ambulatori de Sant Fermí,4849,12:34
6 – Ajuntament,12 – Ambulatori de Sant Fermí,4847,08:09
17 – Plaça de Castella,18 – Poliesportiu d’Altabix,4807,05:31
12 – Ambulatori de Sant Fermí,27 – UMH / Pavelló d’Esports,4794,12:30
5 – Centre de Congressos,3 – Plaça de la Llotja,4775,07:47
25 – Cor de Jesús,11 – Plaça de Crevillent,4757,06:56
19 – Jesuïtines,26 – UMH / Escola Oficial d’Idiomes,4714,06:44
25 – Cor de Jesús,26 – UMH / Escola Oficial d’Idiomes,4686,09:55
14 – Comissaria,4 – Plaça del Raval,4653,08:43
3 – Plaça de la Llotja,26 – UMH / Escola Oficial d’Idiomes,4635,05:37
25 – Cor de Jesús,9 – Biblioteca de Sant Josep,4615,04:58
4 – Plaça del Raval,12 – Ambulatori de Sant Fermí,4584,10:36
2 – Oficina de Turisme,4 – Plaça del Raval,4577,07:17
26 – UMH / Escola Oficial d’Idiomes,5 – Centre de Congressos,4570,07:53
19 – Jesuïtines,32 – Centre de Salut d’Altabix,4568,08:44
26 – UMH / Escola Oficial d’Idiomes,25 – Cor de Jesús,4561,09:46
5 – Centre de Congressos,26 – UMH / Escola Oficial d’Idiomes,4528,09:22
32 – Centre de Salut d’Altabix,19 – Jesuïtines,4510,08:24
12 – Ambulatori de Sant Fermí,15 – Av. Llibertat / Reina Victòria,4507,05:30
31 – Sant Antoni,19 – Jesuïtines,4506,09:51
12 – Ambulatori de Sant Fermí,28 – Passeig de les Germanies,4496,05:42
9 – Biblioteca de Sant Josep,34 – Hospital General,4445,08:35
28 – Passeig de les Germanies,26 – UMH / Escola Oficial d’Idiomes,4426,11:19
26 – UMH / Escola Oficial d’Idiomes,32 – Centre de Salut d’Altabix,4374,06:34
26 – UMH / Escola Oficial d’Idiomes,40 – C.P. Baix Vinalopó,4318,05:58
3 – Plaça de la Llotja,30 – Squash,4317,08:57
11 – Plaça de Crevillent,12 – Ambulatori de Sant Fermí,4289,06:44
12 – Ambulatori de Sant Fermí,18 – Poliesportiu d’Altabix,4263,17:53
26 – UMH / Escola Oficial d’Idiomes,19 – Jesuïtines,4254,06:50
33 – Av. Libertat / l’Aljub,15 – Av. Llibertat / Reina Victòria,4219,05:42
3 – Plaça de la Llotja,4 – Plaça del Raval,4215,11:21
18 – Poliesportiu d’Altabix,32 – Centre de Salut d’Altabix,4162,07:59
26 – UMH / Escola Oficial d’Idiomes,3 – Plaça de la Llotja,4069,05:43
6 – Ajuntament,32 – Centre de Salut d’Altabix,4032,12:23
28 – Passeig de les Germanies,11 – Plaça de Crevillent,3966,04:24
32 – Centre de Salut d’Altabix,17 – Plaça de Castella,3962,05:50
4 – Plaça del Raval,2 – Oficina de Turisme,3955,07:53
14 – Comissaria,5 – Centre de Congressos,3953,05:57
19 – Jesuïtines,17 – Plaça de Castella,3949,11:56
9 – Biblioteca de Sant Josep,6 – Ajuntament,3895,06:51
40 – C.P. Baix Vinalopó,3 – Plaça de la Llotja,3843,08:08
40 – C.P. Baix Vinalopó,2 – Oficina de Turisme,3834,04:17
28 – Passeig de les Germanies,23 – Conrado del Campo / Trinquet,3825,05:06
15 – Av. Llibertat / Reina Victòria,1 – Estació d’Autobusos,3802,09:12
12 – Ambulatori de Sant Fermí,9 – Biblioteca de Sant Josep,3788,06:26
26 – UMH / Escola Oficial d’Idiomes,28 – Passeig de les Germanies,3778,10:57
12 – Ambulatori de Sant Fermí,5 – Centre de Congressos,3762,09:07
16 – Jardí d’Asp,22 – Av. Llauradors / Eslava,3755,13:20
2 – Oficina de Turisme,28 – Passeig de les Germanies,3746,06:46
19 – Jesuïtines,27 – UMH / Pavelló d’Esports,3737,10:25
6 – Ajuntament,18 – Poliesportiu d’Altabix,3733,16:43
6 – Ajuntament,15 – Av. Llibertat / Reina Victòria,3727,08:32
18 – Poliesportiu d’Altabix,2 – Oficina de Turisme,3723,13:55
32 – Centre de Salut d’Altabix,30 – Squash,3710,07:45
34 – Hospital General,6 – Ajuntament,3702,10:02
2 – Oficina de Turisme,9 – Biblioteca de Sant Josep,3700,07:12
4 – Plaça del Raval,25 – Cor de Jesús,3693,06:43
4 – Plaça del Raval,28 – Passeig de les Germanies,3664,05:15
23 – Conrado del Campo / Trinquet,21 – C.P. Mariano Benlliure,3626,04:54
32 – Centre de Salut d’Altabix,18 – Poliesportiu d’Altabix,3575,09:32
9 – Biblioteca de Sant Josep,19 – Jesuïtines,3562,08:41
28 – Passeig de les Germanies,4 – Plaça del Raval,3560,04:36
25 – Cor de Jesús,4 – Plaça del Raval,3552,06:40
30 – Squash,3 – Plaça de la Llotja,3538,09:58
34 – Hospital General,17 – Plaça de Castella,3487,14:28
23 – Conrado del Campo / Trinquet,28 – Passeig de les Germanies,3481,05:05
3 – Plaça de la Llotja,34 – Hospital General,3455,08:41
27 – UMH / Pavelló d’Esports,19 – Jesuïtines,3439,10:38
9 – Biblioteca de Sant Josep,5 – Centre de Congressos,3432,06:50
1 – Estació d’Autobusos,25 – Cor de Jesús,3415,07:22
3 – Plaça de la Llotja,28 – Passeig de les Germanies,3413,12:25
20 – Antoni Mena / Fra Jaume Torres,9 – Biblioteca de Sant Josep,3392,07:34
18 – Poliesportiu d’Altabix,1 – Estació d’Autobusos,3377,11:26
17 – Plaça de Castella,5 – Centre de Congressos,3373,12:33
5 – Centre de Congressos,1 – Estació d’Autobusos,3351,07:28
27 – UMH / Pavelló d’Esports,5 – Centre de Congressos,3342,11:13
2 – Oficina de Turisme,11 – Plaça de Crevillent,3329,10:23
8 – Polivalent de Carrús,2 – Oficina de Turisme,3323,10:43
3 – Plaça de la Llotja,33 – Av. Libertat / l’Aljub,3320,15:19
11 – Plaça de Crevillent,25 – Cor de Jesús,3308,07:37
5 – Centre de Congressos,10 – L’Escorxador,3297,05:56
2 – Oficina de Turisme,40 – C.P. Baix Vinalopó,3282,04:54
11 – Plaça de Crevillent,3 – Plaça de la Llotja,3265,15:04
3 – Plaça de la Llotja,40 – C.P. Baix Vinalopó,3260,09:15
3 – Plaça de la Llotja,11 – Plaça de Crevillent,3249,14:36
4 – Plaça del Raval,5 – Centre de Congressos,3247,06:06
1 – Estació d’Autobusos,4 – Plaça del Raval,3246,08:39
5 – Centre de Congressos,4 – Plaça del Raval,3245,06:02
18 – Poliesportiu d’Altabix,12 – Ambulatori de Sant Fermí,3233,16:02
40 – C.P. Baix Vinalopó,1 – Estació d’Autobusos,3232,03:56
1 – Estació d’Autobusos,32 – Centre de Salut d’Altabix,3213,07:55
5 – Centre de Congressos,12 – Ambulatori de Sant Fermí,3205,10:58
32 – Centre de Salut d’Altabix,24 – Policia Local,3197,07:50
8 – Polivalent de Carrús,12 – Ambulatori de Sant Fermí,3195,06:12
17 – Plaça de Castella,30 – Squash,3159,06:59
21 – C.P. Mariano Benlliure,23 – Conrado del Campo / Trinquet,3147,05:05
40 – C.P. Baix Vinalopó,32 – Centre de Salut d’Altabix,3146,09:44
2 – Oficina de Turisme,25 – Cor de Jesús,3138,05:37
10 – L’Escorxador,5 – Centre de Congressos,3115,05:53
23 – Conrado del Campo / Trinquet,6 – Ajuntament,3110,08:07
18 – Poliesportiu d’Altabix,26 – UMH / Escola Oficial d’Idiomes,3110,09:50
3 – Plaça de la Llotja,15 – Av. Llibertat / Reina Victòria,3106,14:16
17 – Plaça de Castella,19 – Jesuïtines,3085,10:59
8 – Polivalent de Carrús,3 – Plaça de la Llotja,3070,16:35
28 – Passeig de les Germanies,2 – Oficina de Turisme,3055,06:58
6 – Ajuntament,8 – Polivalent de Carrús,3042,10:13
28 – Passeig de les Germanies,33 – Av. Libertat / l’Aljub,3023,07:38
28 – Passeig de les Germanies,3 – Plaça de la Llotja,3015,11:38
24 – Policia Local,32 – Centre de Salut d’Altabix,3011,07:56
9 – Biblioteca de Sant Josep,25 – Cor de Jesús,3011,06:38
15 – Av. Llibertat / Reina Victòria,26 – UMH / Escola Oficial d’Idiomes,3007,11:33
30 – Squash,32 – Centre de Salut d’Altabix,3007,08:03
11 – Plaça de Crevillent,2 – Oficina de Turisme,3002,10:35
25 – Cor de Jesús,17 – Plaça de Castella,2996,14:24
25 – Cor de Jesús,22 – Av. Llauradors / Eslava,2985,08:40
40 – C.P. Baix Vinalopó,12 – Ambulatori de Sant Fermí,2982,04:59
15 – Av. Llibertat / Reina Victòria,3 – Plaça de la Llotja,2979,14:11
5 – Centre de Congressos,27 – UMH / Pavelló d’Esports,2974,12:06
4 – Plaça del Raval,19 – Jesuïtines,2968,07:05
32 – Centre de Salut d’Altabix,1 – Estació d’Autobusos,2963,08:00
6 – Ajuntament,27 – UMH / Pavelló d’Esports,2952,12:03
17 – Plaça de Castella,27 – UMH / Pavelló d’Esports,2948,06:09
16 – Jardí d’Asp,33 – Av. Libertat / l’Aljub,2930,09:21
27 – UMH / Pavelló d’Esports,3 – Plaça de la Llotja,2929,07:53
27 – UMH / Pavelló d’Esports,32 – Centre de Salut d’Altabix,2928,06:33
25 – Cor de Jesús,23 – Conrado del Campo / Trinquet,2924,08:13
12 – Ambulatori de Sant Fermí,19 – Jesuïtines,2920,09:20
17 – Plaça de Castella,40 – C.P. Baix Vinalopó,2896,10:53
28 – Passeig de les Germanies,12 – Ambulatori de Sant Fermí,2896,07:53
28 – Passeig de les Germanies,20 – Antoni Mena / Fra Jaume Torres,2891,05:53
34 – Hospital General,3 – Plaça de la Llotja,2889,09:43
27 – UMH / Pavelló d’Esports,6 – Ajuntament,2879,11:57
34 – Hospital General,50 – Borreguet,2862,06:50
1 – Estació d’Autobusos,18 – Poliesportiu d’Altabix,2858,12:33
4 – Plaça del Raval,3 – Plaça de la Llotja,2856,11:46
17 – Plaça de Castella,24 – Policia Local,2852,05:45
28 – Passeig de les Germanies,22 – Av. Llauradors / Eslava,2829,06:20
12 – Ambulatori de Sant Fermí,40 – C.P. Baix Vinalopó,2823,04:44
26 – UMH / Escola Oficial d’Idiomes,15 – Av. Llibertat / Reina Victòria,2813,11:45
9 – Biblioteca de Sant Josep,20 – Antoni Mena / Fra Jaume Torres,2812,10:36
40 – C.P. Baix Vinalopó,6 – Ajuntament,2786,05:05
4 – Plaça del Raval,11 – Plaça de Crevillent,2772,07:58
33 – Av. Libertat / l’Aljub,28 – Passeig de les Germanies,2770,08:05
20 – Antoni Mena / Fra Jaume Torres,25 – Cor de Jesús,2769,08:36
40 – C.P. Baix Vinalopó,27 – UMH / Pavelló d’Esports,2768,09:41
4 – Plaça del Raval,1 – Estació d’Autobusos,2768,10:10
25 – Cor de Jesús,20 – Antoni Mena / Fra Jaume Torres,2756,07:51
54 – Plaza de Benidorm,6 – Ajuntament,2755,07:40
19 – Jesuïtines,12 – Ambulatori de Sant Fermí,2754,10:31
4 – Plaça del Raval,26 – UMH / Escola Oficial d’Idiomes,2754,12:29
32 – Centre de Salut d’Altabix,3 – Plaça de la Llotja,2749,05:49
28 – Passeig de les Germanies,21 – C.P. Mariano Benlliure,2720,06:23
6 – Ajuntament,23 – Conrado del Campo / Trinquet,2716,07:49
19 – Jesuïtines,36 – I.E.S. Victoria Kent,2713,09:25
3 – Plaça de la Llotja,32 – Centre de Salut d’Altabix,2712,06:00
28 – Passeig de les Germanies,34 – Hospital General,2710,08:58
33 – Av. Libertat / l’Aljub,11 – Plaça de Crevillent,2708,04:59
6 – Ajuntament,22 – Av. Llauradors / Eslava,2700,09:35
9 – Biblioteca de Sant Josep,11 – Plaça de Crevillent,2687,07:40
11 – Plaça de Crevillent,9 – Biblioteca de Sant Josep,2683,05:49
32 – Centre de Salut d’Altabix,27 – UMH / Pavelló d’Esports,2681,06:27
38 – Poliesportiu de Carrús,12 – Ambulatori de Sant Fermí,2653,07:13
11 – Plaça de Crevillent,5 – Centre de Congressos,2652,08:32
13 – Jardí del 1r de Maig,25 – Cor de Jesús,2641,07:33
2 – Oficina de Turisme,18 – Poliesportiu d’Altabix,2640,15:19
27 – UMH / Pavelló d’Esports,17 – Plaça de Castella,2636,06:43
11 – Plaça de Crevillent,28 – Passeig de les Germanies,2615,05:32
12 – Ambulatori de Sant Fermí,23 – Conrado del Campo / Trinquet,2615,08:31
40 – C.P. Baix Vinalopó,17 – Plaça de Castella,2602,11:24
30 – Squash,34 – Hospital General,2594,09:39
24 – Policia Local,17 – Plaça de Castella,2593,05:52
26 – UMH / Escola Oficial d’Idiomes,4 – Plaça del Raval,2590,10:50
2 – Oficina de Turisme,8 – Polivalent de Carrús,2574,11:36
36 – I.E.S. Victoria Kent,3 – Plaça de la Llotja,2565,06:24
11 – Plaça de Crevillent,19 – Jesuïtines,2559,10:12
8 – Polivalent de Carrús,26 – UMH / Escola Oficial d’Idiomes,2548,12:48
25 – Cor de Jesús,1 – Estació d’Autobusos,2540,07:20
3 – Plaça de la Llotja,36 – I.E.S. Victoria Kent,2537,07:24
1 – Estació d’Autobusos,40 – C.P. Baix Vinalopó,2535,04:19
19 – Jesuïtines,11 – Plaça de Crevillent,2526,11:01
27 – UMH / Pavelló d’Esports,40 – C.P. Baix Vinalopó,2508,09:24
9 – Biblioteca de Sant Josep,14 – Comissaria,2484,09:04
15 – Av. Llibertat / Reina Victòria,28 – Passeig de les Germanies,2482,06:38
19 – Jesuïtines,4 – Plaça del Raval,2482,07:32
5 – Centre de Congressos,32 – Centre de Salut d’Altabix,2473,10:28
18 – Poliesportiu d’Altabix,40 – C.P. Baix Vinalopó,2468,11:51
7 – Pavelló Municipal,2 – Oficina de Turisme,2456,12:36
1 – Estació d’Autobusos,28 – Passeig de les Germanies,2445,09:36
6 – Ajuntament,28 – Passeig de les Germanies,2442,05:12
1 – Estació d’Autobusos,15 – Av. Llibertat / Reina Victòria,2427,10:45
16 – Jardí d’Asp,11 – Plaça de Crevillent,2426,09:23
6 – Ajuntament,19 – Jesuïtines,2424,05:39
5 – Centre de Congressos,11 – Plaça de Crevillent,2410,10:01
3 – Plaça de la Llotja,27 – UMH / Pavelló d’Esports,2404,07:54
25 – Cor de Jesús,2 – Oficina de Turisme,2402,06:18
33 – Av. Libertat / l’Aljub,25 – Cor de Jesús,2382,09:38
6 – Ajuntament,21 – C.P. Mariano Benlliure,2373,10:03
32 – Centre de Salut d’Altabix,40 – C.P. Baix Vinalopó,2372,10:41
28 – Passeig de les Germanies,1 – Estació d’Autobusos,2352,10:17
33 – Av. Libertat / l’Aljub,3 – Plaça de la Llotja,2346,17:38
2 – Oficina de Turisme,7 – Pavelló Municipal,2331,12:08
15 – Av. Llibertat / Reina Victòria,5 – Centre de Congressos,2326,09:12
21 – C.P. Mariano Benlliure,6 – Ajuntament,2326,10:34
30 – Squash,14 – Comissaria,2308,09:24
16 – Jardí d’Asp,28 – Passeig de les Germanies,2291,09:36
29 – Casablanca,2 – Oficina de Turisme,2290,06:36
1 – Estació d’Autobusos,9 – Biblioteca de Sant Josep,2277,11:11
11 – Plaça de Crevillent,4 – Plaça del Raval,2276,07:53
17 – Plaça de Castella,14 – Comissaria,2275,10:44
25 – Cor de Jesús,21 – C.P. Mariano Benlliure,2275,08:32
16 – Jardí d’Asp,25 – Cor de Jesús,2261,07:37
12 – Ambulatori de Sant Fermí,7 – Pavelló Municipal,2259,14:27
12 – Ambulatori de Sant Fermí,25 – Cor de Jesús,2258,06:32
15 – Av. Llibertat / Reina Victòria,11 – Plaça de Crevillent,2254,04:44
16 – Jardí d’Asp,8 – Polivalent de Carrús,2248,06:54
19 – Jesuïtines,49 – Av. Alicante 59,2244,06:16
50 – Borreguet,34 – Hospital General,2239,06:16
26 – UMH / Escola Oficial d’Idiomes,18 – Poliesportiu d’Altabix,2239,11:14
23 – Conrado del Campo / Trinquet,35 – Hospital del Vinalopó,2236,06:28
3 – Plaça de la Llotja,18 – Poliesportiu d’Altabix,2230,12:31
2 – Oficina de Turisme,6 – Ajuntament,2227,05:38
19 – Jesuïtines,54 – Plaza de Benidorm,2215,04:16
11 – Plaça de Crevillent,33 – Av. Libertat / l’Aljub,2214,05:16
35 – Hospital del Vinalopó,23 – Conrado del Campo / Trinquet,2213,05:31
4 – Plaça del Raval,21 – C.P. Mariano Benlliure,2210,07:53
19 – Jesuïtines,6 – Ajuntament,2207,05:38
20 – Antoni Mena / Fra Jaume Torres,4 – Plaça del Raval,2197,07:37
19 – Jesuïtines,25 – Cor de Jesús,2194,07:26
28 – Passeig de les Germanies,19 – Jesuïtines,2193,07:28
6 – Ajuntament,2 – Oficina de Turisme,2191,05:49
23 – Conrado del Campo / Trinquet,12 – Ambulatori de Sant Fermí,2190,09:46
2 – Oficina de Turisme,33 – Av. Libertat / l’Aljub,2188,13:00
23 – Conrado del Campo / Trinquet,25 – Cor de Jesús,2185,07:48
32 – Centre de Salut d’Altabix,5 – Centre de Congressos,2182,11:40
2 – Oficina de Turisme,23 – Conrado del Campo / Trinquet,2180,10:10
15 – Av. Llibertat / Reina Victòria,19 – Jesuïtines,2154,09:57
9 – Biblioteca de Sant Josep,2 – Oficina de Turisme,2152,09:08
28 – Passeig de les Germanies,32 – Centre de Salut d’Altabix,2148,13:42
25 – Cor de Jesús,33 – Av. Libertat / l’Aljub,2139,09:45
11 – Plaça de Crevillent,26 – UMH / Escola Oficial d’Idiomes,2134,13:47
19 – Jesuïtines,30 – Squash,2121,12:07
12 – Ambulatori de Sant Fermí,30 – Squash,2119,17:39
12 – Ambulatori de Sant Fermí,21 – C.P. Mariano Benlliure,2119,08:17
34 – Hospital General,32 – Centre de Salut d’Altabix,2111,11:19
40 – C.P. Baix Vinalopó,18 – Poliesportiu d’Altabix,2092,13:11
14 – Comissaria,9 – Biblioteca de Sant Josep,2087,09:42
32 – Centre de Salut d’Altabix,28 – Passeig de les Germanies,2084,14:32
26 – UMH / Escola Oficial d’Idiomes,11 – Plaça de Crevillent,2074,13:20
18 – Poliesportiu d’Altabix,7 – Pavelló Municipal,2061,05:37
20 – Antoni Mena / Fra Jaume Torres,28 – Passeig de les Germanies,2060,07:09
32 – Centre de Salut d’Altabix,7 – Pavelló Municipal,2058,05:51
32 – Centre de Salut d’Altabix,34 – Hospital General,2052,09:48
32 – Centre de Salut d’Altabix,25 – Cor de Jesús,2051,12:29
1 – Estació d’Autobusos,27 – UMH / Pavelló d’Esports,2043,07:46
13 – Jardí del 1r de Maig,2 – Oficina de Turisme,2041,09:03
8 – Polivalent de Carrús,11 – Plaça de Crevillent,2037,07:33
29 – Casablanca,1 – Estació d’Autobusos,2033,06:53
22 – Av. Llauradors / Eslava,6 – Ajuntament,2032,09:27
23 – Conrado del Campo / Trinquet,11 – Plaça de Crevillent,2027,06:04
18 – Poliesportiu d’Altabix,3 – Plaça de la Llotja,2026,11:26
3 – Plaça de la Llotja,8 – Polivalent de Carrús,2023,14:31
28 – Passeig de les Germanies,6 – Ajuntament,2021,05:35
6 – Ajuntament,54 – Plaza de Benidorm,2019,07:44
34 – Hospital General,30 – Squash,2018,12:11
34 – Hospital General,44 – Portes Encarnades,2009,06:26
22 – Av. Llauradors / Eslava,28 – Passeig de les Germanies,2008,06:42
26 – UMH / Escola Oficial d’Idiomes,8 – Polivalent de Carrús,1999,12:43
15 – Av. Llibertat / Reina Victòria,40 – C.P. Baix Vinalopó,1986,07:44
15 – Av. Llibertat / Reina Victòria,25 – Cor de Jesús,1982,07:09
7 – Pavelló Municipal,12 – Ambulatori de Sant Fermí,1978,15:06
8 – Polivalent de Carrús,32 – Centre de Salut d’Altabix,1973,16:11
44 – Portes Encarnades,34 – Hospital General,1969,06:16
12 – Ambulatori de Sant Fermí,34 – Hospital General,1955,14:09
34 – Hospital General,25 – Cor de Jesús,1945,12:49
25 – Cor de Jesús,19 – Jesuïtines,1931,07:54
3 – Plaça de la Llotja,10 – L’Escorxador,1927,11:14
3 – Plaça de la Llotja,14 – Comissaria,1920,07:21
19 – Jesuïtines,28 – Passeig de les Germanies,1919,08:23
20 – Antoni Mena / Fra Jaume Torres,44 – Portes Encarnades,1918,07:07
29 – Casablanca,33 – Av. Libertat / l’Aljub,1912,11:37
18 – Poliesportiu d’Altabix,14 – Comissaria,1910,13:48
2 – Oficina de Turisme,36 – I.E.S. Victoria Kent,1905,11:07
25 – Cor de Jesús,5 – Centre de Congressos,1904,07:16
28 – Passeig de les Germanies,14 – Comissaria,1901,08:17
8 – Polivalent de Carrús,20 – Antoni Mena / Fra Jaume Torres,1899,09:14
14 – Comissaria,28 – Passeig de les Germanies,1892,10:04
36 – I.E.S. Victoria Kent,19 – Jesuïtines,1884,10:15
13 – Jardí del 1r de Maig,3 – Plaça de la Llotja,1877,13:07
12 – Ambulatori de Sant Fermí,16 – Jardí d’Asp,1877,09:40
40 – C.P. Baix Vinalopó,15 – Av. Llibertat / Reina Victòria,1867,07:41
26 – UMH / Escola Oficial d’Idiomes,20 – Antoni Mena / Fra Jaume Torres,1863,14:15
21 – C.P. Mariano Benlliure,4 – Plaça del Raval,1862,07:47
40 – C.P. Baix Vinalopó,11 – Plaça de Crevillent,1862,09:04
12 – Ambulatori de Sant Fermí,13 – Jardí del 1r de Maig,1861,08:02
30 – Squash,19 – Jesuïtines,1860,13:04
30 – Squash,12 – Ambulatori de Sant Fermí,1858,18:11
8 – Polivalent de Carrús,1 – Estació d’Autobusos,1856,10:32
12 – Ambulatori de Sant Fermí,10 – L’Escorxador,1855,12:22
38 – Poliesportiu de Carrús,2 – Oficina de Turisme,1851,09:10
12 – Ambulatori de Sant Fermí,22 – Av. Llauradors / Eslava,1845,09:57
11 – Plaça de Crevillent,22 – Av. Llauradors / Eslava,1845,06:53
27 – UMH / Pavelló d’Esports,25 – Cor de Jesús,1835,13:32
3 – Plaça de la Llotja,7 – Pavelló Municipal,1834,09:09
11 – Plaça de Crevillent,23 – Conrado del Campo / Trinquet,1831,06:05
28 – Passeig de les Germanies,10 – L’Escorxador,1830,08:15
34 – Hospital General,28 – Passeig de les Germanies,1826,11:29
7 – Pavelló Municipal,32 – Centre de Salut d’Altabix,1825,06:36
33 – Av. Libertat / l’Aljub,2 – Oficina de Turisme,1814,13:54
15 – Av. Llibertat / Reina Victòria,32 – Centre de Salut d’Altabix,1813,15:07
13 – Jardí del 1r de Maig,6 – Ajuntament,1802,09:55
16 – Jardí d’Asp,2 – Oficina de Turisme,1795,10:57
14 – Comissaria,30 – Squash,1794,10:58
30 – Squash,17 – Plaça de Castella,1791,07:59
40 – C.P. Baix Vinalopó,28 – Passeig de les Germanies,1785,06:45
22 – Av. Llauradors / Eslava,39 – Francesc Cantó,1782,15:21
5 – Centre de Congressos,23 – Conrado del Campo / Trinquet,1782,09:31
28 – Passeig de les Germanies,9 – Biblioteca de Sant Josep,1780,03:37
11 – Plaça de Crevillent,16 – Jardí d’Asp,1766,11:20
25 – Cor de Jesús,15 – Av. Llibertat / Reina Victòria,1766,07:37
26 – UMH / Escola Oficial d’Idiomes,27 – UMH / Pavelló d’Esports,1761,06:58
9 – Biblioteca de Sant Josep,1 – Estació d’Autobusos,1755,12:08
5 – Centre de Congressos,30 – Squash,1752,13:04
11 – Plaça de Crevillent,20 – Antoni Mena / Fra Jaume Torres,1751,05:03
49 – Av. Alicante 59,19 – Jesuïtines,1749,07:08
1 – Estació d’Autobusos,8 – Polivalent de Carrús,1742,10:44
9 – Biblioteca de Sant Josep,33 – Av. Libertat / l’Aljub,1737,09:37
26 – UMH / Escola Oficial d’Idiomes,9 – Biblioteca de Sant Josep,1735,12:15
54 – Plaza de Benidorm,19 – Jesuïtines,1727,04:38
32 – Centre de Salut d’Altabix,14 – Comissaria,1724,09:23
2 – Oficina de Turisme,22 – Av. Llauradors / Eslava,1722,11:54
15 – Av. Llibertat / Reina Victòria,20 – Antoni Mena / Fra Jaume Torres,1721,06:36
3 – Plaça de la Llotja,9 – Biblioteca de Sant Josep,1711,11:58
25 – Cor de Jesús,32 – Centre de Salut d’Altabix,1702,13:16
34 – Hospital General,31 – Sant Antoni,1699,06:48
25 – Cor de Jesús,12 – Ambulatori de Sant Fermí,1696,06:27
5 – Centre de Congressos,25 – Cor de Jesús,1693,07:41
8 – Polivalent de Carrús,25 – Cor de Jesús,1688,07:42
11 – Plaça de Crevillent,14 – Comissaria,1681,10:48
6 – Ajuntament,40 – C.P. Baix Vinalopó,1677,07:05
25 – Cor de Jesús,27 – UMH / Pavelló d’Esports,1672,13:16
46 – UMH / Rectorado,2 – Oficina de Turisme,1672,07:42
6 – Ajuntament,30 – Squash,1665,14:45
13 – Jardí del 1r de Maig,27 – UMH / Pavelló d’Esports,1659,10:45
15 – Av. Llibertat / Reina Victòria,21 – C.P. Mariano Benlliure,1657,05:38
21 – C.P. Mariano Benlliure,25 – Cor de Jesús,1656,09:10
29 – Casablanca,6 – Ajuntament,1654,07:17
45 – Plaça de Barcelona,5 – Centre de Congressos,1651,09:22
7 – Pavelló Municipal,5 – Centre de Congressos,1649,14:41
14 – Comissaria,17 – Plaça de Castella,1649,13:33
5 – Centre de Congressos,21 – C.P. Mariano Benlliure,1648,11:07
27 – UMH / Pavelló d’Esports,26 – UMH / Escola Oficial d’Idiomes,1641,07:18
13 – Jardí del 1r de Maig,26 – UMH / Escola Oficial d’Idiomes,1636,10:34
20 – Antoni Mena / Fra Jaume Torres,33 – Av. Libertat / l’Aljub,1629,06:08
13 – Jardí del 1r de Maig,33 – Av. Libertat / l’Aljub,1628,10:17
8 – Polivalent de Carrús,28 – Passeig de les Germanies,1626,09:39
32 – Centre de Salut d’Altabix,11 – Plaça de Crevillent,1625,16:49
5 – Centre de Congressos,17 – Plaça de Castella,1625,13:34
44 – Portes Encarnades,21 – C.P. Mariano Benlliure,1618,07:23
27 – UMH / Pavelló d’Esports,1 – Estació d’Autobusos,1616,07:33
28 – Passeig de les Germanies,35 – Hospital del Vinalopó,1616,10:00
13 – Jardí del 1r de Maig,11 – Plaça de Crevillent,1615,09:18
14 – Comissaria,3 – Plaça de la Llotja,1615,07:56
7 – Pavelló Municipal,3 – Plaça de la Llotja,1613,09:33
32 – Centre de Salut d’Altabix,15 – Av. Llibertat / Reina Victòria,1610,15:46
18 – Poliesportiu d’Altabix,30 – Squash,1610,08:24
2 – Oficina de Turisme,20 – Antoni Mena / Fra Jaume Torres,1604,12:28
33 – Av. Libertat / l’Aljub,6 – Ajuntament,1599,11:27
40 – C.P. Baix Vinalopó,20 – Antoni Mena / Fra Jaume Torres,1598,09:17
30 – Squash,5 – Centre de Congressos,1589,13:09
23 – Conrado del Campo / Trinquet,34 – Hospital General,1583,10:16
44 – Portes Encarnades,55 – Pere Joan Perpinyà,1581,05:23
28 – Passeig de les Germanies,40 – C.P. Baix Vinalopó,1579,08:09
13 – Jardí del 1r de Maig,15 – Av. Llibertat / Reina Victòria,1574,08:55
6 – Ajuntament,25 – Cor de Jesús,1571,05:21
38 – Poliesportiu de Carrús,26 – UMH / Escola Oficial d’Idiomes,1571,07:39
44 – Portes Encarnades,20 – Antoni Mena / Fra Jaume Torres,1562,07:14
49 – Av. Alicante 59,6 – Ajuntament,1557,10:05
10 – L’Escorxador,3 – Plaça de la Llotja,1557,12:44
32 – Centre de Salut d’Altabix,8 – Polivalent de Carrús,1557,17:21
10 – L’Escorxador,28 – Passeig de les Germanies,1555,09:32
5 – Centre de Congressos,44 – Portes Encarnades,1555,05:16
13 – Jardí del 1r de Maig,36 – I.E.S. Victoria Kent,1543,16:32
5 – Centre de Congressos,19 – Jesuïtines,1542,04:49
11 – Plaça de Crevillent,15 – Av. Llibertat / Reina Victòria,1540,05:30
2 – Oficina de Turisme,46 – UMH / Rectorado,1537,07:56
3 – Plaça de la Llotja,39 – Francesc Cantó,1530,13:49
14 – Comissaria,11 – Plaça de Crevillent,1525,13:36
19 – Jesuïtines,7 – Pavelló Municipal,1523,12:13
3 – Plaça de la Llotja,23 – Conrado del Campo / Trinquet,1521,15:06
4 – Plaça del Raval,27 – UMH / Pavelló d’Esports,1521,15:34
5 – Centre de Congressos,33 – Av. Libertat / l’Aljub,1519,12:38
50 – Borreguet,5 – Centre de Congressos,1516,03:18
28 – Passeig de les Germanies,27 – UMH / Pavelló d’Esports,1510,14:56
13 – Jardí del 1r de Maig,8 – Polivalent de Carrús,1507,08:29
16 – Jardí d’Asp,6 – Ajuntament,1502,10:11
21 – C.P. Mariano Benlliure,12 – Ambulatori de Sant Fermí,1501,09:29
18 – Poliesportiu d’Altabix,19 – Jesuïtines,1497,13:22
11 – Plaça de Crevillent,32 – Centre de Salut d’Altabix,1497,18:02
10 – L’Escorxador,25 – Cor de Jesús,1496,11:18
16 – Jardí d’Asp,4 – Plaça del Raval,1495,11:54
9 – Biblioteca de Sant Josep,12 – Ambulatori de Sant Fermí,1491,10:47
23 – Conrado del Campo / Trinquet,19 – Jesuïtines,1486,11:34
16 – Jardí d’Asp,26 – UMH / Escola Oficial d’Idiomes,1486,11:51
46 – UMH / Rectorado,12 – Ambulatori de Sant Fermí,1484,10:06
20 – Antoni Mena / Fra Jaume Torres,11 – Plaça de Crevillent,1481,05:57
25 – Cor de Jesús,6 – Ajuntament,1475,05:13
40 – C.P. Baix Vinalopó,33 – Av. Libertat / l’Aljub,1472,10:47
7 – Pavelló Municipal,18 – Poliesportiu d’Altabix,1470,06:07
31 – Sant Antoni,34 – Hospital General,1468,06:16
16 – Jardí d’Asp,39 – Francesc Cantó,1468,05:03
17 – Plaça de Castella,15 – Av. Llibertat / Reina Victòria,1459,16:54
7 – Pavelló Municipal,19 – Jesuïtines,1457,12:36
2 – Oficina de Turisme,29 – Casablanca,1456,08:16
22 – Av. Llauradors / Eslava,12 – Ambulatori de Sant Fermí,1454,12:19
26 – UMH / Escola Oficial d’Idiomes,30 – Squash,1450,12:01
1 – Estació d’Autobusos,29 – Casablanca,1447,10:09
11 – Plaça de Crevillent,8 – Polivalent de Carrús,1447,08:23
21 – C.P. Mariano Benlliure,28 – Passeig de les Germanies,1444,07:38
16 – Jardí d’Asp,15 – Av. Llibertat / Reina Victòria,1443,09:06
33 – Av. Libertat / l’Aljub,9 – Biblioteca de Sant Josep,1442,09:59
33 – Av. Libertat / l’Aljub,5 – Centre de Congressos,1441,12:25
19 – Jesuïtines,53 – C.P. Victor Pradera,1441,07:44
19 – Jesuïtines,18 – Poliesportiu d’Altabix,1437,14:59
8 – Polivalent de Carrús,22 – Av. Llauradors / Eslava,1435,13:07
17 – Plaça de Castella,28 – Passeig de les Germanies,1433,15:43
40 – C.P. Baix Vinalopó,9 – Biblioteca de Sant Josep,1414,07:05
33 – Av. Libertat / l’Aljub,23 – Conrado del Campo / Trinquet,1413,08:42
15 – Av. Llibertat / Reina Victòria,34 – Hospital General,1412,12:45
4 – Plaça del Raval,23 – Conrado del Campo / Trinquet,1411,07:01
20 – Antoni Mena / Fra Jaume Torres,1 – Estació d’Autobusos,1410,14:33
23 – Conrado del Campo / Trinquet,9 – Biblioteca de Sant Josep,1410,04:22
6 – Ajuntament,33 – Av. Libertat / l’Aljub,1408,12:16
8 – Polivalent de Carrús,13 – Jardí del 1r de Maig,1407,08:17
15 – Av. Llibertat / Reina Victòria,22 – Av. Llauradors / Eslava,1403,10:08
33 – Av. Libertat / l’Aljub,40 – C.P. Baix Vinalopó,1403,11:55
38 – Poliesportiu de Carrús,25 – Cor de Jesús,1395,07:52
27 – UMH / Pavelló d’Esports,4 – Plaça del Raval,1392,14:23
34 – Hospital General,23 – Conrado del Campo / Trinquet,1392,11:12
36 – I.E.S. Victoria Kent,30 – Squash,1391,05:38
23 – Conrado del Campo / Trinquet,5 – Centre de Congressos,1387,09:38
33 – Av. Libertat / l’Aljub,4 – Plaça del Raval,1385,12:13
3 – Plaça de la Llotja,22 – Av. Llauradors / Eslava,1384,16:17
18 – Poliesportiu d’Altabix,25 – Cor de Jesús,1383,15:08
45 – Plaça de Barcelona,3 – Plaça de la Llotja,1379,15:49
36 – I.E.S. Victoria Kent,2 – Oficina de Turisme,1378,10:53
20 – Antoni Mena / Fra Jaume Torres,40 – C.P. Baix Vinalopó,1378,10:27
4 – Plaça del Raval,10 – L’Escorxador,1377,06:16
7 – Pavelló Municipal,25 – Cor de Jesús,1377,16:10
29 – Casablanca,4 – Plaça del Raval,1371,11:35
6 – Ajuntament,14 – Comissaria,1369,07:14
28 – Passeig de les Germanies,15 – Av. Llibertat / Reina Victòria,1366,07:26
6 – Ajuntament,36 – I.E.S. Victoria Kent,1365,11:57
13 – Jardí del 1r de Maig,28 – Passeig de les Germanies,1365,08:48
13 – Jardí del 1r de Maig,32 – Centre de Salut d’Altabix,1364,14:57
1 – Estació d’Autobusos,11 – Plaça de Crevillent,1363,11:56
5 – Centre de Congressos,45 – Plaça de Barcelona,1360,09:46
20 – Antoni Mena / Fra Jaume Torres,26 – UMH / Escola Oficial d’Idiomes,1357,15:59
8 – Polivalent de Carrús,5 – Centre de Congressos,1354,12:11
30 – Squash,36 – I.E.S. Victoria Kent,1350,05:18
32 – Centre de Salut d’Altabix,4 – Plaça del Raval,1350,13:59
5 – Centre de Congressos,20 – Antoni Mena / Fra Jaume Torres,1349,11:25
22 – Av. Llauradors / Eslava,16 – Jardí d’Asp,1348,19:26
30 – Squash,26 – UMH / Escola Oficial d’Idiomes,1346,12:04
14 – Comissaria,19 – Jesuïtines,1346,04:51
14 – Comissaria,6 – Ajuntament,1341,08:31
12 – Ambulatori de Sant Fermí,8 – Polivalent de Carrús,1341,06:54
25 – Cor de Jesús,10 – L’Escorxador,1341,10:00
33 – Av. Libertat / l’Aljub,20 – Antoni Mena / Fra Jaume Torres,1337,06:29
25 – Cor de Jesús,7 – Pavelló Municipal,1336,15:40
21 – C.P. Mariano Benlliure,5 – Centre de Congressos,1336,12:56
40 – C.P. Baix Vinalopó,7 – Pavelló Municipal,1335,12:23
19 – Jesuïtines,15 – Av. Llibertat / Reina Victòria,1322,11:35
18 – Poliesportiu d’Altabix,27 – UMH / Pavelló d’Esports,1320,08:40
22 – Av. Llauradors / Eslava,11 – Plaça de Crevillent,1319,07:55
4 – Plaça del Raval,22 – Av. Llauradors / Eslava,1317,09:19
16 – Jardí d’Asp,1 – Estació d’Autobusos,1316,10:56
53 – C.P. Victor Pradera,12 – Ambulatori de Sant Fermí,1311,10:23
16 – Jardí d’Asp,23 – Conrado del Campo / Trinquet,1309,13:22
1 – Estació d’Autobusos,24 – Policia Local,1308,11:57
38 – Poliesportiu de Carrús,32 – Centre de Salut d’Altabix,1307,14:20
23 – Conrado del Campo / Trinquet,33 – Av. Libertat / l’Aljub,1304,08:15
4 – Plaça del Raval,33 – Av. Libertat / l’Aljub,1304,11:37
14 – Comissaria,32 – Centre de Salut d’Altabix,1303,09:42
12 – Ambulatori de Sant Fermí,53 – C.P. Victor Pradera,1302,11:10
5 – Centre de Congressos,22 – Av. Llauradors / Eslava,1290,10:13
4 – Plaça del Raval,20 – Antoni Mena / Fra Jaume Torres,1282,08:37
6 – Ajuntament,49 – Av. Alicante 59,1279,10:27
33 – Av. Libertat / l’Aljub,22 – Av. Llauradors / Eslava,1274,08:30
7 – Pavelló Municipal,17 – Plaça de Castella,1271,05:24
22 – Av. Llauradors / Eslava,21 – C.P. Mariano Benlliure,1270,06:06
9 – Biblioteca de Sant Josep,26 – UMH / Escola Oficial d’Idiomes,1268,13:02
13 – Jardí del 1r de Maig,5 – Centre de Congressos,1266,11:46
40 – C.P. Baix Vinalopó,46 – UMH / Rectorado,1264,07:40
29 – Casablanca,12 – Ambulatori de Sant Fermí,1262,07:13
26 – UMH / Escola Oficial d’Idiomes,38 – Poliesportiu de Carrús,1254,10:11
30 – Squash,37 – Hort de Travaló,1254,06:26
19 – Jesuïtines,50 – Borreguet,1253,05:16
23 – Conrado del Campo / Trinquet,3 – Plaça de la Llotja,1252,15:58
53 – C.P. Victor Pradera,2 – Oficina de Turisme,1250,08:10
34 – Hospital General,10 – L’Escorxador,1249,05:12
14 – Comissaria,25 – Cor de Jesús,1249,09:36
4 – Plaça del Raval,9 – Biblioteca de Sant Josep,1247,06:23
17 – Plaça de Castella,36 – I.E.S. Victoria Kent,1245,06:39
9 – Biblioteca de Sant Josep,4 – Plaça del Raval,1244,06:18
5 – Centre de Congressos,46 – UMH / Rectorado,1243,09:54
6 – Ajuntament,5 – Centre de Congressos,1242,07:31
53 – C.P. Victor Pradera,19 – Jesuïtines,1242,07:23
17 – Plaça de Castella,7 – Pavelló Municipal,1238,05:22
34 – Hospital General,22 – Av. Llauradors / Eslava,1237,12:14
2 – Oficina de Turisme,34 – Hospital General,1236,09:42
19 – Jesuïtines,5 – Centre de Congressos,1236,06:09
10 – L’Escorxador,19 – Jesuïtines,1235,06:55
6 – Ajuntament,7 – Pavelló Municipal,1232,15:39
29 – Casablanca,3 – Plaça de la Llotja,1232,11:16
34 – Hospital General,12 – Ambulatori de Sant Fermí,1231,16:28
14 – Comissaria,18 – Poliesportiu d’Altabix,1230,16:32
5 – Centre de Congressos,50 – Borreguet,1230,03:53
53 – C.P. Victor Pradera,17 – Plaça de Castella,1220,06:17
28 – Passeig de les Germanies,44 – Portes Encarnades,1216,06:47
15 – Av. Llibertat / Reina Victòria,4 – Plaça del Raval,1216,08:46
7 – Pavelló Municipal,26 – UMH / Escola Oficial d’Idiomes,1214,09:21
1 – Estació d’Autobusos,26 – UMH / Escola Oficial d’Idiomes,1213,04:24
27 – UMH / Pavelló d’Esports,28 – Passeig de les Germanies,1213,14:20
22 – Av. Llauradors / Eslava,15 – Av. Llibertat / Reina Victòria,1210,11:31
21 – C.P. Mariano Benlliure,44 – Portes Encarnades,1210,08:09
4 – Plaça del Raval,32 – Centre de Salut d’Altabix,1209,14:11
15 – Av. Llibertat / Reina Victòria,17 – Plaça de Castella,1206,16:49
10 – L’Escorxador,4 – Plaça del Raval,1203,06:44
3 – Plaça de la Llotja,45 – Plaça de Barcelona,1203,11:48
40 – C.P. Baix Vinalopó,53 – C.P. Victor Pradera,1199,08:39
2 – Oficina de Turisme,13 – Jardí del 1r de Maig,1198,11:26
1 – Estació d’Autobusos,23 – Conrado del Campo / Trinquet,1196,12:09
29 – Casablanca,26 – UMH / Escola Oficial d’Idiomes,1196,08:38
6 – Ajuntament,46 – UMH / Rectorado,1196,10:15
40 – C.P. Baix Vinalopó,43 – Palmerars – Ciutat de la Justícia,1193,11:50
10 – L’Escorxador,34 – Hospital General,1193,04:44
40 – C.P. Baix Vinalopó,19 – Jesuïtines,1187,07:40
2 – Oficina de Turisme,53 – C.P. Victor Pradera,1186,08:27
32 – Centre de Salut d’Altabix,33 – Av. Libertat / l’Aljub,1185,18:25
6 – Ajuntament,35 – Hospital del Vinalopó,1184,12:42
15 – Av. Llibertat / Reina Victòria,23 – Conrado del Campo / Trinquet,1179,08:08
27 – UMH / Pavelló d’Esports,15 – Av. Llibertat / Reina Victòria,1177,16:06
13 – Jardí del 1r de Maig,1 – Estació d’Autobusos,1177,09:31
8 – Polivalent de Carrús,17 – Plaça de Castella,1176,17:26
11 – Plaça de Crevillent,13 – Jardí del 1r de Maig,1174,13:22
54 – Plaza de Benidorm,34 – Hospital General,1172,07:43
23 – Conrado del Campo / Trinquet,1 – Estació d’Autobusos,1168,12:57
16 – Jardí d’Asp,27 – UMH / Pavelló d’Esports,1166,12:55
5 – Centre de Congressos,7 – Pavelló Municipal,1165,14:43
38 – Poliesportiu de Carrús,40 – C.P. Baix Vinalopó,1154,06:22
22 – Av. Llauradors / Eslava,3 – Plaça de la Llotja,1151,16:57
19 – Jesuïtines,23 – Conrado del Campo / Trinquet,1151,11:04
31 – Sant Antoni,30 – Squash,1150,08:05
27 – UMH / Pavelló d’Esports,18 – Poliesportiu d’Altabix,1145,11:06
44 – Portes Encarnades,33 – Av. Libertat / l’Aljub,1143,10:04
22 – Av. Llauradors / Eslava,33 – Av. Libertat / l’Aljub,1133,08:41
8 – Polivalent de Carrús,29 – Casablanca,1131,08:05
30 – Squash,6 – Ajuntament,1131,16:49
46 – UMH / Rectorado,40 – C.P. Baix Vinalopó,1129,08:13
53 – C.P. Victor Pradera,40 – C.P. Baix Vinalopó,1126,09:38
25 – Cor de Jesús,8 – Polivalent de Carrús,1125,09:09
9 – Biblioteca de Sant Josep,21 – C.P. Mariano Benlliure,1124,06:31
8 – Polivalent de Carrús,33 – Av. Libertat / l’Aljub,1124,08:07
17 – Plaça de Castella,8 – Polivalent de Carrús,1123,16:21
25 – Cor de Jesús,28 – Passeig de les Germanies,1121,06:05
1 – Estació d’Autobusos,36 – I.E.S. Victoria Kent,1120,09:59
30 – Squash,31 – Sant Antoni,1120,06:59
15 – Av. Llibertat / Reina Victòria,35 – Hospital del Vinalopó,1120,09:00
33 – Av. Libertat / l’Aljub,44 – Portes Encarnades,1119,10:41
32 – Centre de Salut d’Altabix,31 – Sant Antoni,1113,06:43
28 – Passeig de les Germanies,54 – Plaza de Benidorm,1113,10:03
21 – C.P. Mariano Benlliure,22 – Av. Llauradors / Eslava,1112,05:33
39 – Francesc Cantó,3 – Plaça de la Llotja,1112,16:04
21 – C.P. Mariano Benlliure,15 – Av. Llibertat / Reina Victòria,1111,06:38
20 – Antoni Mena / Fra Jaume Torres,22 – Av. Llauradors / Eslava,1111,05:11
12 – Ambulatori de Sant Fermí,46 – UMH / Rectorado,1110,10:03
8 – Polivalent de Carrús,15 – Av. Llibertat / Reina Victòria,1110,07:47
4 – Plaça del Raval,24 – Policia Local,1108,16:16
2 – Oficina de Turisme,56 – UMH / Torre Vaillo,1104,07:32
1 – Estació d’Autobusos,33 – Av. Libertat / l’Aljub,1102,13:19
36 – I.E.S. Victoria Kent,6 – Ajuntament,1099,13:26
23 – Conrado del Campo / Trinquet,4 – Plaça del Raval,1098,06:28
30 – Squash,18 – Poliesportiu d’Altabix,1096,10:33
24 – Policia Local,2 – Oficina de Turisme,1088,13:13
9 – Biblioteca de Sant Josep,28 – Passeig de les Germanies,1086,05:42
32 – Centre de Salut d’Altabix,36 – I.E.S. Victoria Kent,1082,05:11
22 – Av. Llauradors / Eslava,4 – Plaça del Raval,1078,08:03
22 – Av. Llauradors / Eslava,25 – Cor de Jesús,1078,09:36
2 – Oficina de Turisme,45 – Plaça de Barcelona,1076,08:18
1 – Estació d’Autobusos,20 – Antoni Mena / Fra Jaume Torres,1074,12:49
47 – C.P. Virgen de la Asunción,11 – Plaça de Crevillent,1072,03:30
26 – UMH / Escola Oficial d’Idiomes,7 – Pavelló Municipal,1072,10:21
9 – Biblioteca de Sant Josep,23 – Conrado del Campo / Trinquet,1071,05:19
53 – C.P. Victor Pradera,6 – Ajuntament,1069,10:21
33 – Av. Libertat / l’Aljub,32 – Centre de Salut d’Altabix,1065,19:10
7 – Pavelló Municipal,40 – C.P. Baix Vinalopó,1064,13:04
24 – Policia Local,12 – Ambulatori de Sant Fermí,1063,15:50
9 – Biblioteca de Sant Josep,3 – Plaça de la Llotja,1063,13:11
29 – Casablanca,9 – Biblioteca de Sant Josep,1060,07:42
21 – C.P. Mariano Benlliure,2 – Oficina de Turisme,1060,12:21
14 – Comissaria,36 – I.E.S. Victoria Kent,1059,07:26
38 – Poliesportiu de Carrús,15 – Av. Llibertat / Reina Victòria,1056,11:31
20 – Antoni Mena / Fra Jaume Torres,5 – Centre de Congressos,1055,11:47
19 – Jesuïtines,10 – L’Escorxador,1054,07:27
3 – Plaça de la Llotja,13 – Jardí del 1r de Maig,1051,14:54
28 – Passeig de les Germanies,36 – I.E.S. Victoria Kent,1049,13:18
29 – Casablanca,20 – Antoni Mena / Fra Jaume Torres,1047,10:30
7 – Pavelló Municipal,6 – Ajuntament,1045,15:33
40 – C.P. Baix Vinalopó,5 – Centre de Congressos,1044,07:44
45 – Plaça de Barcelona,6 – Ajuntament,1044,08:48
35 – Hospital del Vinalopó,20 – Antoni Mena / Fra Jaume Torres,1043,06:20
9 – Biblioteca de Sant Josep,22 – Av. Llauradors / Eslava,1038,06:42
32 – Centre de Salut d’Altabix,13 – Jardí del 1r de Maig,1037,16:17
28 – Passeig de les Germanies,8 – Polivalent de Carrús,1037,11:24
25 – Cor de Jesús,34 – Hospital General,1037,12:37
24 – Policia Local,4 – Plaça del Raval,1036,17:36
36 – I.E.S. Victoria Kent,42 – Multi Aventura Travaló,1033,05:19
36 – I.E.S. Victoria Kent,14 – Comissaria,1032,06:54
11 – Plaça de Crevillent,35 – Hospital del Vinalopó,1032,07:28
19 – Jesuïtines,1 – Estació d’Autobusos,1031,06:28
33 – Av. Libertat / l’Aljub,29 – Casablanca,1028,14:12
29 – Casablanca,32 – Centre de Salut d’Altabix,1027,12:33
34 – Hospital General,2 – Oficina de Turisme,1026,11:05
27 – UMH / Pavelló d’Esports,13 – Jardí del 1r de Maig,1026,12:23
5 – Centre de Congressos,6 – Ajuntament,1025,07:21
33 – Av. Libertat / l’Aljub,26 – UMH / Escola Oficial d’Idiomes,1025,15:06
35 – Hospital del Vinalopó,9 – Biblioteca de Sant Josep,1021,10:41
44 – Portes Encarnades,11 – Plaça de Crevillent,1019,08:52
27 – UMH / Pavelló d’Esports,9 – Biblioteca de Sant Josep,1019,15:11
19 – Jesuïtines,22 – Av. Llauradors / Eslava,1017,13:14
17 – Plaça de Castella,11 – Plaça de Crevillent,1016,18:12
18 – Poliesportiu d’Altabix,34 – Hospital General,1015,15:41
5 – Centre de Congressos,36 – I.E.S. Victoria Kent,1015,10:23
26 – UMH / Escola Oficial d’Idiomes,24 – Policia Local,1014,11:24
16 – Jardí d’Asp,13 – Jardí del 1r de Maig,1011,08:21
1 – Estació d’Autobusos,30 – Squash,1009,13:12
1 – Estació d’Autobusos,19 – Jesuïtines,1008,06:17
44 – Portes Encarnades,28 – Passeig de les Germanies,1007,06:52
13 – Jardí del 1r de Maig,20 – Antoni Mena / Fra Jaume Torres,1006,09:43
56 – UMH / Torre Vaillo,2 – Oficina de Turisme,1002,07:06
17 – Plaça de Castella,9 – Biblioteca de Sant Josep,1002,17:27
54 – Plaza de Benidorm,9 – Biblioteca de Sant Josep,998,10:22
8 – Polivalent de Carrús,4 – Plaça del Raval,996,11:45
8 – Polivalent de Carrús,36 – I.E.S. Victoria Kent,994,17:51
44 – Portes Encarnades,6 – Ajuntament,993,07:09
36 – I.E.S. Victoria Kent,5 – Centre de Congressos,991,11:14
28 – Passeig de les Germanies,16 – Jardí d’Asp,990,13:49
33 – Av. Libertat / l’Aljub,13 – Jardí del 1r de Maig,987,13:09
36 – I.E.S. Victoria Kent,13 – Jardí del 1r de Maig,987,21:28
28 – Passeig de les Germanies,17 – Plaça de Castella,985,16:42
6 – Ajuntament,29 – Casablanca,984,09:51
44 – Portes Encarnades,5 – Centre de Congressos,983,06:56
24 – Policia Local,26 – UMH / Escola Oficial d’Idiomes,982,10:57
25 – Cor de Jesús,18 – Poliesportiu d’Altabix,980,17:06
2 – Oficina de Turisme,16 – Jardí d’Asp,977,13:18
38 – Poliesportiu de Carrús,6 – Ajuntament,976,09:42
5 – Centre de Congressos,40 – C.P. Baix Vinalopó,975,08:48
29 – Casablanca,25 – Cor de Jesús,973,06:46
44 – Portes Encarnades,9 – Biblioteca de Sant Josep,971,04:34
34 – Hospital General,11 – Plaça de Crevillent,971,13:49
46 – UMH / Rectorado,26 – UMH / Escola Oficial d’Idiomes,970,03:49
1 – Estació d’Autobusos,45 – Plaça de Barcelona,969,08:30
15 – Av. Llibertat / Reina Victòria,27 – UMH / Pavelló d’Esports,969,15:27
35 – Hospital del Vinalopó,28 – Passeig de les Germanies,968,11:22
25 – Cor de Jesús,14 – Comissaria,968,09:25
3 – Plaça de la Llotja,20 – Antoni Mena / Fra Jaume Torres,966,16:19
40 – C.P. Baix Vinalopó,4 – Plaça del Raval,964,08:25
4 – Plaça del Raval,15 – Av. Llibertat / Reina Victòria,962,10:36
11 – Plaça de Crevillent,21 – C.P. Mariano Benlliure,960,05:47
8 – Polivalent de Carrús,9 – Biblioteca de Sant Josep,960,10:42
36 – I.E.S. Victoria Kent,32 – Centre de Salut d’Altabix,955,06:23
4 – Plaça del Raval,40 – C.P. Baix Vinalopó,955,08:46
22 – Av. Llauradors / Eslava,19 – Jesuïtines,954,13:30
28 – Passeig de les Germanies,25 – Cor de Jesús,951,05:58
2 – Oficina de Turisme,5 – Centre de Congressos,949,07:10
54 – Plaza de Benidorm,28 – Passeig de les Germanies,949,10:48
27 – UMH / Pavelló d’Esports,11 – Plaça de Crevillent,947,16:07
10 – L’Escorxador,12 – Ambulatori de Sant Fermí,945,14:50
21 – C.P. Mariano Benlliure,9 – Biblioteca de Sant Josep,945,07:04
20 – Antoni Mena / Fra Jaume Torres,2 – Oficina de Turisme,944,13:54
36 – I.E.S. Victoria Kent,17 – Plaça de Castella,942,08:50
20 – Antoni Mena / Fra Jaume Torres,29 – Casablanca,941,12:12
15 – Av. Llibertat / Reina Victòria,16 – Jardí d’Asp,938,11:17
30 – Squash,42 – Multi Aventura Travaló,936,06:32
46 – UMH / Rectorado,6 – Ajuntament,930,10:32
38 – Poliesportiu de Carrús,17 – Plaça de Castella,930,15:12
22 – Av. Llauradors / Eslava,9 – Biblioteca de Sant Josep,929,06:00
36 – I.E.S. Victoria Kent,4 – Plaça del Raval,928,14:17
31 – Sant Antoni,8 – Polivalent de Carrús,925,21:27
32 – Centre de Salut d’Altabix,38 – Poliesportiu de Carrús,924,15:50
19 – Jesuïtines,40 – C.P. Baix Vinalopó,923,08:20
44 – Portes Encarnades,25 – Cor de Jesús,922,09:31
6 – Ajuntament,10 – L’Escorxador,922,08:43
8 – Polivalent de Carrús,19 – Jesuïtines,922,12:54
55 – Pere Joan Perpinyà,44 – Portes Encarnades,921,06:01
17 – Plaça de Castella,4 – Plaça del Raval,918,16:24
1 – Estació d’Autobusos,10 – L’Escorxador,912,09:51
12 – Ambulatori de Sant Fermí,36 – I.E.S. Victoria Kent,912,15:10
36 – I.E.S. Victoria Kent,1 – Estació d’Autobusos,910,09:56
40 – C.P. Baix Vinalopó,21 – C.P. Mariano Benlliure,910,10:47
36 – I.E.S. Victoria Kent,37 – Hort de Travaló,909,07:39
55 – Pere Joan Perpinyà,35 – Hospital del Vinalopó,908,05:57
39 – Francesc Cantó,52 – Centro salud el Toscar,904,04:50
13 – Jardí del 1r de Maig,19 – Jesuïtines,904,11:38
40 – C.P. Baix Vinalopó,54 – Plaza de Benidorm,903,09:05
45 – Plaça de Barcelona,2 – Oficina de Turisme,903,07:45
33 – Av. Libertat / l’Aljub,19 – Jesuïtines,902,14:22
36 – I.E.S. Victoria Kent,12 – Ambulatori de Sant Fermí,901,16:34
23 – Conrado del Campo / Trinquet,2 – Oficina de Turisme,901,11:42
35 – Hospital del Vinalopó,11 – Plaça de Crevillent,898,08:22
54 – Plaza de Benidorm,1 – Estació d’Autobusos,897,05:51
12 – Ambulatori de Sant Fermí,35 – Hospital del Vinalopó,897,11:29
1 – Estació d’Autobusos,7 – Pavelló Municipal,895,10:30
8 – Polivalent de Carrús,16 – Jardí d’Asp,895,07:32
26 – UMH / Escola Oficial d’Idiomes,16 – Jardí d’Asp,895,13:45
26 – UMH / Escola Oficial d’Idiomes,50 – Borreguet,893,08:42
3 – Plaça de la Llotja,31 – Sant Antoni,893,08:11
5 – Centre de Congressos,43 – Palmerars – Ciutat de la Justícia,892,06:54
29 – Casablanca,17 – Plaça de Castella,890,14:17
20 – Antoni Mena / Fra Jaume Torres,3 – Plaça de la Llotja,889,18:00
22 – Av. Llauradors / Eslava,2 – Oficina de Turisme,888,12:41
12 – Ambulatori de Sant Fermí,24 – Policia Local,888,16:34
17 – Plaça de Castella,20 – Antoni Mena / Fra Jaume Torres,887,19:20
15 – Av. Llibertat / Reina Victòria,8 – Polivalent de Carrús,887,09:59
6 – Ajuntament,44 – Portes Encarnades,884,07:06
19 – Jesuïtines,14 – Comissaria,883,05:20
20 – Antoni Mena / Fra Jaume Torres,35 – Hospital del Vinalopó,880,06:08
4 – Plaça del Raval,29 – Casablanca,879,17:12
24 – Policia Local,1 – Estació d’Autobusos,877,10:53
21 – C.P. Mariano Benlliure,34 – Hospital General,876,11:46
36 – I.E.S. Victoria Kent,28 – Passeig de les Germanies,875,14:59
26 – UMH / Escola Oficial d’Idiomes,33 – Av. Libertat / l’Aljub,866,14:56
2 – Oficina de Turisme,24 – Policia Local,866,14:34
25 – Cor de Jesús,44 – Portes Encarnades,866,09:43
5 – Centre de Congressos,31 – Sant Antoni,864,09:57
15 – Av. Llibertat / Reina Victòria,13 – Jardí del 1r de Maig,864,12:22
54 – Plaza de Benidorm,14 – Comissaria,860,05:29
16 – Jardí d’Asp,29 – Casablanca,859,08:05
45 – Plaça de Barcelona,33 – Av. Libertat / l’Aljub,858,09:00
35 – Hospital del Vinalopó,12 – Ambulatori de Sant Fermí,857,12:55
35 – Hospital del Vinalopó,15 – Av. Llibertat / Reina Victòria,855,09:29
23 – Conrado del Campo / Trinquet,26 – UMH / Escola Oficial d’Idiomes,854,15:26
6 – Ajuntament,55 – Pere Joan Perpinyà,854,09:10
34 – Hospital General,54 – Plaza de Benidorm,852,09:08
29 – Casablanca,15 – Av. Llibertat / Reina Victòria,851,09:43
1 – Estació d’Autobusos,22 – Av. Llauradors / Eslava,849,13:33
43 – Palmerars – Ciutat de la Justícia,5 – Centre de Congressos,846,08:27
29 – Casablanca,19 – Jesuïtines,846,10:02
19 – Jesuïtines,46 – UMH / Rectorado,845,07:48
45 – Plaça de Barcelona,1 – Estació d’Autobusos,844,08:10
45 – Plaça de Barcelona,17 – Plaça de Castella,844,15:14
41 – Dipòsit Municipal de Carrús,25 – Cor de Jesús,844,10:40
30 – Squash,2 – Oficina de Turisme,842,15:23
54 – Plaza de Benidorm,40 – C.P. Baix Vinalopó,842,09:34
12 – Ambulatori de Sant Fermí,44 – Portes Encarnades,840,11:25
51 – Ciudad deportiva zona sur,49 – Av. Alicante 59,840,04:25
13 – Jardí del 1r de Maig,29 – Casablanca,838,08:58
5 – Centre de Congressos,15 – Av. Llibertat / Reina Victòria,834,12:27
34 – Hospital General,21 – C.P. Mariano Benlliure,831,12:05
20 – Antoni Mena / Fra Jaume Torres,19 – Jesuïtines,830,13:16
17 – Plaça de Castella,31 – Sant Antoni,830,08:08
10 – L’Escorxador,6 – Ajuntament,829,09:43
5 – Centre de Congressos,2 – Oficina de Turisme,827,07:41
40 – C.P. Baix Vinalopó,14 – Comissaria,825,11:08
16 – Jardí d’Asp,9 – Biblioteca de Sant Josep,823,11:04
15 – Av. Llibertat / Reina Victòria,30 – Squash,819,19:43
11 – Plaça de Crevillent,27 – UMH / Pavelló d’Esports,819,16:51
44 – Portes Encarnades,12 – Ambulatori de Sant Fermí,819,12:39
2 – Oficina de Turisme,14 – Comissaria,819,07:19
39 – Francesc Cantó,1 – Estació d’Autobusos,817,09:45
37 – Hort de Travaló,30 – Squash,817,06:47
16 – Jardí d’Asp,38 – Poliesportiu de Carrús,816,05:06
29 – Casablanca,8 – Polivalent de Carrús,815,09:41
30 – Squash,1 – Estació d’Autobusos,814,13:20
1 – Estació d’Autobusos,54 – Plaza de Benidorm,814,06:45
14 – Comissaria,54 – Plaza de Benidorm,813,05:56
22 – Av. Llauradors / Eslava,23 – Conrado del Campo / Trinquet,812,04:25
32 – Centre de Salut d’Altabix,37 – Hort de Travaló,810,10:40
32 – Centre de Salut d’Altabix,9 – Biblioteca de Sant Josep,809,15:06
33 – Av. Libertat / l’Aljub,21 – C.P. Mariano Benlliure,806,05:36
34 – Hospital General,15 – Av. Llibertat / Reina Victòria,806,15:05
23 – Conrado del Campo / Trinquet,10 – L’Escorxador,805,06:58
35 – Hospital del Vinalopó,55 – Pere Joan Perpinyà,805,06:41
16 – Jardí d’Asp,20 – Antoni Mena / Fra Jaume Torres,804,10:30
11 – Plaça de Crevillent,1 – Estació d’Autobusos,804,12:25
32 – Centre de Salut d’Altabix,39 – Francesc Cantó,803,15:26
28 – Passeig de les Germanies,30 – Squash,803,16:15
31 – Sant Antoni,32 – Centre de Salut d’Altabix,802,07:16
21 – C.P. Mariano Benlliure,33 – Av. Libertat / l’Aljub,800,05:05
25 – Cor de Jesús,31 – Sant Antoni,799,13:25
50 – Borreguet,19 – Jesuïtines,797,04:56
19 – Jesuïtines,33 – Av. Libertat / l’Aljub,797,14:50
2 – Oficina de Turisme,30 – Squash,796,15:40
55 – Pere Joan Perpinyà,22 – Av. Llauradors / Eslava,796,04:54
21 – C.P. Mariano Benlliure,11 – Plaça de Crevillent,792,06:15
26 – UMH / Escola Oficial d’Idiomes,23 – Conrado del Campo / Trinquet,791,14:34
19 – Jesuïtines,20 – Antoni Mena / Fra Jaume Torres,789,12:48
33 – Av. Libertat / l’Aljub,1 – Estació d’Autobusos,784,14:39
14 – Comissaria,40 – C.P. Baix Vinalopó,783,11:02
33 – Av. Libertat / l’Aljub,16 – Jardí d’Asp,782,12:48
15 – Av. Llibertat / Reina Victòria,9 – Biblioteca de Sant Josep,778,08:50
24 – Policia Local,27 – UMH / Pavelló d’Esports,774,10:08
29 – Casablanca,11 – Plaça de Crevillent,774,10:19
13 – Jardí del 1r de Maig,17 – Plaça de Castella,774,15:51
9 – Biblioteca de Sant Josep,44 – Portes Encarnades,774,05:50
16 – Jardí d’Asp,19 – Jesuïtines,773,12:26
9 – Biblioteca de Sant Josep,40 – C.P. Baix Vinalopó,769,08:12
1 – Estació d’Autobusos,44 – Portes Encarnades,769,09:05
46 – UMH / Rectorado,5 – Centre de Congressos,769,09:16
1 – Estació d’Autobusos,14 – Comissaria,768,09:12
16 – Jardí d’Asp,40 – C.P. Baix Vinalopó,767,09:13
31 – Sant Antoni,5 – Centre de Congressos,766,11:49
22 – Av. Llauradors / Eslava,8 – Polivalent de Carrús,765,16:11
9 – Biblioteca de Sant Josep,10 – L’Escorxador,764,07:30
20 – Antoni Mena / Fra Jaume Torres,15 – Av. Llibertat / Reina Victòria,763,08:30
11 – Plaça de Crevillent,44 – Portes Encarnades,760,08:29
13 – Jardí del 1r de Maig,45 – Plaça de Barcelona,759,04:28
20 – Antoni Mena / Fra Jaume Torres,8 – Polivalent de Carrús,758,10:45
20 – Antoni Mena / Fra Jaume Torres,34 – Hospital General,757,13:05
14 – Comissaria,23 – Conrado del Campo / Trinquet,756,12:23
45 – Plaça de Barcelona,11 – Plaça de Crevillent,755,08:02
14 – Comissaria,2 – Oficina de Turisme,755,08:35
38 – Poliesportiu de Carrús,5 – Centre de Congressos,755,12:04
7 – Pavelló Municipal,30 – Squash,754,05:14
35 – Hospital del Vinalopó,6 – Ajuntament,753,13:16
39 – Francesc Cantó,12 – Ambulatori de Sant Fermí,750,06:17
30 – Squash,7 – Pavelló Municipal,748,05:28
41 – Dipòsit Municipal de Carrús,28 – Passeig de les Germanies,747,11:01
17 – Plaça de Castella,33 – Av. Libertat / l’Aljub,746,19:18
36 – I.E.S. Victoria Kent,40 – C.P. Baix Vinalopó,746,13:33
33 – Av. Libertat / l’Aljub,8 – Polivalent de Carrús,746,08:49
30 – Squash,49 – Av. Alicante 59,742,07:26
1 – Estació d’Autobusos,13 – Jardí del 1r de Maig,740,11:30
33 – Av. Libertat / l’Aljub,47 – C.P. Virgen de la Asunción,738,06:20
14 – Comissaria,1 – Estació d’Autobusos,738,09:40
47 – C.P. Virgen de la Asunción,33 – Av. Libertat / l’Aljub,735,05:59
5 – Centre de Congressos,35 – Hospital del Vinalopó,735,13:08
32 – Centre de Salut d’Altabix,10 – L’Escorxador,731,11:25
23 – Conrado del Campo / Trinquet,44 – Portes Encarnades,731,05:10
1 – Estació d’Autobusos,50 – Borreguet,731,06:53
23 – Conrado del Campo / Trinquet,50 – Borreguet,731,08:13
7 – Pavelló Municipal,27 – UMH / Pavelló d’Esports,731,08:34
50 – Borreguet,23 – Conrado del Campo / Trinquet,730,06:48
52 – Centro salud el Toscar,39 – Francesc Cantó,730,05:00
25 – Cor de Jesús,36 – I.E.S. Victoria Kent,730,12:51
4 – Plaça del Raval,17 – Plaça de Castella,730,17:08
20 – Antoni Mena / Fra Jaume Torres,36 – I.E.S. Victoria Kent,727,17:06
30 – Squash,40 – C.P. Baix Vinalopó,726,15:46
22 – Av. Llauradors / Eslava,5 – Centre de Congressos,725,11:50
6 – Ajuntament,16 – Jardí d’Asp,724,13:51
49 – Av. Alicante 59,51 – Ciudad deportiva zona sur,724,04:22
19 – Jesuïtines,21 – C.P. Mariano Benlliure,723,14:30
13 – Jardí del 1r de Maig,40 – C.P. Baix Vinalopó,723,08:15
29 – Casablanca,28 – Passeig de les Germanies,722,08:41
5 – Centre de Congressos,51 – Ciudad deportiva zona sur,721,11:28
22 – Av. Llauradors / Eslava,20 – Antoni Mena / Fra Jaume Torres,721,05:45
8 – Polivalent de Carrús,40 – C.P. Baix Vinalopó,721,10:36
25 – Cor de Jesús,13 – Jardí del 1r de Maig,719,10:08
16 – Jardí d’Asp,32 – Centre de Salut d’Altabix,719,17:26
40 – C.P. Baix Vinalopó,36 – I.E.S. Victoria Kent,718,12:57
4 – Plaça del Raval,30 – Squash,718,16:08
14 – Comissaria,31 – Sant Antoni,714,07:10
23 – Conrado del Campo / Trinquet,15 – Av. Llibertat / Reina Victòria,714,10:45
11 – Plaça de Crevillent,34 – Hospital General,713,13:20
42 – Multi Aventura Travaló,36 – I.E.S. Victoria Kent,712,06:14
2 – Oficina de Turisme,21 – C.P. Mariano Benlliure,709,12:34
38 – Poliesportiu de Carrús,29 – Casablanca,709,04:43
17 – Plaça de Castella,53 – C.P. Victor Pradera,709,07:19
39 – Francesc Cantó,26 – UMH / Escola Oficial d’Idiomes,708,10:38
16 – Jardí d’Asp,3 – Plaça de la Llotja,708,16:28
23 – Conrado del Campo / Trinquet,36 – I.E.S. Victoria Kent,708,15:32
38 – Poliesportiu de Carrús,28 – Passeig de les Germanies,707,10:40
6 – Ajuntament,13 – Jardí del 1r de Maig,706,12:25
38 – Poliesportiu de Carrús,3 – Plaça de la Llotja,704,12:54
23 – Conrado del Campo / Trinquet,22 – Av. Llauradors / Eslava,704,04:39
49 – Av. Alicante 59,30 – Squash,701,07:12
32 – Centre de Salut d’Altabix,29 – Casablanca,701,13:16
7 – Pavelló Municipal,1 – Estació d’Autobusos,700,10:57
30 – Squash,25 – Cor de Jesús,700,16:40
20 – Antoni Mena / Fra Jaume Torres,17 – Plaça de Castella,697,19:15
19 – Jesuïtines,8 – Polivalent de Carrús,695,13:23
26 – UMH / Escola Oficial d’Idiomes,1 – Estació d’Autobusos,693,06:04
26 – UMH / Escola Oficial d’Idiomes,22 – Av. Llauradors / Eslava,692,18:44
26 – UMH / Escola Oficial d’Idiomes,36 – I.E.S. Victoria Kent,692,10:25
30 – Squash,10 – L’Escorxador,688,16:51
8 – Polivalent de Carrús,21 – C.P. Mariano Benlliure,686,09:28
39 – Francesc Cantó,15 – Av. Llibertat / Reina Victòria,686,06:21
29 – Casablanca,36 – I.E.S. Victoria Kent,684,14:00
38 – Poliesportiu de Carrús,33 – Av. Libertat / l’Aljub,684,11:59
29 – Casablanca,13 – Jardí del 1r de Maig,683,05:56
34 – Hospital General,55 – Pere Joan Perpinyà,682,10:47
47 – C.P. Virgen de la Asunción,6 – Ajuntament,682,06:11
11 – Plaça de Crevillent,40 – C.P. Baix Vinalopó,682,11:59
25 – Cor de Jesús,52 – Centro salud el Toscar,682,11:42
54 – Plaza de Benidorm,55 – Pere Joan Perpinyà,681,13:30
10 – L’Escorxador,14 – Comissaria,680,06:55
45 – Plaça de Barcelona,19 – Jesuïtines,679,10:55
23 – Conrado del Campo / Trinquet,20 – Antoni Mena / Fra Jaume Torres,678,04:55
28 – Passeig de les Germanies,7 – Pavelló Municipal,678,17:02
44 – Portes Encarnades,23 – Conrado del Campo / Trinquet,677,05:16
24 – Policia Local,3 – Plaça de la Llotja,675,11:06
18 – Poliesportiu d’Altabix,21 – C.P. Mariano Benlliure,675,17:49
19 – Jesuïtines,45 – Plaça de Barcelona,674,10:21
41 – Dipòsit Municipal de Carrús,38 – Poliesportiu de Carrús,673,02:44
30 – Squash,4 – Plaça del Raval,672,16:00
42 – Multi Aventura Travaló,30 – Squash,671,06:19
39 – Francesc Cantó,6 – Ajuntament,670,08:02
18 – Poliesportiu d’Altabix,36 – I.E.S. Victoria Kent,669,10:15
54 – Plaza de Benidorm,30 – Squash,669,10:01
20 – Antoni Mena / Fra Jaume Torres,23 – Conrado del Campo / Trinquet,667,04:48
20 – Antoni Mena / Fra Jaume Torres,53 – C.P. Victor Pradera,665,19:03
16 – Jardí d’Asp,17 – Plaça de Castella,665,18:46
10 – L’Escorxador,23 – Conrado del Campo / Trinquet,665,09:18
2 – Oficina de Turisme,10 – L’Escorxador,665,09:27
12 – Ambulatori de Sant Fermí,29 – Casablanca,664,11:06
19 – Jesuïtines,51 – Ciudad deportiva zona sur,664,09:10
38 – Poliesportiu de Carrús,39 – Francesc Cantó,664,07:04
16 – Jardí d’Asp,5 – Centre de Congressos,663,13:22
3 – Plaça de la Llotja,29 – Casablanca,662,12:31
30 – Squash,15 – Av. Llibertat / Reina Victòria,661,20:37
14 – Comissaria,10 – L’Escorxador,661,06:14
10 – L’Escorxador,9 – Biblioteca de Sant Josep,661,07:12
9 – Biblioteca de Sant Josep,7 – Pavelló Municipal,659,17:46
10 – L’Escorxador,1 – Estació d’Autobusos,658,10:28
33 – Av. Libertat / l’Aljub,55 – Pere Joan Perpinyà,657,06:12
53 – C.P. Victor Pradera,51 – Ciudad deportiva zona sur,655,06:47
34 – Hospital General,36 – I.E.S. Victoria Kent,652,08:43
50 – Borreguet,28 – Passeig de les Germanies,651,08:00
14 – Comissaria,12 – Ambulatori de Sant Fermí,650,13:53
55 – Pere Joan Perpinyà,34 – Hospital General,650,10:54
40 – C.P. Baix Vinalopó,30 – Squash,650,14:55
9 – Biblioteca de Sant Josep,35 – Hospital del Vinalopó,650,11:22
27 – UMH / Pavelló d’Esports,7 – Pavelló Municipal,649,09:02
1 – Estació d’Autobusos,46 – UMH / Rectorado,649,06:19
8 – Polivalent de Carrús,30 – Squash,648,20:36
29 – Casablanca,40 – C.P. Baix Vinalopó,648,07:00
5 – Centre de Congressos,13 – Jardí del 1r de Maig,648,14:41
35 – Hospital del Vinalopó,25 – Cor de Jesús,648,12:45
52 – Centro salud el Toscar,25 – Cor de Jesús,647,09:23
28 – Passeig de les Germanies,55 – Pere Joan Perpinyà,646,05:13
2 – Oficina de Turisme,38 – Poliesportiu de Carrús,644,11:52
26 – UMH / Escola Oficial d’Idiomes,13 – Jardí del 1r de Maig,643,11:47
10 – L’Escorxador,32 – Centre de Salut d’Altabix,642,13:17
5 – Centre de Congressos,8 – Polivalent de Carrús,642,13:56
17 – Plaça de Castella,13 – Jardí del 1r de Maig,641,16:41
23 – Conrado del Campo / Trinquet,32 – Centre de Salut d’Altabix,640,17:57
11 – Plaça de Crevillent,54 – Plaza de Benidorm,640,12:40
22 – Av. Llauradors / Eslava,55 – Pere Joan Perpinyà,640,05:05
26 – UMH / Escola Oficial d’Idiomes,46 – UMH / Rectorado,640,04:07
54 – Plaza de Benidorm,49 – Av. Alicante 59,636,03:52
42 – Multi Aventura Travaló,24 – Policia Local,635,09:20
12 – Ambulatori de Sant Fermí,14 – Comissaria,635,11:38
26 – UMH / Escola Oficial d’Idiomes,45 – Plaça de Barcelona,633,09:14
16 – Jardí d’Asp,45 – Plaça de Barcelona,633,06:09
32 – Centre de Salut d’Altabix,45 – Plaça de Barcelona,631,12:56
6 – Ajuntament,53 – C.P. Victor Pradera,630,11:00
38 – Poliesportiu de Carrús,19 – Jesuïtines,630,12:08
13 – Jardí del 1r de Maig,4 – Plaça del Raval,630,12:03
39 – Francesc Cantó,22 – Av. Llauradors / Eslava,630,11:48
32 – Centre de Salut d’Altabix,22 – Av. Llauradors / Eslava,630,20:33
21 – C.P. Mariano Benlliure,40 – C.P. Baix Vinalopó,628,11:33
36 – I.E.S. Victoria Kent,26 – UMH / Escola Oficial d’Idiomes,628,10:01
53 – C.P. Victor Pradera,50 – Borreguet,628,09:05
9 – Biblioteca de Sant Josep,8 – Polivalent de Carrús,626,12:06
9 – Biblioteca de Sant Josep,27 – UMH / Pavelló d’Esports,625,15:21
18 – Poliesportiu d’Altabix,5 – Centre de Congressos,624,15:35
30 – Squash,54 – Plaza de Benidorm,624,09:33
17 – Plaça de Castella,45 – Plaça de Barcelona,623,15:25
26 – UMH / Escola Oficial d’Idiomes,29 – Casablanca,622,10:06
46 – UMH / Rectorado,27 – UMH / Pavelló d’Esports,620,05:18
51 – Ciudad deportiva zona sur,5 – Centre de Congressos,619,12:13
15 – Av. Llibertat / Reina Victòria,10 – L’Escorxador,616,12:11
40 – C.P. Baix Vinalopó,25 – Cor de Jesús,616,05:33
27 – UMH / Pavelló d’Esports,50 – Borreguet,616,11:53
38 – Poliesportiu de Carrús,8 – Polivalent de Carrús,615,08:32
51 – Ciudad deportiva zona sur,19 – Jesuïtines,613,09:44
15 – Av. Llibertat / Reina Victòria,54 – Plaza de Benidorm,613,12:52
45 – Plaça de Barcelona,28 – Passeig de les Germanies,612,07:41
45 – Plaça de Barcelona,40 – C.P. Baix Vinalopó,611,07:18
10 – L’Escorxador,36 – I.E.S. Victoria Kent,611,12:03
31 – Sant Antoni,2 – Oficina de Turisme,610,12:11
32 – Centre de Salut d’Altabix,23 – Conrado del Campo / Trinquet,609,17:32
50 – Borreguet,44 – Portes Encarnades,608,05:32
4 – Plaça del Raval,8 – Polivalent de Carrús,608,13:32
17 – Plaça de Castella,46 – UMH / Rectorado,607,04:48
2 – Oficina de Turisme,44 – Portes Encarnades,607,08:49
39 – Francesc Cantó,40 – C.P. Baix Vinalopó,607,07:53
44 – Portes Encarnades,4 – Plaça del Raval,605,04:31
7 – Pavelló Municipal,55 – Pere Joan Perpinyà,604,17:03
39 – Francesc Cantó,25 – Cor de Jesús,604,05:51
19 – Jesuïtines,29 – Casablanca,604,11:51
4 – Plaça del Raval,36 – I.E.S. Victoria Kent,603,14:25
3 – Plaça de la Llotja,24 – Policia Local,601,11:03
25 – Cor de Jesús,30 – Squash,601,16:54
19 – Jesuïtines,44 – Portes Encarnades,596,07:43
16 – Jardí d’Asp,47 – C.P. Virgen de la Asunción,594,08:52
15 – Av. Llibertat / Reina Victòria,29 – Casablanca,593,11:50
31 – Sant Antoni,3 – Plaça de la Llotja,592,08:59
7 – Pavelló Municipal,4 – Plaça del Raval,591,17:35
34 – Hospital General,20 – Antoni Mena / Fra Jaume Torres,591,13:14
9 – Biblioteca de Sant Josep,55 – Pere Joan Perpinyà,590,09:10
55 – Pere Joan Perpinyà,54 – Plaza de Benidorm,590,14:06
17 – Plaça de Castella,29 – Casablanca,590,14:58
46 – UMH / Rectorado,1 – Estació d’Autobusos,590,05:33
54 – Plaza de Benidorm,50 – Borreguet,589,07:58
11 – Plaça de Crevillent,10 – L’Escorxador,589,11:37
29 – Casablanca,5 – Centre de Congressos,589,10:03
34 – Hospital General,18 – Poliesportiu d’Altabix,587,21:09
50 – Borreguet,53 – C.P. Victor Pradera,587,10:00
39 – Francesc Cantó,11 – Plaça de Crevillent,587,07:39
39 – Francesc Cantó,16 – Jardí d’Asp,587,07:01
18 – Poliesportiu d’Altabix,15 – Av. Llibertat / Reina Victòria,587,19:29
11 – Plaça de Crevillent,47 – C.P. Virgen de la Asunción,586,03:38
16 – Jardí d’Asp,21 – C.P. Mariano Benlliure,585,10:43
5 – Centre de Congressos,18 – Poliesportiu d’Altabix,585,17:51
23 – Conrado del Campo / Trinquet,14 – Comissaria,584,11:30
33 – Av. Libertat / l’Aljub,17 – Plaça de Castella,583,21:22
25 – Cor de Jesús,46 – UMH / Rectorado,583,11:54
20 – Antoni Mena / Fra Jaume Torres,24 – Policia Local,582,20:49
27 – UMH / Pavelló d’Esports,38 – Poliesportiu de Carrús,581,12:26
54 – Plaza de Benidorm,51 – Ciudad deportiva zona sur,581,06:36
44 – Portes Encarnades,14 – Comissaria,579,07:27
46 – UMH / Rectorado,19 – Jesuïtines,578,08:13
38 – Poliesportiu de Carrús,1 – Estació d’Autobusos,577,08:55
10 – L’Escorxador,11 – Plaça de Crevillent,576,10:38
28 – Passeig de les Germanies,31 – Sant Antoni,576,14:29
40 – C.P. Baix Vinalopó,16 – Jardí d’Asp,576,09:46
26 – UMH / Escola Oficial d’Idiomes,39 – Francesc Cantó,575,11:21
9 – Biblioteca de Sant Josep,54 – Plaza de Benidorm,575,10:55
24 – Policia Local,42 – Multi Aventura Travaló,574,08:27
13 – Jardí del 1r de Maig,16 – Jardí d’Asp,574,08:43
44 – Portes Encarnades,22 – Av. Llauradors / Eslava,573,07:20
7 – Pavelló Municipal,11 – Plaça de Crevillent,573,18:51
55 – Pere Joan Perpinyà,9 – Biblioteca de Sant Josep,573,06:24
36 – I.E.S. Victoria Kent,9 – Biblioteca de Sant Josep,571,14:29
24 – Policia Local,40 – C.P. Baix Vinalopó,570,14:50
31 – Sant Antoni,25 – Cor de Jesús,568,14:03
36 – I.E.S. Victoria Kent,34 – Hospital General,567,07:48
53 – C.P. Victor Pradera,5 – Centre de Congressos,567,09:56
46 – UMH / Rectorado,25 – Cor de Jesús,567,11:44
36 – I.E.S. Victoria Kent,31 – Sant Antoni,566,05:28
28 – Passeig de les Germanies,50 – Borreguet,566,06:32
13 – Jardí del 1r de Maig,9 – Biblioteca de Sant Josep,566,09:19
1 – Estació d’Autobusos,16 – Jardí d’Asp,565,13:54
50 – Borreguet,26 – UMH / Escola Oficial d’Idiomes,565,09:52
31 – Sant Antoni,1 – Estació d’Autobusos,564,12:42
21 – C.P. Mariano Benlliure,18 – Poliesportiu d’Altabix,564,19:41
30 – Squash,24 – Policia Local,563,06:37
29 – Casablanca,14 – Comissaria,562,11:54
54 – Plaza de Benidorm,11 – Plaça de Crevillent,561,12:09
6 – Ajuntament,45 – Plaça de Barcelona,560,09:58
13 – Jardí del 1r de Maig,21 – C.P. Mariano Benlliure,559,12:01
6 – Ajuntament,31 – Sant Antoni,557,13:15
27 – UMH / Pavelló d’Esports,24 – Policia Local,557,10:34
48 – Av. Corts Valencianes,6 – Ajuntament,556,09:58
49 – Av. Alicante 59,34 – Hospital General,556,08:55
31 – Sant Antoni,14 – Comissaria,556,06:22
23 – Conrado del Campo / Trinquet,47 – C.P. Virgen de la Asunción,556,07:36
5 – Centre de Congressos,54 – Plaza de Benidorm,556,05:59
50 – Borreguet,17 – Plaça de Castella,555,16:01
25 – Cor de Jesús,16 – Jardí d’Asp,552,12:28
54 – Plaza de Benidorm,31 – Sant Antoni,552,07:18
15 – Av. Llibertat / Reina Victòria,18 – Poliesportiu d’Altabix,552,20:11
38 – Poliesportiu de Carrús,16 – Jardí d’Asp,551,05:29
13 – Jardí del 1r de Maig,30 – Squash,551,18:57
51 – Ciudad deportiva zona sur,54 – Plaza de Benidorm,548,07:20
1 – Estació d’Autobusos,53 – C.P. Victor Pradera,548,06:20
17 – Plaça de Castella,10 – L’Escorxador,548,15:34
1 – Estació d’Autobusos,31 – Sant Antoni,545,11:59
7 – Pavelló Municipal,28 – Passeig de les Germanies,545,17:40
11 – Plaça de Crevillent,7 – Pavelló Municipal,543,18:55
44 – Portes Encarnades,19 – Jesuïtines,543,08:20
55 – Pere Joan Perpinyà,6 – Ajuntament,542,10:01
41 – Dipòsit Municipal de Carrús,32 – Centre de Salut d’Altabix,541,14:28
23 – Conrado del Campo / Trinquet,17 – Plaça de Castella,539,19:59
8 – Polivalent de Carrús,45 – Plaça de Barcelona,538,05:55
17 – Plaça de Castella,50 – Borreguet,536,15:42
31 – Sant Antoni,36 – I.E.S. Victoria Kent,535,05:55
30 – Squash,28 – Passeig de les Germanies,535,17:19
14 – Comissaria,7 – Pavelló Municipal,534,12:44
24 – Policia Local,23 – Conrado del Campo / Trinquet,533,19:19
25 – Cor de Jesús,29 – Casablanca,533,09:09
10 – L’Escorxador,15 – Av. Llibertat / Reina Victòria,533,14:00
9 – Biblioteca de Sant Josep,17 – Plaça de Castella,533,18:54
40 – C.P. Baix Vinalopó,45 – Plaça de Barcelona,532,06:50
36 – I.E.S. Victoria Kent,25 – Cor de Jesús,531,13:45
39 – Francesc Cantó,5 – Centre de Congressos,529,11:16
39 – Francesc Cantó,33 – Av. Libertat / l’Aljub,529,09:17
10 – L’Escorxador,26 – UMH / Escola Oficial d’Idiomes,529,12:46
37 – Hort de Travaló,36 – I.E.S. Victoria Kent,527,08:42
55 – Pere Joan Perpinyà,33 – Av. Libertat / l’Aljub,522,05:54
45 – Plaça de Barcelona,12 – Ambulatori de Sant Fermí,521,05:22
21 – C.P. Mariano Benlliure,3 – Plaça de la Llotja,521,18:31
35 – Hospital del Vinalopó,5 – Centre de Congressos,521,14:56
31 – Sant Antoni,6 – Ajuntament,521,14:30
24 – Policia Local,11 – Plaça de Crevillent,521,21:42
3 – Plaça de la Llotja,21 – C.P. Mariano Benlliure,521,18:04
2 – Oficina de Turisme,31 – Sant Antoni,519,13:41
15 – Av. Llibertat / Reina Victòria,7 – Pavelló Municipal,519,17:50
17 – Plaça de Castella,38 – Poliesportiu de Carrús,517,16:21
29 – Casablanca,7 – Pavelló Municipal,517,14:43
19 – Jesuïtines,2 – Oficina de Turisme,516,09:05
32 – Centre de Salut d’Altabix,20 – Antoni Mena / Fra Jaume Torres,516,18:31
50 – Borreguet,14 – Comissaria,515,08:05
17 – Plaça de Castella,37 – Hort de Travaló,514,10:48
36 – I.E.S. Victoria Kent,23 – Conrado del Campo / Trinquet,511,16:35
7 – Pavelló Municipal,9 – Biblioteca de Sant Josep,511,18:09
36 – I.E.S. Victoria Kent,8 – Polivalent de Carrús,511,20:45
45 – Plaça de Barcelona,13 – Jardí del 1r de Maig,511,07:28
39 – Francesc Cantó,31 – Sant Antoni,511,19:21
27 – UMH / Pavelló d’Esports,53 – C.P. Victor Pradera,510,06:31
12 – Ambulatori de Sant Fermí,38 – Poliesportiu de Carrús,508,11:41
38 – Poliesportiu de Carrús,45 – Plaça de Barcelona,508,06:04
22 – Av. Llauradors / Eslava,32 – Centre de Salut d’Altabix,508,19:40
36 – I.E.S. Victoria Kent,20 – Antoni Mena / Fra Jaume Torres,507,16:37
7 – Pavelló Municipal,15 – Av. Llibertat / Reina Victòria,506,17:46
24 – Policia Local,30 – Squash,506,04:33
22 – Av. Llauradors / Eslava,44 – Portes Encarnades,504,07:35
18 – Poliesportiu d’Altabix,28 – Passeig de les Germanies,503,17:25
3 – Plaça de la Llotja,16 – Jardí d’Asp,503,17:51
25 – Cor de Jesús,40 – C.P. Baix Vinalopó,503,06:53
34 – Hospital General,49 – Av. Alicante 59,502,10:50
49 – Av. Alicante 59,2 – Oficina de Turisme,501,08:17
45 – Plaça de Barcelona,32 – Centre de Salut d’Altabix,500,13:56
40 – C.P. Baix Vinalopó,31 – Sant Antoni,498,14:15
15 – Av. Llibertat / Reina Victòria,36 – I.E.S. Victoria Kent,498,16:45
35 – Hospital del Vinalopó,22 – Av. Llauradors / Eslava,497,06:56
45 – Plaça de Barcelona,26 – UMH / Escola Oficial d’Idiomes,497,10:01
31 – Sant Antoni,44 – Portes Encarnades,496,12:04
54 – Plaza de Benidorm,15 – Av. Llibertat / Reina Victòria,496,13:34
12 – Ambulatori de Sant Fermí,31 – Sant Antoni,491,17:13
8 – Polivalent de Carrús,18 – Poliesportiu d’Altabix,491,18:47
48 – Av. Corts Valencianes,25 – Cor de Jesús,491,07:20
9 – Biblioteca de Sant Josep,29 – Casablanca,490,10:27
12 – Ambulatori de Sant Fermí,50 – Borreguet,489,08:40
2 – Oficina de Turisme,19 – Jesuïtines,489,09:39
31 – Sant Antoni,26 – UMH / Escola Oficial d’Idiomes,487,10:51
8 – Polivalent de Carrús,23 – Conrado del Campo / Trinquet,486,11:28
22 – Av. Llauradors / Eslava,1 – Estació d’Autobusos,486,14:10
54 – Plaza de Benidorm,5 – Centre de Congressos,485,07:11
16 – Jardí d’Asp,30 – Squash,484,21:11
27 – UMH / Pavelló d’Esports,16 – Jardí d’Asp,483,15:06
54 – Plaza de Benidorm,22 – Av. Llauradors / Eslava,481,12:59
36 – I.E.S. Victoria Kent,10 – L’Escorxador,481,10:56
56 – UMH / Torre Vaillo,5 – Centre de Congressos,481,09:07
33 – Av. Libertat / l’Aljub,45 – Plaça de Barcelona,481,10:15
14 – Comissaria,50 – Borreguet,480,08:44
53 – C.P. Victor Pradera,20 – Antoni Mena / Fra Jaume Torres,480,18:28
3 – Plaça de la Llotja,44 – Portes Encarnades,479,12:20
51 – Ciudad deportiva zona sur,6 – Ajuntament,479,11:59
35 – Hospital del Vinalopó,21 – C.P. Mariano Benlliure,478,07:02
56 – UMH / Torre Vaillo,40 – C.P. Baix Vinalopó,478,07:12
24 – Policia Local,20 – Antoni Mena / Fra Jaume Torres,477,18:54
53 – C.P. Victor Pradera,43 – Palmerars – Ciutat de la Justícia,476,07:32
49 – Av. Alicante 59,12 – Ambulatori de Sant Fermí,476,12:22
39 – Francesc Cantó,28 – Passeig de les Germanies,474,07:20
47 – C.P. Virgen de la Asunción,54 – Plaza de Benidorm,471,12:46
19 – Jesuïtines,24 – Policia Local,469,13:44
32 – Centre de Salut d’Altabix,41 – Dipòsit Municipal de Carrús,467,18:46
22 – Av. Llauradors / Eslava,45 – Plaça de Barcelona,465,11:54
39 – Francesc Cantó,2 – Oficina de Turisme,465,09:28
40 – C.P. Baix Vinalopó,24 – Policia Local,464,15:19
38 – Poliesportiu de Carrús,11 – Plaça de Crevillent,464,10:07
20 – Antoni Mena / Fra Jaume Torres,10 – L’Escorxador,463,09:44
14 – Comissaria,44 – Portes Encarnades,463,07:46
54 – Plaza de Benidorm,47 – C.P. Virgen de la Asunción,462,12:51
38 – Poliesportiu de Carrús,13 – Jardí del 1r de Maig,460,06:06
27 – UMH / Pavelló d’Esports,46 – UMH / Rectorado,460,05:31
36 – I.E.S. Victoria Kent,44 – Portes Encarnades,458,11:55
22 – Av. Llauradors / Eslava,35 – Hospital del Vinalopó,458,06:44
13 – Jardí del 1r de Maig,10 – L’Escorxador,457,15:39
5 – Centre de Congressos,49 – Av. Alicante 59,456,08:40
22 – Av. Llauradors / Eslava,34 – Hospital General,455,12:27
47 – C.P. Virgen de la Asunción,23 – Conrado del Campo / Trinquet,454,06:32
29 – Casablanca,16 – Jardí d’Asp,452,08:11
39 – Francesc Cantó,32 – Centre de Salut d’Altabix,451,13:55
31 – Sant Antoni,12 – Ambulatori de Sant Fermí,451,18:08
47 – C.P. Virgen de la Asunción,34 – Hospital General,450,12:33
15 – Av. Llibertat / Reina Victòria,39 – Francesc Cantó,449,07:00
42 – Multi Aventura Travaló,34 – Hospital General,448,09:08
32 – Centre de Salut d’Altabix,56 – UMH / Torre Vaillo,448,07:42
32 – Centre de Salut d’Altabix,44 – Portes Encarnades,447,14:20
8 – Polivalent de Carrús,10 – L’Escorxador,446,15:49
44 – Portes Encarnades,8 – Polivalent de Carrús,446,16:39
4 – Plaça del Raval,7 – Pavelló Municipal,445,17:39
56 – UMH / Torre Vaillo,32 – Centre de Salut d’Altabix,445,07:05
31 – Sant Antoni,17 – Plaça de Castella,443,10:19
47 – C.P. Virgen de la Asunción,40 – C.P. Baix Vinalopó,443,09:48
24 – Policia Local,6 – Ajuntament,443,16:12
18 – Poliesportiu d’Altabix,11 – Plaça de Crevillent,443,19:41
18 – Poliesportiu d’Altabix,31 – Sant Antoni,442,10:01
39 – Francesc Cantó,17 – Plaça de Castella,441,15:54
10 – L’Escorxador,2 – Oficina de Turisme,440,10:05
26 – UMH / Escola Oficial d’Idiomes,10 – L’Escorxador,440,11:59
8 – Polivalent de Carrús,35 – Hospital del Vinalopó,438,11:54
38 – Poliesportiu de Carrús,27 – UMH / Pavelló d’Esports,436,10:53
51 – Ciudad deportiva zona sur,24 – Policia Local,436,05:19
41 – Dipòsit Municipal de Carrús,12 – Ambulatori de Sant Fermí,435,07:22
4 – Plaça del Raval,35 – Hospital del Vinalopó,435,12:06
8 – Polivalent de Carrús,38 – Poliesportiu de Carrús,435,09:28
11 – Plaça de Crevillent,17 – Plaça de Castella,435,19:01
21 – C.P. Mariano Benlliure,19 – Jesuïtines,434,14:35
27 – UMH / Pavelló d’Esports,36 – I.E.S. Victoria Kent,434,09:50
32 – Centre de Salut d’Altabix,42 – Multi Aventura Travaló,434,09:28
12 – Ambulatori de Sant Fermí,56 – UMH / Torre Vaillo,433,10:45
54 – Plaza de Benidorm,36 – I.E.S. Victoria Kent,433,06:47
25 – Cor de Jesús,38 – Poliesportiu de Carrús,433,10:43
46 – UMH / Rectorado,56 – UMH / Torre Vaillo,432,05:11
44 – Portes Encarnades,1 – Estació d’Autobusos,432,12:13
6 – Ajuntament,47 – C.P. Virgen de la Asunción,431,09:21
23 – Conrado del Campo / Trinquet,16 – Jardí d’Asp,431,17:01
4 – Plaça del Raval,44 – Portes Encarnades,430,05:25
21 – C.P. Mariano Benlliure,35 – Hospital del Vinalopó,429,06:47
56 – UMH / Torre Vaillo,6 – Ajuntament,429,10:44
49 – Av. Alicante 59,7 – Pavelló Municipal,429,07:41
30 – Squash,8 – Polivalent de Carrús,429,20:40
15 – Av. Llibertat / Reina Victòria,51 – Ciudad deportiva zona sur,428,15:41
56 – UMH / Torre Vaillo,17 – Plaça de Castella,427,08:10
5 – Centre de Congressos,55 – Pere Joan Perpinyà,426,09:49
21 – C.P. Mariano Benlliure,20 – Antoni Mena / Fra Jaume Torres,426,05:07
54 – Plaza de Benidorm,17 – Plaça de Castella,426,10:32
44 – Portes Encarnades,3 – Plaça de la Llotja,425,13:35
2 – Oficina de Turisme,39 – Francesc Cantó,425,10:13
17 – Plaça de Castella,23 – Conrado del Campo / Trinquet,425,19:43
29 – Casablanca,30 – Squash,424,17:14
43 – Palmerars – Ciutat de la Justícia,53 – C.P. Victor Pradera,424,07:57
27 – UMH / Pavelló d’Esports,30 – Squash,423,12:07
2 – Oficina de Turisme,50 – Borreguet,423,06:59
35 – Hospital del Vinalopó,33 – Av. Libertat / l’Aljub,422,07:03
24 – Policia Local,18 – Poliesportiu d’Altabix,422,07:24
44 – Portes Encarnades,47 – C.P. Virgen de la Asunción,420,09:53
51 – Ciudad deportiva zona sur,53 – C.P. Victor Pradera,419,08:36
29 – Casablanca,34 – Hospital General,419,12:25
17 – Plaça de Castella,16 – Jardí d’Asp,419,19:43
26 – UMH / Escola Oficial d’Idiomes,44 – Portes Encarnades,417,10:37
13 – Jardí del 1r de Maig,39 – Francesc Cantó,416,05:56
21 – C.P. Mariano Benlliure,55 – Pere Joan Perpinyà,416,03:35
10 – L’Escorxador,22 – Av. Llauradors / Eslava,415,09:48
54 – Plaza de Benidorm,2 – Oficina de Turisme,415,07:03
18 – Poliesportiu d’Altabix,8 – Polivalent de Carrús,415,18:44
42 – Multi Aventura Travaló,19 – Jesuïtines,414,12:16
10 – L’Escorxador,17 – Plaça de Castella,414,17:26
15 – Av. Llibertat / Reina Victòria,53 – C.P. Victor Pradera,414,14:01
17 – Plaça de Castella,51 – Ciudad deportiva zona sur,413,06:01
4 – Plaça del Raval,16 – Jardí d’Asp,412,15:59
17 – Plaça de Castella,54 – Plaza de Benidorm,411,10:14
10 – L’Escorxador,27 – UMH / Pavelló d’Esports,408,14:59
25 – Cor de Jesús,35 – Hospital del Vinalopó,408,12:21
55 – Pere Joan Perpinyà,12 – Ambulatori de Sant Fermí,406,08:13
38 – Poliesportiu de Carrús,20 – Antoni Mena / Fra Jaume Torres,405,11:57
5 – Centre de Congressos,53 – C.P. Victor Pradera,405,09:39
81 – C.S. Doctor Sapena,47 – C.P. Virgen de la Asunción,404,03:43
10 – L’Escorxador,20 – Antoni Mena / Fra Jaume Torres,404,11:27
28 – Passeig de les Germanies,18 – Poliesportiu d’Altabix,403,19:10
14 – Comissaria,26 – UMH / Escola Oficial d’Idiomes,403,10:55
28 – Passeig de les Germanies,29 – Casablanca,402,10:18
8 – Polivalent de Carrús,34 – Hospital General,401,17:29
16 – Jardí d’Asp,7 – Pavelló Municipal,401,19:55
9 – Biblioteca de Sant Josep,32 – Centre de Salut d’Altabix,401,15:56
11 – Plaça de Crevillent,36 – I.E.S. Victoria Kent,401,17:22
37 – Hort de Travaló,32 – Centre de Salut d’Altabix,400,15:08
9 – Biblioteca de Sant Josep,15 – Av. Llibertat / Reina Victòria,400,11:16
3 – Plaça de la Llotja,38 – Poliesportiu de Carrús,400,14:29
46 – UMH / Rectorado,9 – Biblioteca de Sant Josep,399,13:55
10 – L’Escorxador,30 – Squash,398,16:58
24 – Policia Local,19 – Jesuïtines,396,13:58
24 – Policia Local,15 – Av. Llibertat / Reina Victòria,396,19:50
54 – Plaza de Benidorm,32 – Centre de Salut d’Altabix,396,06:55
34 – Hospital General,14 – Comissaria,395,05:32
34 – Hospital General,42 – Multi Aventura Travaló,395,09:31
47 – C.P. Virgen de la Asunción,49 – Av. Alicante 59,394,15:47
38 – Poliesportiu de Carrús,23 – Conrado del Campo / Trinquet,394,12:49
40 – C.P. Baix Vinalopó,44 – Portes Encarnades,394,10:32
40 – C.P. Baix Vinalopó,8 – Polivalent de Carrús,393,09:24
25 – Cor de Jesús,54 – Plaza de Benidorm,392,10:24
31 – Sant Antoni,28 – Passeig de les Germanies,392,16:41
50 – Borreguet,54 – Plaza de Benidorm,392,08:13
4 – Plaça del Raval,46 – UMH / Rectorado,391,11:47
13 – Jardí del 1r de Maig,35 – Hospital del Vinalopó,391,13:53
2 – Oficina de Turisme,35 – Hospital del Vinalopó,390,15:10
40 – C.P. Baix Vinalopó,34 – Hospital General,389,12:57
27 – UMH / Pavelló d’Esports,33 – Av. Libertat / l’Aljub,389,17:46
48 – Av. Corts Valencianes,33 – Av. Libertat / l’Aljub,388,05:43
54 – Plaza de Benidorm,12 – Ambulatori de Sant Fermí,387,12:19
13 – Jardí del 1r de Maig,22 – Av. Llauradors / Eslava,387,13:26
40 – C.P. Baix Vinalopó,38 – Poliesportiu de Carrús,387,08:27
7 – Pavelló Municipal,36 – I.E.S. Victoria Kent,385,07:00
36 – I.E.S. Victoria Kent,15 – Av. Llibertat / Reina Victòria,385,17:46
50 – Borreguet,3 – Plaça de la Llotja,385,09:32
16 – Jardí d’Asp,31 – Sant Antoni,384,23:03
30 – Squash,13 – Jardí del 1r de Maig,384,18:46
28 – Passeig de les Germanies,37 – Hort de Travaló,383,19:20
15 – Av. Llibertat / Reina Victòria,14 – Comissaria,382,12:08
50 – Borreguet,27 – UMH / Pavelló d’Esports,381,12:55
36 – I.E.S. Victoria Kent,11 – Plaça de Crevillent,381,18:21
38 – Poliesportiu de Carrús,30 – Squash,378,21:09
36 – I.E.S. Victoria Kent,27 – UMH / Pavelló d’Esports,378,09:26
45 – Plaça de Barcelona,16 – Jardí d’Asp,377,06:35
21 – C.P. Mariano Benlliure,8 – Polivalent de Carrús,377,10:31
28 – Passeig de les Germanies,13 – Jardí del 1r de Maig,376,12:34
47 – C.P. Virgen de la Asunción,35 – Hospital del Vinalopó,375,07:19
23 – Conrado del Campo / Trinquet,78 – Jorge Juan 24,375,08:11
34 – Hospital General,26 – UMH / Escola Oficial d’Idiomes,375,13:14
17 – Plaça de Castella,70 – Libertad-Diagonal,374,11:00
28 – Passeig de les Germanies,38 – Poliesportiu de Carrús,374,12:28
5 – Centre de Congressos,37 – Hort de Travaló,372,14:37
7 – Pavelló Municipal,54 – Plaza de Benidorm,372,10:46
11 – Plaça de Crevillent,29 – Casablanca,371,12:03
45 – Plaça de Barcelona,25 – Cor de Jesús,370,06:20
2 – Oficina de Turisme,96 – Puente de Santa Teresa,368,04:38
12 – Ambulatori de Sant Fermí,54 – Plaza de Benidorm,367,12:41
34 – Hospital General,40 – C.P. Baix Vinalopó,367,14:07
49 – Av. Alicante 59,54 – Plaza de Benidorm,366,04:18
54 – Plaza de Benidorm,25 – Cor de Jesús,366,10:25
6 – Ajuntament,39 – Francesc Cantó,365,10:22
30 – Squash,29 – Casablanca,365,17:39
14 – Comissaria,21 – C.P. Mariano Benlliure,365,16:24
22 – Av. Llauradors / Eslava,10 – L’Escorxador,365,08:21
53 – C.P. Victor Pradera,1 – Estació d’Autobusos,365,06:12
19 – Jesuïtines,37 – Hort de Travaló,364,14:17
7 – Pavelló Municipal,29 – Casablanca,364,16:41
37 – Hort de Travaló,26 – UMH / Escola Oficial d’Idiomes,364,15:31
49 – Av. Alicante 59,1 – Estació d’Autobusos,364,08:06
23 – Conrado del Campo / Trinquet,30 – Squash,364,17:49
44 – Portes Encarnades,31 – Sant Antoni,364,12:22
3 – Plaça de la Llotja,50 – Borreguet,363,09:11
15 – Av. Llibertat / Reina Victòria,31 – Sant Antoni,363,20:34
45 – Plaça de Barcelona,29 – Casablanca,363,06:23
31 – Sant Antoni,37 – Hort de Travaló,363,08:12
38 – Poliesportiu de Carrús,4 – Plaça del Raval,362,12:15
26 – UMH / Escola Oficial d’Idiomes,31 – Sant Antoni,362,10:01
22 – Av. Llauradors / Eslava,54 – Plaza de Benidorm,361,14:18
18 – Poliesportiu d’Altabix,46 – UMH / Rectorado,361,07:16
80 – Reina Victoria con Gabriel Miró,34 – Hospital General,360,09:10
46 – UMH / Rectorado,7 – Pavelló Municipal,360,06:28
19 – Jesuïtines,35 – Hospital del Vinalopó,359,14:48
3 – Plaça de la Llotja,75 – L´aljub,359,17:19
19 – Jesuïtines,13 – Jardí del 1r de Maig,358,14:40
78 – Jorge Juan 24,23 – Conrado del Campo / Trinquet,357,08:16
47 – C.P. Virgen de la Asunción,44 – Portes Encarnades,356,08:21
41 – Dipòsit Municipal de Carrús,3 – Plaça de la Llotja,356,15:00
45 – Plaça de Barcelona,67 – Calle Grao con Victoria Kent,355,05:20
8 – Polivalent de Carrús,44 – Portes Encarnades,355,12:47
49 – Av. Alicante 59,5 – Centre de Congressos,354,09:17
2 – Oficina de Turisme,54 – Plaza de Benidorm,353,09:04
29 – Casablanca,45 – Plaça de Barcelona,352,05:27
7 – Pavelló Municipal,49 – Av. Alicante 59,351,08:09
55 – Pere Joan Perpinyà,28 – Passeig de les Germanies,351,05:55
26 – UMH / Escola Oficial d’Idiomes,21 – C.P. Mariano Benlliure,350,16:21
15 – Av. Llibertat / Reina Victòria,45 – Plaça de Barcelona,349,08:20
45 – Plaça de Barcelona,8 – Polivalent de Carrús,349,05:19
14 – Comissaria,22 – Av. Llauradors / Eslava,349,13:03
75 – L´aljub,9 – Biblioteca de Sant Josep,349,09:03
1 – Estació d’Autobusos,49 – Av. Alicante 59,348,08:19
40 – C.P. Baix Vinalopó,13 – Jardí del 1r de Maig,347,10:02
13 – Jardí del 1r de Maig,54 – Plaza de Benidorm,347,12:21
47 – C.P. Virgen de la Asunción,4 – Plaça del Raval,346,07:51
36 – I.E.S. Victoria Kent,18 – Poliesportiu d’Altabix,346,11:53
92 – Parking Candalix,6 – Ajuntament,346,04:35
27 – UMH / Pavelló d’Esports,10 – L’Escorxador,345,15:55
40 – C.P. Baix Vinalopó,39 – Francesc Cantó,345,08:13
29 – Casablanca,22 – Av. Llauradors / Eslava,344,12:34
54 – Plaza de Benidorm,7 – Pavelló Municipal,344,09:19
46 – UMH / Rectorado,17 – Plaça de Castella,344,06:08
20 – Antoni Mena / Fra Jaume Torres,32 – Centre de Salut d’Altabix,343,18:56
51 – Ciudad deportiva zona sur,3 – Plaça de la Llotja,343,07:29
38 – Poliesportiu de Carrús,44 – Portes Encarnades,341,14:32
37 – Hort de Travaló,31 – Sant Antoni,341,08:14
56 – UMH / Torre Vaillo,27 – UMH / Pavelló d’Esports,341,05:08
36 – I.E.S. Victoria Kent,7 – Pavelló Municipal,340,06:55
12 – Ambulatori de Sant Fermí,55 – Pere Joan Perpinyà,339,07:55
43 – Palmerars – Ciutat de la Justícia,3 – Plaça de la Llotja,339,09:23
53 – C.P. Victor Pradera,36 – I.E.S. Victoria Kent,338,06:53
40 – C.P. Baix Vinalopó,22 – Av. Llauradors / Eslava,338,12:40
17 – Plaça de Castella,21 – C.P. Mariano Benlliure,337,20:32
9 – Biblioteca de Sant Josep,75 – L´aljub,337,09:43
44 – Portes Encarnades,26 – UMH / Escola Oficial d’Idiomes,337,12:57
56 – UMH / Torre Vaillo,12 – Ambulatori de Sant Fermí,335,10:41
33 – Av. Libertat / l’Aljub,27 – UMH / Pavelló d’Esports,334,17:55
44 – Portes Encarnades,36 – I.E.S. Victoria Kent,333,12:35
35 – Hospital del Vinalopó,4 – Plaça del Raval,333,11:57
49 – Av. Alicante 59,47 – C.P. Virgen de la Asunción,332,17:01
52 – Centro salud el Toscar,6 – Ajuntament,332,09:05
19 – Jesuïtines,100 – C.S. Raval,332,06:33
18 – Poliesportiu d’Altabix,54 – Plaza de Benidorm,331,13:19
23 – Conrado del Campo / Trinquet,40 – C.P. Baix Vinalopó,331,10:42
39 – Francesc Cantó,20 – Antoni Mena / Fra Jaume Torres,330,08:02
45 – Plaça de Barcelona,15 – Av. Llibertat / Reina Victòria,330,07:57
2 – Oficina de Turisme,49 – Av. Alicante 59,330,11:07
16 – Jardí d’Asp,18 – Poliesportiu d’Altabix,330,19:44
24 – Policia Local,25 – Cor de Jesús,329,16:36
8 – Polivalent de Carrús,39 – Francesc Cantó,329,06:43
14 – Comissaria,29 – Casablanca,328,12:39
47 – C.P. Virgen de la Asunción,20 – Antoni Mena / Fra Jaume Torres,328,05:17
33 – Av. Libertat / l’Aljub,10 – L’Escorxador,328,13:23
30 – Squash,23 – Conrado del Campo / Trinquet,327,17:43
93 – Parque Rey Jaume I,46 – UMH / Rectorado,327,06:27
3 – Plaça de la Llotja,55 – Pere Joan Perpinyà,326,14:57
47 – C.P. Virgen de la Asunción,81 – C.S. Doctor Sapena,326,04:17
31 – Sant Antoni,40 – C.P. Baix Vinalopó,326,15:21
28 – Passeig de les Germanies,49 – Av. Alicante 59,325,13:30
32 – Centre de Salut d’Altabix,21 – C.P. Mariano Benlliure,325,20:32
5 – Centre de Congressos,47 – C.P. Virgen de la Asunción,324,10:25
1 – Estació d’Autobusos,38 – Poliesportiu de Carrús,324,11:29
1 – Estació d’Autobusos,96 – Puente de Santa Teresa,324,08:47
44 – Portes Encarnades,32 – Centre de Salut d’Altabix,323,14:47
70 – Libertad-Diagonal,17 – Plaça de Castella,323,12:03
67 – Calle Grao con Victoria Kent,45 – Plaça de Barcelona,323,04:46
40 – C.P. Baix Vinalopó,23 – Conrado del Campo / Trinquet,322,11:09
53 – C.P. Victor Pradera,27 – UMH / Pavelló d’Esports,322,06:38
75 – L´aljub,83 – Conrado del campo 35,322,08:37
75 – L´aljub,44 – Portes Encarnades,321,10:51
43 – Palmerars – Ciutat de la Justícia,4 – Plaça del Raval,320,10:51
111 – Avenida Alicante 38,19 – Jesuïtines,320,05:15
30 – Squash,27 – UMH / Pavelló d’Esports,320,13:00
49 – Av. Alicante 59,4 – Plaça del Raval,320,13:12
54 – Plaza de Benidorm,53 – C.P. Victor Pradera,319,05:33
14 – Comissaria,34 – Hospital General,319,04:36
40 – C.P. Baix Vinalopó,55 – Pere Joan Perpinyà,319,08:20
32 – Centre de Salut d’Altabix,16 – Jardí d’Asp,319,19:31
54 – Plaza de Benidorm,10 – L’Escorxador,318,11:06
23 – Conrado del Campo / Trinquet,7 – Pavelló Municipal,318,20:35
12 – Ambulatori de Sant Fermí,39 – Francesc Cantó,318,08:20
6 – Ajuntament,56 – UMH / Torre Vaillo,317,11:08
38 – Poliesportiu de Carrús,21 – C.P. Mariano Benlliure,317,13:46
20 – Antoni Mena / Fra Jaume Torres,21 – C.P. Mariano Benlliure,316,05:54
27 – UMH / Pavelló d’Esports,8 – Polivalent de Carrús,315,16:47
53 – C.P. Victor Pradera,34 – Hospital General,315,08:36
14 – Comissaria,24 – Policia Local,314,13:11
3 – Plaça de la Llotja,35 – Hospital del Vinalopó,314,20:48
7 – Pavelló Municipal,24 – Policia Local,313,06:19
18 – Poliesportiu d’Altabix,24 – Policia Local,313,07:19
20 – Antoni Mena / Fra Jaume Torres,16 – Jardí d’Asp,313,14:12
26 – UMH / Escola Oficial d’Idiomes,37 – Hort de Travaló,312,13:51
53 – C.P. Victor Pradera,15 – Av. Llibertat / Reina Victòria,310,14:45
28 – Passeig de les Germanies,47 – C.P. Virgen de la Asunción,310,06:02
33 – Av. Libertat / l’Aljub,39 – Francesc Cantó,310,11:52
54 – Plaza de Benidorm,26 – UMH / Escola Oficial d’Idiomes,310,06:30
24 – Policia Local,36 – I.E.S. Victoria Kent,310,08:30
3 – Plaça de la Llotja,43 – Palmerars – Ciutat de la Justícia,309,07:41
27 – UMH / Pavelló d’Esports,23 – Conrado del Campo / Trinquet,309,19:14
47 – C.P. Virgen de la Asunción,12 – Ambulatori de Sant Fermí,308,05:34
32 – Centre de Salut d’Altabix,54 – Plaza de Benidorm,308,07:42
27 – UMH / Pavelló d’Esports,56 – UMH / Torre Vaillo,308,05:19
32 – Centre de Salut d’Altabix,51 – Ciudad deportiva zona sur,306,05:41
47 – C.P. Virgen de la Asunción,9 – Biblioteca de Sant Josep,306,05:32
17 – Plaça de Castella,22 – Av. Llauradors / Eslava,306,20:13
9 – Biblioteca de Sant Josep,36 – I.E.S. Victoria Kent,305,15:28
7 – Pavelló Municipal,46 – UMH / Rectorado,305,06:41
50 – Borreguet,55 – Pere Joan Perpinyà,304,07:45
49 – Av. Alicante 59,11 – Plaça de Crevillent,303,15:10
17 – Plaça de Castella,49 – Av. Alicante 59,303,07:11
49 – Av. Alicante 59,15 – Av. Llibertat / Reina Victòria,302,16:44
35 – Hospital del Vinalopó,19 – Jesuïtines,302,17:05
56 – UMH / Torre Vaillo,46 – UMH / Rectorado,301,05:28
3 – Plaça de la Llotja,37 – Hort de Travaló,300,12:25
47 – C.P. Virgen de la Asunción,25 – Cor de Jesús,299,06:36
33 – Av. Libertat / l’Aljub,48 – Av. Corts Valencianes,299,08:33
21 – C.P. Mariano Benlliure,14 – Comissaria,299,16:31
16 – Jardí d’Asp,10 – L’Escorxador,299,14:17
20 – Antoni Mena / Fra Jaume Torres,13 – Jardí del 1r de Maig,299,12:37
49 – Av. Alicante 59,25 – Cor de Jesús,299,12:48
5 – Centre de Congressos,56 – UMH / Torre Vaillo,299,11:19
9 – Biblioteca de Sant Josep,30 – Squash,297,18:17
27 – UMH / Pavelló d’Esports,20 – Antoni Mena / Fra Jaume Torres,296,16:32
43 – Palmerars – Ciutat de la Justícia,40 – C.P. Baix Vinalopó,295,13:06
52 – Centro salud el Toscar,28 – Passeig de les Germanies,295,08:31
44 – Portes Encarnades,2 – Oficina de Turisme,295,10:42
33 – Av. Libertat / l’Aljub,24 – Policia Local,294,25:00
46 – UMH / Rectorado,18 – Poliesportiu d’Altabix,293,09:01
26 – UMH / Escola Oficial d’Idiomes,70 – Libertad-Diagonal,293,08:21
1 – Estació d’Autobusos,21 – C.P. Mariano Benlliure,293,15:20
1 – Estació d’Autobusos,39 – Francesc Cantó,292,10:10
8 – Polivalent de Carrús,7 – Pavelló Municipal,292,18:53
4 – Plaça del Raval,13 – Jardí del 1r de Maig,292,15:29
21 – C.P. Mariano Benlliure,26 – UMH / Escola Oficial d’Idiomes,291,17:28
50 – Borreguet,46 – UMH / Rectorado,291,12:02
25 – Cor de Jesús,50 – Borreguet,290,07:35
18 – Poliesportiu d’Altabix,9 – Biblioteca de Sant Josep,290,19:53
5 – Centre de Congressos,24 – Policia Local,290,14:51
24 – Policia Local,5 – Centre de Congressos,290,14:40
28 – Passeig de les Germanies,45 – Plaça de Barcelona,290,09:11
38 – Poliesportiu de Carrús,9 – Biblioteca de Sant Josep,289,12:42
45 – Plaça de Barcelona,4 – Plaça del Raval,289,10:28
39 – Francesc Cantó,9 – Biblioteca de Sant Josep,289,08:21
31 – Sant Antoni,4 – Plaça del Raval,288,14:00
11 – Plaça de Crevillent,39 – Francesc Cantó,288,11:08
50 – Borreguet,1 – Estació d’Autobusos,288,08:25
53 – C.P. Victor Pradera,37 – Hort de Travaló,288,09:50
8 – Polivalent de Carrús,27 – UMH / Pavelló d’Esports,288,16:37
18 – Poliesportiu d’Altabix,41 – Dipòsit Municipal de Carrús,288,19:46
18 – Poliesportiu d’Altabix,49 – Av. Alicante 59,287,08:42
28 – Passeig de les Germanies,53 – C.P. Victor Pradera,287,14:48
6 – Ajuntament,24 – Policia Local,286,17:37
47 – C.P. Virgen de la Asunción,5 – Centre de Congressos,285,08:56
51 – Ciudad deportiva zona sur,32 – Centre de Salut d’Altabix,285,06:14
5 – Centre de Congressos,29 – Casablanca,284,13:15
53 – C.P. Victor Pradera,30 – Squash,284,09:01
111 – Avenida Alicante 38,1 – Estació d’Autobusos,283,06:10
35 – Hospital del Vinalopó,8 – Polivalent de Carrús,283,13:08
45 – Plaça de Barcelona,9 – Biblioteca de Sant Josep,283,07:58
21 – C.P. Mariano Benlliure,10 – L’Escorxador,283,10:19
53 – C.P. Victor Pradera,18 – Poliesportiu d’Altabix,282,11:04
41 – Dipòsit Municipal de Carrús,49 – Av. Alicante 59,282,14:41
30 – Squash,9 – Biblioteca de Sant Josep,282,17:44
39 – Francesc Cantó,4 – Plaça del Raval,282,09:54
12 – Ambulatori de Sant Fermí,37 – Hort de Travaló,280,20:58
6 – Ajuntament,51 – Ciudad deportiva zona sur,280,13:11
17 – Plaça de Castella,39 – Francesc Cantó,279,15:39
19 – Jesuïtines,43 – Palmerars – Ciutat de la Justícia,279,08:05
6 – Ajuntament,38 – Poliesportiu de Carrús,279,13:18
2 – Oficina de Turisme,47 – C.P. Virgen de la Asunción,279,10:27
20 – Antoni Mena / Fra Jaume Torres,47 – C.P. Virgen de la Asunción,279,07:43
25 – Cor de Jesús,39 – Francesc Cantó,279,08:43
26 – UMH / Escola Oficial d’Idiomes,14 – Comissaria,279,11:17
47 – C.P. Virgen de la Asunción,28 – Passeig de les Germanies,278,04:18
29 – Casablanca,23 – Conrado del Campo / Trinquet,278,11:52
13 – Jardí del 1r de Maig,7 – Pavelló Municipal,278,18:22
3 – Plaça de la Llotja,42 – Multi Aventura Travaló,278,11:56
30 – Squash,11 – Plaça de Crevillent,277,20:17
53 – C.P. Victor Pradera,26 – UMH / Escola Oficial d’Idiomes,277,05:24
3 – Plaça de la Llotja,100 – C.S. Raval,277,10:37
4 – Plaça del Raval,55 – Pere Joan Perpinyà,277,07:43
19 – Jesuïtines,111 – Avenida Alicante 38,277,04:56
7 – Pavelló Municipal,20 – Antoni Mena / Fra Jaume Torres,276,19:43
18 – Poliesportiu d’Altabix,53 – C.P. Victor Pradera,275,10:17
39 – Francesc Cantó,7 – Pavelló Municipal,275,15:24
11 – Plaça de Crevillent,30 – Squash,275,20:17
5 – Centre de Congressos,16 – Jardí d’Asp,274,18:13
21 – C.P. Mariano Benlliure,32 – Centre de Salut d’Altabix,274,21:15
29 – Casablanca,21 – C.P. Mariano Benlliure,274,12:55
33 – Av. Libertat / l’Aljub,38 – Poliesportiu de Carrús,274,15:12
25 – Cor de Jesús,55 – Pere Joan Perpinyà,273,07:19
52 – Centro salud el Toscar,20 – Antoni Mena / Fra Jaume Torres,273,10:10
50 – Borreguet,43 – Palmerars – Ciutat de la Justícia,272,07:45
75 – L´aljub,28 – Passeig de les Germanies,272,08:56
46 – UMH / Rectorado,30 – Squash,272,09:56
47 – C.P. Virgen de la Asunción,2 – Oficina de Turisme,271,09:17
1 – Estació d’Autobusos,34 – Hospital General,271,11:54
29 – Casablanca,38 – Poliesportiu de Carrús,270,05:02
52 – Centro salud el Toscar,5 – Centre de Congressos,270,12:12
51 – Ciudad deportiva zona sur,40 – C.P. Baix Vinalopó,270,15:03
54 – Plaza de Benidorm,37 – Hort de Travaló,269,11:54
38 – Poliesportiu de Carrús,18 – Poliesportiu d’Altabix,268,17:23
23 – Conrado del Campo / Trinquet,8 – Polivalent de Carrús,268,12:50
6 – Ajuntament,43 – Palmerars – Ciutat de la Justícia,267,10:48
11 – Plaça de Crevillent,45 – Plaça de Barcelona,267,09:40
55 – Pere Joan Perpinyà,7 – Pavelló Municipal,267,17:53
49 – Av. Alicante 59,28 – Passeig de les Germanies,267,13:12
34 – Hospital General,37 – Hort de Travaló,267,11:51
4 – Plaça del Raval,94 – Parking Gran Teatre,266,04:57
7 – Pavelló Municipal,53 – C.P. Victor Pradera,266,08:58
100 – C.S. Raval,19 – Jesuïtines,266,07:08
34 – Hospital General,1 – Estació d’Autobusos,266,13:00
50 – Borreguet,21 – C.P. Mariano Benlliure,265,09:29
1 – Estació d’Autobusos,56 – UMH / Torre Vaillo,265,05:58
36 – I.E.S. Victoria Kent,53 – C.P. Victor Pradera,265,08:22
23 – Conrado del Campo / Trinquet,27 – UMH / Pavelló d’Esports,265,18:15
51 – Ciudad deportiva zona sur,17 – Plaça de Castella,265,06:40
10 – L’Escorxador,21 – C.P. Mariano Benlliure,265,10:06
8 – Polivalent de Carrús,53 – C.P. Victor Pradera,264,14:22
53 – C.P. Victor Pradera,54 – Plaza de Benidorm,264,05:16
29 – Casablanca,35 – Hospital del Vinalopó,264,17:32
21 – C.P. Mariano Benlliure,13 – Jardí del 1r de Maig,263,14:34
47 – C.P. Virgen de la Asunción,22 – Av. Llauradors / Eslava,263,08:28
15 – Av. Llibertat / Reina Victòria,38 – Poliesportiu de Carrús,263,12:00
40 – C.P. Baix Vinalopó,75 – L´aljub,263,11:30
19 – Jesuïtines,16 – Jardí d’Asp,262,17:05
18 – Poliesportiu d’Altabix,37 – Hort de Travaló,262,12:41
35 – Hospital del Vinalopó,47 – C.P. Virgen de la Asunción,262,09:32
15 – Av. Llibertat / Reina Victòria,96 – Puente de Santa Teresa,261,05:44
38 – Poliesportiu de Carrús,7 – Pavelló Municipal,261,17:11
27 – UMH / Pavelló d’Esports,22 – Av. Llauradors / Eslava,261,18:56
41 – Dipòsit Municipal de Carrús,17 – Plaça de Castella,261,15:05
44 – Portes Encarnades,54 – Plaza de Benidorm,260,12:40
36 – I.E.S. Victoria Kent,22 – Av. Llauradors / Eslava,260,16:55
11 – Plaça de Crevillent,41 – Dipòsit Municipal de Carrús,259,18:26
70 – Libertad-Diagonal,53 – C.P. Victor Pradera,259,09:27
24 – Policia Local,8 – Polivalent de Carrús,259,17:33
41 – Dipòsit Municipal de Carrús,8 – Polivalent de Carrús,259,09:37
24 – Policia Local,31 – Sant Antoni,258,08:10
33 – Av. Libertat / l’Aljub,18 – Poliesportiu d’Altabix,258,23:16
43 – Palmerars – Ciutat de la Justícia,19 – Jesuïtines,257,07:43
39 – Francesc Cantó,38 – Poliesportiu de Carrús,257,07:40
14 – Comissaria,55 – Pere Joan Perpinyà,257,10:54
75 – L´aljub,47 – C.P. Virgen de la Asunción,257,07:40
22 – Av. Llauradors / Eslava,30 – Squash,256,19:51
8 – Polivalent de Carrús,31 – Sant Antoni,256,20:13
49 – Av. Alicante 59,17 – Plaça de Castella,255,08:18
3 – Plaça de la Llotja,81 – C.S. Doctor Sapena,255,17:54
6 – Ajuntament,37 – Hort de Travaló,254,16:31
52 – Centro salud el Toscar,23 – Conrado del Campo / Trinquet,254,10:30
8 – Polivalent de Carrús,14 – Comissaria,253,14:24
41 – Dipòsit Municipal de Carrús,11 – Plaça de Crevillent,253,11:52
24 – Policia Local,33 – Av. Libertat / l’Aljub,252,22:53
10 – L’Escorxador,31 – Sant Antoni,252,10:17
55 – Pere Joan Perpinyà,4 – Plaça del Raval,252,08:16
45 – Plaça de Barcelona,20 – Antoni Mena / Fra Jaume Torres,251,08:54
18 – Poliesportiu d’Altabix,38 – Poliesportiu de Carrús,251,18:01
73 – Plaza de la aparadora,2 – Oficina de Turisme,250,09:25
18 – Poliesportiu d’Altabix,33 – Av. Libertat / l’Aljub,250,21:56
52 – Centro salud el Toscar,96 – Puente de Santa Teresa,250,09:05
35 – Hospital del Vinalopó,3 – Plaça de la Llotja,250,20:12
12 – Ambulatori de Sant Fermí,49 – Av. Alicante 59,249,13:50
22 – Av. Llauradors / Eslava,14 – Comissaria,249,12:19
34 – Hospital General,80 – Reina Victoria con Gabriel Miró,249,11:00
40 – C.P. Baix Vinalopó,109 – Parque Huerto del Torreret,249,12:18
50 – Borreguet,86 – El Corte Inglés,249,11:26
55 – Pere Joan Perpinyà,23 – Conrado del Campo / Trinquet,249,04:18
37 – Hort de Travaló,54 – Plaza de Benidorm,249,12:32
13 – Jardí del 1r de Maig,23 – Conrado del Campo / Trinquet,249,12:04
44 – Portes Encarnades,24 – Policia Local,248,16:13
54 – Plaza de Benidorm,18 – Poliesportiu d’Altabix,248,14:12
9 – Biblioteca de Sant Josep,38 – Poliesportiu de Carrús,247,15:39
18 – Poliesportiu d’Altabix,10 – L’Escorxador,247,18:48
32 – Centre de Salut d’Altabix,50 – Borreguet,247,12:31
15 – Av. Llibertat / Reina Victòria,24 – Policia Local,247,21:16
12 – Ambulatori de Sant Fermí,80 – Reina Victoria con Gabriel Miró,247,04:15
18 – Poliesportiu d’Altabix,45 – Plaça de Barcelona,246,16:14
25 – Cor de Jesús,49 – Av. Alicante 59,246,13:17
33 – Av. Libertat / l’Aljub,50 – Borreguet,246,12:29
44 – Portes Encarnades,35 – Hospital del Vinalopó,246,10:30
18 – Poliesportiu d’Altabix,4 – Plaça del Raval,246,19:32
19 – Jesuïtines,55 – Pere Joan Perpinyà,246,11:31
75 – L´aljub,96 – Puente de Santa Teresa,245,09:29
48 – Av. Corts Valencianes,28 – Passeig de les Germanies,245,09:37
39 – Francesc Cantó,19 – Jesuïtines,244,11:39
45 – Plaça de Barcelona,34 – Hospital General,243,14:03
23 – Conrado del Campo / Trinquet,55 – Pere Joan Perpinyà,243,04:28
15 – Av. Llibertat / Reina Victòria,44 – Portes Encarnades,243,11:29
39 – Francesc Cantó,109 – Parque Huerto del Torreret,243,15:36
37 – Hort de Travaló,1 – Estació d’Autobusos,243,17:23
3 – Plaça de la Llotja,51 – Ciudad deportiva zona sur,243,07:19
30 – Squash,22 – Av. Llauradors / Eslava,243,19:22
41 – Dipòsit Municipal de Carrús,29 – Casablanca,242,06:05
50 – Borreguet,8 – Polivalent de Carrús,242,11:40
24 – Policia Local,28 – Passeig de les Germanies,242,20:15
93 – Parque Rey Jaume I,9 – Biblioteca de Sant Josep,241,08:39
17 – Plaça de Castella,41 – Dipòsit Municipal de Carrús,240,19:50
1 – Estació d’Autobusos,111 – Avenida Alicante 38,240,07:16
36 – I.E.S. Victoria Kent,24 – Policia Local,240,09:49
33 – Av. Libertat / l’Aljub,35 – Hospital del Vinalopó,240,06:36
14 – Comissaria,8 – Polivalent de Carrús,239,14:53
31 – Sant Antoni,18 – Poliesportiu d’Altabix,239,11:57
46 – UMH / Rectorado,93 – Parque Rey Jaume I,239,06:32
39 – Francesc Cantó,27 – UMH / Pavelló d’Esports,239,14:32
4 – Plaça del Raval,31 – Sant Antoni,239,14:25
25 – Cor de Jesús,51 – Ciudad deportiva zona sur,239,14:57
53 – C.P. Victor Pradera,28 – Passeig de les Germanies,238,15:53
24 – Policia Local,51 – Ciudad deportiva zona sur,238,05:16
10 – L’Escorxador,33 – Av. Libertat / l’Aljub,238,14:07
40 – C.P. Baix Vinalopó,56 – UMH / Torre Vaillo,238,08:05
7 – Pavelló Municipal,23 – Conrado del Campo / Trinquet,237,20:23
46 – UMH / Rectorado,50 – Borreguet,236,10:23
50 – Borreguet,33 – Av. Libertat / l’Aljub,236,12:22
49 – Av. Alicante 59,41 – Dipòsit Municipal de Carrús,236,19:02
1 – Estació d’Autobusos,55 – Pere Joan Perpinyà,236,12:10
26 – UMH / Escola Oficial d’Idiomes,53 – C.P. Victor Pradera,236,05:37
9 – Biblioteca de Sant Josep,31 – Sant Antoni,235,15:50
20 – Antoni Mena / Fra Jaume Torres,27 – UMH / Pavelló d’Esports,234,19:33
34 – Hospital General,84 – Fernanda Santa María 64,234,08:25
34 – Hospital General,8 – Polivalent de Carrús,234,19:56
42 – Multi Aventura Travaló,7 – Pavelló Municipal,233,08:32
40 – C.P. Baix Vinalopó,29 – Casablanca,233,08:22
55 – Pere Joan Perpinyà,21 – C.P. Mariano Benlliure,232,03:31
23 – Conrado del Campo / Trinquet,38 – Poliesportiu de Carrús,232,15:19
14 – Comissaria,37 – Hort de Travaló,232,13:14
81 – C.S. Doctor Sapena,3 – Plaça de la Llotja,232,15:50
28 – Passeig de les Germanies,98 – IES Sixto Marco,231,10:51
47 – C.P. Virgen de la Asunción,19 – Jesuïtines,231,10:00
52 – Centro salud el Toscar,12 – Ambulatori de Sant Fermí,231,06:13
16 – Jardí d’Asp,35 – Hospital del Vinalopó,231,14:52
40 – C.P. Baix Vinalopó,71 – IES Carrús,230,07:11
65 – C.P. El toscar,71 – IES Carrús,230,04:27
25 – Cor de Jesús,24 – Policia Local,230,18:07
7 – Pavelló Municipal,42 – Multi Aventura Travaló,230,07:52
77 – Plaza Obispo Siuri,75 – L´aljub,230,07:46
41 – Dipòsit Municipal de Carrús,18 – Poliesportiu d’Altabix,229,16:45
7 – Pavelló Municipal,10 – L’Escorxador,229,16:41
50 – Borreguet,32 – Centre de Salut d’Altabix,229,12:00
25 – Cor de Jesús,45 – Plaça de Barcelona,228,07:19
37 – Hort de Travaló,5 – Centre de Congressos,228,16:14
38 – Poliesportiu de Carrús,55 – Pere Joan Perpinyà,228,11:23
9 – Biblioteca de Sant Josep,13 – Jardí del 1r de Maig,228,13:44
70 – Libertad-Diagonal,3 – Plaça de la Llotja,228,09:19
37 – Hort de Travaló,19 – Jesuïtines,228,15:51
47 – C.P. Virgen de la Asunción,32 – Centre de Salut d’Altabix,227,18:41
46 – UMH / Rectorado,15 – Av. Llibertat / Reina Victòria,226,14:05
86 – El Corte Inglés,50 – Borreguet,225,12:21
8 – Polivalent de Carrús,24 – Policia Local,225,18:06
37 – Hort de Travaló,3 – Plaça de la Llotja,225,13:50
5 – Centre de Congressos,100 – C.S. Raval,225,03:49
14 – Comissaria,20 – Antoni Mena / Fra Jaume Torres,225,13:09
34 – Hospital General,7 – Pavelló Municipal,225,13:32
30 – Squash,46 – UMH / Rectorado,225,09:57
100 – C.S. Raval,1 – Estació d’Autobusos,224,09:53
53 – C.P. Victor Pradera,45 – Plaça de Barcelona,224,12:51
42 – Multi Aventura Travaló,16 – Jardí d’Asp,224,18:02
39 – Francesc Cantó,23 – Conrado del Campo / Trinquet,224,10:14
14 – Comissaria,15 – Av. Llibertat / Reina Victòria,224,15:11
52 – Centro salud el Toscar,11 – Plaça de Crevillent,224,07:20
46 – UMH / Rectorado,4 – Plaça del Raval,223,11:51
35 – Hospital del Vinalopó,44 – Portes Encarnades,223,11:26
41 – Dipòsit Municipal de Carrús,40 – C.P. Baix Vinalopó,222,08:01
21 – C.P. Mariano Benlliure,96 – Puente de Santa Teresa,222,07:26
44 – Portes Encarnades,30 – Squash,222,15:04
80 – Reina Victoria con Gabriel Miró,19 – Jesuïtines,222,05:47
54 – Plaza de Benidorm,4 – Plaça del Raval,222,10:01
21 – C.P. Mariano Benlliure,36 – I.E.S. Victoria Kent,221,17:12
36 – I.E.S. Victoria Kent,45 – Plaça de Barcelona,221,16:03
1 – Estació d’Autobusos,37 – Hort de Travaló,221,15:12
15 – Av. Llibertat / Reina Victòria,55 – Pere Joan Perpinyà,220,07:54
1 – Estació d’Autobusos,100 – C.S. Raval,220,08:20
24 – Policia Local,7 – Pavelló Municipal,220,06:18
49 – Av. Alicante 59,26 – UMH / Escola Oficial d’Idiomes,220,07:03
20 – Antoni Mena / Fra Jaume Torres,39 – Francesc Cantó,220,10:35
33 – Av. Libertat / l’Aljub,7 – Pavelló Municipal,219,22:04
49 – Av. Alicante 59,40 – C.P. Baix Vinalopó,219,12:01
40 – C.P. Baix Vinalopó,10 – L’Escorxador,219,12:25
11 – Plaça de Crevillent,50 – Borreguet,219,08:53
24 – Policia Local,14 – Comissaria,219,11:22
47 – C.P. Virgen de la Asunción,90 – Centro salud el Pla,219,07:50
22 – Av. Llauradors / Eslava,36 – I.E.S. Victoria Kent,218,17:58
12 – Ambulatori de Sant Fermí,47 – C.P. Virgen de la Asunción,218,06:02
40 – C.P. Baix Vinalopó,51 – Ciudad deportiva zona sur,218,12:04
39 – Francesc Cantó,30 – Squash,218,17:55
81 – C.S. Doctor Sapena,9 – Biblioteca de Sant Josep,218,06:28
31 – Sant Antoni,49 – Av. Alicante 59,218,07:00
34 – Hospital General,53 – C.P. Victor Pradera,218,11:02
37 – Hort de Travaló,53 – C.P. Victor Pradera,217,13:02
65 – C.P. El toscar,76 – Puente Altamira,217,07:17
53 – C.P. Victor Pradera,25 – Cor de Jesús,217,12:28
53 – C.P. Victor Pradera,4 – Plaça del Raval,217,12:51
50 – Borreguet,2 – Oficina de Turisme,217,08:17
19 – Jesuïtines,42 – Multi Aventura Travaló,217,12:01
37 – Hort de Travaló,17 – Plaça de Castella,217,13:37
41 – Dipòsit Municipal de Carrús,53 – C.P. Victor Pradera,217,13:32
32 – Centre de Salut d’Altabix,43 – Palmerars – Ciutat de la Justícia,216,09:01
94 – Parking Gran Teatre,34 – Hospital General,216,06:48
9 – Biblioteca de Sant Josep,16 – Jardí d’Asp,215,17:42
17 – Plaça de Castella,56 – UMH / Torre Vaillo,215,08:08
114 – Jardin Biólogo Antonio de Zulueta,69 – Olegario Domarco Seller 44,215,15:41
9 – Biblioteca de Sant Josep,18 – Poliesportiu d’Altabix,215,21:08
18 – Poliesportiu d’Altabix,16 – Jardí d’Asp,215,20:31
16 – Jardí d’Asp,52 – Centro salud el Toscar,214,05:52
24 – Policia Local,44 – Portes Encarnades,214,16:37
21 – C.P. Mariano Benlliure,54 – Plaza de Benidorm,213,18:11
51 – Ciudad deportiva zona sur,15 – Av. Llibertat / Reina Victòria,212,18:49
31 – Sant Antoni,42 – Multi Aventura Travaló,212,05:34
51 – Ciudad deportiva zona sur,50 – Borreguet,211,12:54
48 – Av. Corts Valencianes,15 – Av. Llibertat / Reina Victòria,211,10:38
23 – Conrado del Campo / Trinquet,31 – Sant Antoni,211,14:34
22 – Av. Llauradors / Eslava,26 – UMH / Escola Oficial d’Idiomes,211,16:52
27 – UMH / Pavelló d’Esports,31 – Sant Antoni,211,10:20
52 – Centro salud el Toscar,33 – Av. Libertat / l’Aljub,210,05:05
20 – Antoni Mena / Fra Jaume Torres,14 – Comissaria,210,13:12
55 – Pere Joan Perpinyà,1 – Estació d’Autobusos,209,12:06
20 – Antoni Mena / Fra Jaume Torres,43 – Palmerars – Ciutat de la Justícia,209,11:30
1 – Estació d’Autobusos,70 – Libertad-Diagonal,208,05:10
69 – Olegario Domarco Seller 44,76 – Puente Altamira,208,04:55
55 – Pere Joan Perpinyà,111 – Avenida Alicante 38,208,13:48
48 – Av. Corts Valencianes,1 – Estació d’Autobusos,208,10:24
36 – I.E.S. Victoria Kent,29 – Casablanca,207,17:23
37 – Hort de Travaló,14 – Comissaria,207,12:07
40 – C.P. Baix Vinalopó,47 – C.P. Virgen de la Asunción,207,08:29
50 – Borreguet,4 – Plaça del Raval,207,07:27
22 – Av. Llauradors / Eslava,17 – Plaça de Castella,207,23:35
21 – C.P. Mariano Benlliure,93 – Parque Rey Jaume I,207,12:21
30 – Squash,44 – Portes Encarnades,207,14:32
19 – Jesuïtines,98 – IES Sixto Marco,206,04:37
52 – Centro salud el Toscar,53 – C.P. Victor Pradera,206,15:50
80 – Reina Victoria con Gabriel Miró,49 – Av. Alicante 59,206,11:10
75 – L´aljub,77 – Plaza Obispo Siuri,205,08:05
7 – Pavelló Municipal,38 – Poliesportiu de Carrús,205,19:03
55 – Pere Joan Perpinyà,3 – Plaça de la Llotja,205,16:58
56 – UMH / Torre Vaillo,1 – Estació d’Autobusos,204,04:50
11 – Plaça de Crevillent,18 – Poliesportiu d’Altabix,204,23:18
35 – Hospital del Vinalopó,2 – Oficina de Turisme,204,17:14
55 – Pere Joan Perpinyà,5 – Centre de Congressos,204,12:13
96 – Puente de Santa Teresa,94 – Parking Gran Teatre,204,04:09
25 – Cor de Jesús,53 – C.P. Victor Pradera,204,12:11
86 – El Corte Inglés,47 – C.P. Virgen de la Asunción,203,07:50
31 – Sant Antoni,23 – Conrado del Campo / Trinquet,203,15:26
24 – Policia Local,37 – Hort de Travaló,203,09:08
43 – Palmerars – Ciutat de la Justícia,6 – Ajuntament,203,11:50
25 – Cor de Jesús,81 – C.S. Doctor Sapena,203,08:46
7 – Pavelló Municipal,31 – Sant Antoni,203,08:32
85 – Sor Josefa Alcorta 34,96 – Puente de Santa Teresa,203,03:45
13 – Jardí del 1r de Maig,14 – Comissaria,202,15:29
36 – I.E.S. Victoria Kent,21 – C.P. Mariano Benlliure,202,18:13
17 – Plaça de Castella,42 – Multi Aventura Travaló,202,12:46
49 – Av. Alicante 59,31 – Sant Antoni,202,05:45
22 – Av. Llauradors / Eslava,40 – C.P. Baix Vinalopó,202,13:53
28 – Passeig de les Germanies,81 – C.S. Doctor Sapena,202,03:49
46 – UMH / Rectorado,70 – Libertad-Diagonal,202,08:52
37 – Hort de Travaló,34 – Hospital General,201,12:16
93 – Parque Rey Jaume I,30 – Squash,201,11:46
17 – Plaça de Castella,55 – Pere Joan Perpinyà,201,19:29
45 – Plaça de Barcelona,31 – Sant Antoni,201,19:05
26 – UMH / Escola Oficial d’Idiomes,54 – Plaza de Benidorm,201,07:54
36 – I.E.S. Victoria Kent,50 – Borreguet,201,12:41
29 – Casablanca,10 – L’Escorxador,200,13:47
41 – Dipòsit Municipal de Carrús,45 – Plaça de Barcelona,200,05:34
53 – C.P. Victor Pradera,7 – Pavelló Municipal,200,08:26
21 – C.P. Mariano Benlliure,17 – Plaça de Castella,200,22:35
7 – Pavelló Municipal,44 – Portes Encarnades,200,16:25
73 – Plaza de la aparadora,96 – Puente de Santa Teresa,200,05:37
96 – Puente de Santa Teresa,75 – L´aljub,199,10:01
27 – UMH / Pavelló d’Esports,44 – Portes Encarnades,199,15:14
53 – C.P. Victor Pradera,31 – Sant Antoni,198,09:05
50 – Borreguet,10 – L’Escorxador,198,04:57
21 – C.P. Mariano Benlliure,1 – Estació d’Autobusos,197,14:50
75 – L´aljub,40 – C.P. Baix Vinalopó,197,12:29
7 – Pavelló Municipal,37 – Hort de Travaló,197,09:18
26 – UMH / Escola Oficial d’Idiomes,34 – Hospital General,197,13:05
46 – UMH / Rectorado,47 – C.P. Virgen de la Asunción,196,15:47
31 – Sant Antoni,22 – Av. Llauradors / Eslava,196,15:23
18 – Poliesportiu d’Altabix,44 – Portes Encarnades,196,14:48
37 – Hort de Travaló,12 – Ambulatori de Sant Fermí,195,26:47
45 – Plaça de Barcelona,18 – Poliesportiu d’Altabix,195,18:52
55 – Pere Joan Perpinyà,15 – Av. Llibertat / Reina Victòria,195,09:06
78 – Jorge Juan 24,9 – Biblioteca de Sant Josep,194,04:05
4 – Plaça del Raval,43 – Palmerars – Ciutat de la Justícia,194,11:38
31 – Sant Antoni,15 – Av. Llibertat / Reina Victòria,194,20:29
30 – Squash,33 – Av. Libertat / l’Aljub,194,23:19
11 – Plaça de Crevillent,55 – Pere Joan Perpinyà,194,07:03
36 – I.E.S. Victoria Kent,54 – Plaza de Benidorm,194,07:26
50 – Borreguet,12 – Ambulatori de Sant Fermí,193,12:50
23 – Conrado del Campo / Trinquet,53 – C.P. Victor Pradera,193,17:41
51 – Ciudad deportiva zona sur,18 – Poliesportiu d’Altabix,192,10:31
13 – Jardí del 1r de Maig,38 – Poliesportiu de Carrús,192,05:09
31 – Sant Antoni,9 – Biblioteca de Sant Josep,192,15:24
44 – Portes Encarnades,40 – C.P. Baix Vinalopó,192,12:28
93 – Parque Rey Jaume I,40 – C.P. Baix Vinalopó,192,04:57
7 – Pavelló Municipal,33 – Av. Libertat / l’Aljub,191,20:56
48 – Av. Corts Valencianes,20 – Antoni Mena / Fra Jaume Torres,190,10:07
75 – L´aljub,79 – Intercambiador pasarela,190,08:31
109 – Parque Huerto del Torreret,55 – Pere Joan Perpinyà,190,17:22
94 – Parking Gran Teatre,44 – Portes Encarnades,189,05:23
18 – Poliesportiu d’Altabix,51 – Ciudad deportiva zona sur,189,07:08
36 – I.E.S. Victoria Kent,43 – Palmerars – Ciutat de la Justícia,188,06:04
20 – Antoni Mena / Fra Jaume Torres,7 – Pavelló Municipal,188,21:10
16 – Jardí d’Asp,36 – I.E.S. Victoria Kent,188,20:43
9 – Biblioteca de Sant Josep,48 – Av. Corts Valencianes,187,12:34
90 – Centro salud el Pla,47 – C.P. Virgen de la Asunción,187,08:54
20 – Antoni Mena / Fra Jaume Torres,38 – Poliesportiu de Carrús,187,14:55
23 – Conrado del Campo / Trinquet,24 – Policia Local,186,25:09
10 – L’Escorxador,18 – Poliesportiu d’Altabix,186,22:31
5 – Centre de Congressos,38 – Poliesportiu de Carrús,185,16:08
5 – Centre de Congressos,71 – IES Carrús,185,08:50
18 – Poliesportiu d’Altabix,55 – Pere Joan Perpinyà,185,18:21
45 – Plaça de Barcelona,22 – Av. Llauradors / Eslava,185,10:50
52 – Centro salud el Toscar,38 – Poliesportiu de Carrús,185,09:05
18 – Poliesportiu d’Altabix,13 – Jardí del 1r de Maig,185,21:01
102 – UMH-Altabix,27 – UMH / Pavelló d’Esports,184,04:38
28 – Passeig de les Germanies,39 – Francesc Cantó,184,10:23
23 – Conrado del Campo / Trinquet,39 – Francesc Cantó,184,13:11
31 – Sant Antoni,45 – Plaça de Barcelona,183,17:26
50 – Borreguet,25 – Cor de Jesús,183,08:59
79 – Intercambiador pasarela,9 – Biblioteca de Sant Josep,183,03:58
47 – C.P. Virgen de la Asunción,86 – El Corte Inglés,183,06:45
89 – CEIP Dama d´Elx,15 – Av. Llibertat / Reina Victòria,183,11:12
46 – UMH / Rectorado,33 – Av. Libertat / l’Aljub,183,16:30
54 – Plaza de Benidorm,35 – Hospital del Vinalopó,183,19:39
44 – Portes Encarnades,49 – Av. Alicante 59,182,13:24
47 – C.P. Virgen de la Asunción,1 – Estació d’Autobusos,182,10:33
17 – Plaça de Castella,103 – UMH-Altet,182,06:40
34 – Hospital General,29 – Casablanca,182,15:37
53 – C.P. Victor Pradera,22 – Av. Llauradors / Eslava,182,17:20
92 – Parking Candalix,2 – Oficina de Turisme,182,02:18
10 – L’Escorxador,85 – Sor Josefa Alcorta 34,181,05:59
94 – Parking Gran Teatre,31 – Sant Antoni,181,10:24
54 – Plaza de Benidorm,43 – Palmerars – Ciutat de la Justícia,181,06:16
13 – Jardí del 1r de Maig,18 – Poliesportiu d’Altabix,181,19:44
49 – Av. Alicante 59,93 – Parque Rey Jaume I,181,05:50
4 – Plaça del Raval,45 – Plaça de Barcelona,181,12:47
55 – Pere Joan Perpinyà,38 – Poliesportiu de Carrús,180,13:31
40 – C.P. Baix Vinalopó,49 – Av. Alicante 59,180,11:23
18 – Poliesportiu d’Altabix,56 – UMH / Torre Vaillo,180,09:43
21 – C.P. Mariano Benlliure,50 – Borreguet,180,09:37
44 – Portes Encarnades,50 – Borreguet,180,05:58
45 – Plaça de Barcelona,10 – L’Escorxador,179,13:44
79 – Intercambiador pasarela,75 – L´aljub,179,09:18
50 – Borreguet,11 – Plaça de Crevillent,179,09:51
55 – Pere Joan Perpinyà,11 – Plaça de Crevillent,179,06:36
29 – Casablanca,39 – Francesc Cantó,179,10:21
7 – Pavelló Municipal,14 – Comissaria,179,12:19
36 – I.E.S. Victoria Kent,49 – Av. Alicante 59,179,04:43
109 – Parque Huerto del Torreret,106 – Estadio Manolo Jaén,178,03:58
51 – Ciudad deportiva zona sur,44 – Portes Encarnades,178,15:55
28 – Passeig de les Germanies,75 – L´aljub,178,07:46
56 – UMH / Torre Vaillo,25 – Cor de Jesús,178,10:48
6 – Ajuntament,48 – Av. Corts Valencianes,178,14:15
53 – C.P. Victor Pradera,21 – C.P. Mariano Benlliure,177,18:09
53 – C.P. Victor Pradera,39 – Francesc Cantó,177,13:53
10 – L’Escorxador,50 – Borreguet,177,06:35
30 – Squash,115 – Passeig d´Atzavares,177,06:32
1 – Estació d’Autobusos,47 – C.P. Virgen de la Asunción,177,12:40
38 – Poliesportiu de Carrús,52 – Centro salud el Toscar,176,08:35
54 – Plaza de Benidorm,27 – UMH / Pavelló d’Esports,176,10:26
54 – Plaza de Benidorm,44 – Portes Encarnades,176,12:28
53 – C.P. Victor Pradera,70 – Libertad-Diagonal,175,10:11
32 – Centre de Salut d’Altabix,47 – C.P. Virgen de la Asunción,175,18:44
41 – Dipòsit Municipal de Carrús,69 – Olegario Domarco Seller 44,175,05:27
6 – Ajuntament,85 – Sor Josefa Alcorta 34,175,06:35
96 – Puente de Santa Teresa,84 – Fernanda Santa María 64,175,04:08
45 – Plaça de Barcelona,30 – Squash,174,19:03
4 – Plaça del Raval,18 – Poliesportiu d’Altabix,174,20:11
15 – Av. Llibertat / Reina Victòria,70 – Libertad-Diagonal,173,06:26
31 – Sant Antoni,27 – UMH / Pavelló d’Esports,173,11:13
80 – Reina Victoria con Gabriel Miró,9 – Biblioteca de Sant Josep,173,03:19
41 – Dipòsit Municipal de Carrús,13 – Jardí del 1r de Maig,173,04:20
9 – Biblioteca de Sant Josep,79 – Intercambiador pasarela,173,04:01
56 – UMH / Torre Vaillo,50 – Borreguet,173,10:46
39 – Francesc Cantó,18 – Poliesportiu d’Altabix,172,19:45
109 – Parque Huerto del Torreret,32 – Centre de Salut d’Altabix,172,07:11
11 – Plaça de Crevillent,24 – Policia Local,172,21:14
2 – Oficina de Turisme,70 – Libertad-Diagonal,172,05:58
10 – L’Escorxador,8 – Polivalent de Carrús,172,18:09
23 – Conrado del Campo / Trinquet,43 – Palmerars – Ciutat de la Justícia,171,11:54
43 – Palmerars – Ciutat de la Justícia,11 – Plaça de Crevillent,171,15:22
22 – Av. Llauradors / Eslava,31 – Sant Antoni,171,15:37
15 – Av. Llibertat / Reina Victòria,75 – L´aljub,171,06:38
38 – Poliesportiu de Carrús,36 – I.E.S. Victoria Kent,171,17:32
39 – Francesc Cantó,46 – UMH / Rectorado,171,13:20
49 – Av. Alicante 59,36 – I.E.S. Victoria Kent,170,06:14
3 – Plaça de la Llotja,93 – Parque Rey Jaume I,170,05:45
49 – Av. Alicante 59,18 – Poliesportiu d’Altabix,170,10:21
4 – Plaça del Raval,50 – Borreguet,170,12:47
34 – Hospital General,47 – C.P. Virgen de la Asunción,169,16:25
70 – Libertad-Diagonal,1 – Estació d’Autobusos,169,05:08
56 – UMH / Torre Vaillo,3 – Plaça de la Llotja,169,08:05
42 – Multi Aventura Travaló,14 – Comissaria,169,09:15
44 – Portes Encarnades,18 – Poliesportiu d’Altabix,168,17:27
30 – Squash,53 – C.P. Victor Pradera,168,11:34
102 – UMH-Altabix,40 – C.P. Baix Vinalopó,168,06:56
70 – Libertad-Diagonal,46 – UMH / Rectorado,168,09:04
53 – C.P. Victor Pradera,33 – Av. Libertat / l’Aljub,167,17:56
38 – Poliesportiu de Carrús,22 – Av. Llauradors / Eslava,167,15:05
96 – Puente de Santa Teresa,20 – Antoni Mena / Fra Jaume Torres,167,05:50
52 – Centro salud el Toscar,2 – Oficina de Turisme,167,11:56
55 – Pere Joan Perpinyà,14 – Comissaria,167,10:24
55 – Pere Joan Perpinyà,19 – Jesuïtines,166,12:10
93 – Parque Rey Jaume I,1 – Estació d’Autobusos,166,04:08
94 – Parking Gran Teatre,4 – Plaça del Raval,166,04:46
98 – IES Sixto Marco,28 – Passeig de les Germanies,166,10:21
2 – Oficina de Turisme,55 – Pere Joan Perpinyà,165,11:32
75 – L´aljub,21 – C.P. Mariano Benlliure,165,05:28
33 – Av. Libertat / l’Aljub,52 – Centro salud el Toscar,165,06:36
8 – Polivalent de Carrús,47 – C.P. Virgen de la Asunción,165,06:17
50 – Borreguet,30 – Squash,165,16:00
10 – L’Escorxador,7 – Pavelló Municipal,165,15:52
38 – Poliesportiu de Carrús,53 – C.P. Victor Pradera,164,13:00
102 – UMH-Altabix,5 – Centre de Congressos,164,08:53
39 – Francesc Cantó,36 – I.E.S. Victoria Kent,164,17:52
42 – Multi Aventura Travaló,32 – Centre de Salut d’Altabix,164,11:53
38 – Poliesportiu de Carrús,49 – Av. Alicante 59,164,17:26
39 – Francesc Cantó,21 – C.P. Mariano Benlliure,164,09:58
50 – Borreguet,22 – Av. Llauradors / Eslava,163,08:28
44 – Portes Encarnades,27 – UMH / Pavelló d’Esports,163,17:27
100 – C.S. Raval,75 – L´aljub,163,10:24
51 – Ciudad deportiva zona sur,30 – Squash,163,05:33
16 – Jardí d’Asp,50 – Borreguet,162,12:09
40 – C.P. Baix Vinalopó,74 – IES Nit de l´Albà,162,08:27
55 – Pere Joan Perpinyà,31 – Sant Antoni,162,13:56
108 – José Ferrández Cruz,51 – Ciudad deportiva zona sur,162,06:42
75 – L´aljub,12 – Ambulatori de Sant Fermí,162,10:54
7 – Pavelló Municipal,8 – Polivalent de Carrús,161,19:00
43 – Palmerars – Ciutat de la Justícia,23 – Conrado del Campo / Trinquet,161,13:42
26 – UMH / Escola Oficial d’Idiomes,49 – Av. Alicante 59,161,08:16
71 – IES Carrús,40 – C.P. Baix Vinalopó,161,06:58
6 – Ajuntament,50 – Borreguet,161,07:55
3 – Plaça de la Llotja,47 – C.P. Virgen de la Asunción,160,17:23
84 – Fernanda Santa María 64,34 – Hospital General,160,08:41
104 – UMH-Arenals,17 – Plaça de Castella,160,05:27
10 – L’Escorxador,24 – Policia Local,160,15:53
49 – Av. Alicante 59,44 – Portes Encarnades,160,11:44
34 – Hospital General,45 – Plaça de Barcelona,160,15:22
42 – Multi Aventura Travaló,37 – Hort de Travaló,160,06:19
17 – Plaça de Castella,109 – Parque Huerto del Torreret,160,04:37
34 – Hospital General,27 – UMH / Pavelló d’Esports,160,13:48
1 – Estació d’Autobusos,78 – Jorge Juan 24,159,08:12
44 – Portes Encarnades,15 – Av. Llibertat / Reina Victòria,159,12:12
5 – Centre de Congressos,99 – IES La Asunción,159,06:17
53 – C.P. Victor Pradera,32 – Centre de Salut d’Altabix,159,04:41
51 – Ciudad deportiva zona sur,25 – Cor de Jesús,158,14:30
2 – Oficina de Turisme,92 – Parking Candalix,158,02:10
53 – C.P. Victor Pradera,49 – Av. Alicante 59,158,04:45
4 – Plaça del Raval,54 – Plaza de Benidorm,157,11:28
17 – Plaça de Castella,101 – UMH-La Galia,157,08:58
22 – Av. Llauradors / Eslava,29 – Casablanca,157,14:34
31 – Sant Antoni,53 – C.P. Victor Pradera,157,11:49
32 – Centre de Salut d’Altabix,53 – C.P. Victor Pradera,157,05:55
70 – Libertad-Diagonal,9 – Biblioteca de Sant Josep,156,06:48
43 – Palmerars – Ciutat de la Justícia,36 – I.E.S. Victoria Kent,156,06:31
76 – Puente Altamira,96 – Puente de Santa Teresa,156,05:37
55 – Pere Joan Perpinyà,18 – Poliesportiu d’Altabix,156,21:37
9 – Biblioteca de Sant Josep,93 – Parque Rey Jaume I,156,10:15
31 – Sant Antoni,54 – Plaza de Benidorm,156,09:24
92 – Parking Candalix,94 – Parking Gran Teatre,156,05:42
7 – Pavelló Municipal,39 – Francesc Cantó,156,16:29
5 – Centre de Congressos,42 – Multi Aventura Travaló,156,12:48
44 – Portes Encarnades,94 – Parking Gran Teatre,155,06:49
34 – Hospital General,33 – Av. Libertat / l’Aljub,155,15:50
52 – Centro salud el Toscar,16 – Jardí d’Asp,155,07:25
33 – Av. Libertat / l’Aljub,53 – C.P. Victor Pradera,155,19:28
62 – Calle Inca con brea,78 – Jorge Juan 24,155,09:24
13 – Jardí del 1r de Maig,44 – Portes Encarnades,155,13:43
30 – Squash,45 – Plaça de Barcelona,155,19:08
31 – Sant Antoni,7 – Pavelló Municipal,155,09:16
86 – El Corte Inglés,91 – Centro social el Pla,154,05:18
46 – UMH / Rectorado,45 – Plaça de Barcelona,154,11:00
43 – Palmerars – Ciutat de la Justícia,28 – Passeig de les Germanies,154,13:42
78 – Jorge Juan 24,34 – Hospital General,154,12:22
30 – Squash,16 – Jardí d’Asp,154,24:02
33 – Av. Libertat / l’Aljub,54 – Plaza de Benidorm,154,18:01
12 – Ambulatori de Sant Fermí,48 – Av. Corts Valencianes,153,10:56
30 – Squash,38 – Poliesportiu de Carrús,153,23:01
53 – C.P. Victor Pradera,11 – Plaça de Crevillent,153,15:25
75 – L´aljub,15 – Av. Llibertat / Reina Victòria,153,07:56
53 – C.P. Victor Pradera,10 – L’Escorxador,153,11:56
52 – Centro salud el Toscar,55 – Pere Joan Perpinyà,153,07:42
7 – Pavelló Municipal,13 – Jardí del 1r de Maig,153,19:12
70 – Libertad-Diagonal,11 – Plaça de Crevillent,153,07:07
101 – UMH-La Galia,17 – Plaça de Castella,152,09:06
24 – Policia Local,49 – Av. Alicante 59,152,08:12
37 – Hort de Travaló,42 – Multi Aventura Travaló,152,05:24
3 – Plaça de la Llotja,46 – UMH / Rectorado,152,05:05
103 – UMH-Altet,17 – Plaça de Castella,152,07:52
45 – Plaça de Barcelona,53 – C.P. Victor Pradera,152,13:17
47 – C.P. Virgen de la Asunción,21 – C.P. Mariano Benlliure,152,06:28
85 – Sor Josefa Alcorta 34,33 – Av. Libertat / l’Aljub,151,08:10
68 – Arturo Salvetti Pardo,36 – I.E.S. Victoria Kent,151,15:48
12 – Ambulatori de Sant Fermí,45 – Plaça de Barcelona,151,08:43
113 – Alcalde Juan Hernández,19 – Jesuïtines,151,12:11
26 – UMH / Escola Oficial d’Idiomes,55 – Pere Joan Perpinyà,151,15:06
21 – C.P. Mariano Benlliure,16 – Jardí d’Asp,150,14:43
39 – Francesc Cantó,53 – C.P. Victor Pradera,150,12:58
48 – Av. Corts Valencianes,16 – Jardí d’Asp,150,07:16
38 – Poliesportiu de Carrús,34 – Hospital General,150,18:51
11 – Plaça de Crevillent,51 – Ciudad deportiva zona sur,150,17:51
105 – Almansa con Avda. Novelda,12 – Ambulatori de Sant Fermí,150,07:42
80 – Reina Victoria con Gabriel Miró,2 – Oficina de Turisme,150,05:36
14 – Comissaria,42 – Multi Aventura Travaló,149,09:46
27 – UMH / Pavelló d’Esports,54 – Plaza de Benidorm,149,10:59
27 – UMH / Pavelló d’Esports,49 – Av. Alicante 59,149,07:49
44 – Portes Encarnades,10 – L’Escorxador,149,06:08
9 – Biblioteca de Sant Josep,24 – Policia Local,149,20:24
46 – UMH / Rectorado,11 – Plaça de Crevillent,149,14:36
54 – Plaza de Benidorm,33 – Av. Libertat / l’Aljub,148,17:17
77 – Plaza Obispo Siuri,34 – Hospital General,148,14:03
106 – Estadio Manolo Jaén,109 – Parque Huerto del Torreret,148,03:59
54 – Plaza de Benidorm,93 – Parque Rey Jaume I,148,05:11
53 – C.P. Victor Pradera,23 – Conrado del Campo / Trinquet,148,16:49
43 – Palmerars – Ciutat de la Justícia,54 – Plaza de Benidorm,148,07:04
56 – UMH / Torre Vaillo,19 – Jesuïtines,148,09:36
19 – Jesuïtines,113 – Alcalde Juan Hernández,148,10:10
48 – Av. Corts Valencianes,11 – Plaça de Crevillent,148,09:28
42 – Multi Aventura Travaló,44 – Portes Encarnades,147,12:24
93 – Parque Rey Jaume I,27 – UMH / Pavelló d’Esports,147,09:45
43 – Palmerars – Ciutat de la Justícia,12 – Ambulatori de Sant Fermí,147,16:49
16 – Jardí d’Asp,46 – UMH / Rectorado,147,14:59
85 – Sor Josefa Alcorta 34,10 – L’Escorxador,147,06:04
33 – Av. Libertat / l’Aljub,30 – Squash,147,24:23
44 – Portes Encarnades,7 – Pavelló Municipal,147,19:04
45 – Plaça de Barcelona,47 – C.P. Virgen de la Asunción,147,05:17
115 – Passeig d´Atzavares,30 – Squash,146,07:07
54 – Plaza de Benidorm,20 – Antoni Mena / Fra Jaume Torres,146,14:23
94 – Parking Gran Teatre,47 – C.P. Virgen de la Asunción,146,08:28
27 – UMH / Pavelló d’Esports,34 – Hospital General,146,12:24
25 – Cor de Jesús,47 – C.P. Virgen de la Asunción,145,08:19
18 – Poliesportiu d’Altabix,20 – Antoni Mena / Fra Jaume Torres,145,21:33
2 – Oficina de Turisme,80 – Reina Victoria con Gabriel Miró,145,05:39
19 – Jesuïtines,56 – UMH / Torre Vaillo,145,09:58
51 – Ciudad deportiva zona sur,11 – Plaça de Crevillent,144,16:18
6 – Ajuntament,100 – C.S. Raval,144,06:44
32 – Centre de Salut d’Altabix,109 – Parque Huerto del Torreret,143,07:19
37 – Hort de Travaló,28 – Passeig de les Germanies,143,20:22
41 – Dipòsit Municipal de Carrús,5 – Centre de Congressos,143,13:38
29 – Casablanca,24 – Policia Local,143,16:15
54 – Plaza de Benidorm,24 – Policia Local,143,11:58
5 – Centre de Congressos,85 – Sor Josefa Alcorta 34,143,07:09
34 – Hospital General,85 – Sor Josefa Alcorta 34,143,09:02
46 – UMH / Rectorado,28 – Passeig de les Germanies,143,12:48
109 – Parque Huerto del Torreret,17 – Plaça de Castella,143,05:25
47 – C.P. Virgen de la Asunción,87 – CEIP Sanchis Guarner,143,07:44
38 – Poliesportiu de Carrús,37 – Hort de Travaló,142,26:33
2 – Oficina de Turisme,37 – Hort de Travaló,142,19:59
98 – IES Sixto Marco,19 – Jesuïtines,142,05:17
74 – IES Nit de l´Albà,15 – Av. Llibertat / Reina Victòria,142,03:29
46 – UMH / Rectorado,3 – Plaça de la Llotja,142,05:41
12 – Ambulatori de Sant Fermí,85 – Sor Josefa Alcorta 34,142,07:17
50 – Borreguet,36 – I.E.S. Victoria Kent,142,11:50
39 – Francesc Cantó,8 – Polivalent de Carrús,142,09:30
109 – Parque Huerto del Torreret,45 – Plaça de Barcelona,141,17:52
111 – Avenida Alicante 38,55 – Pere Joan Perpinyà,141,13:48
16 – Jardí d’Asp,44 – Portes Encarnades,141,14:00
82 – Antonio Machado 73,78 – Jorge Juan 24,141,07:42
75 – L´aljub,93 – Parque Rey Jaume I,141,17:33
45 – Plaça de Barcelona,76 – Puente Altamira,141,04:51
39 – Francesc Cantó,13 – Jardí del 1r de Maig,141,08:30
96 – Puente de Santa Teresa,76 – Puente Altamira,140,05:55
49 – Av. Alicante 59,50 – Borreguet,140,10:49
4 – Plaça del Raval,49 – Av. Alicante 59,140,12:59
12 – Ambulatori de Sant Fermí,81 – C.S. Doctor Sapena,140,07:01
100 – C.S. Raval,5 – Centre de Congressos,140,05:31
96 – Puente de Santa Teresa,85 – Sor Josefa Alcorta 34,140,04:17
9 – Biblioteca de Sant Josep,46 – UMH / Rectorado,139,13:51
38 – Poliesportiu de Carrús,46 – UMH / Rectorado,139,13:08
50 – Borreguet,9 – Biblioteca de Sant Josep,139,05:45
98 – IES Sixto Marco,17 – Plaça de Castella,139,12:48
50 – Borreguet,51 – Ciudad deportiva zona sur,139,12:23
51 – Ciudad deportiva zona sur,37 – Hort de Travaló,139,09:43
15 – Av. Llibertat / Reina Victòria,47 – C.P. Virgen de la Asunción,139,04:19
82 – Antonio Machado 73,83 – Conrado del campo 35,138,05:23
37 – Hort de Travaló,49 – Av. Alicante 59,138,10:47
68 – Arturo Salvetti Pardo,47 – C.P. Virgen de la Asunción,138,07:58
94 – Parking Gran Teatre,50 – Borreguet,138,04:04
94 – Parking Gran Teatre,1 – Estació d’Autobusos,138,05:57
23 – Conrado del Campo / Trinquet,41 – Dipòsit Municipal de Carrús,138,20:49
34 – Hospital General,94 – Parking Gran Teatre,138,09:01
55 – Pere Joan Perpinyà,50 – Borreguet,138,09:32
31 – Sant Antoni,10 – L’Escorxador,137,10:19
5 – Centre de Congressos,93 – Parque Rey Jaume I,137,04:34
79 – Intercambiador pasarela,11 – Plaça de Crevillent,137,05:52
45 – Plaça de Barcelona,44 – Portes Encarnades,137,12:20
25 – Cor de Jesús,37 – Hort de Travaló,137,19:03
107 – Josefina Manresa,36 – I.E.S. Victoria Kent,136,07:55
4 – Plaça del Raval,39 – Francesc Cantó,136,15:41
18 – Poliesportiu d’Altabix,29 – Casablanca,136,16:58
29 – Casablanca,44 – Portes Encarnades,136,12:02
33 – Av. Libertat / l’Aljub,36 – I.E.S. Victoria Kent,136,20:39
20 – Antoni Mena / Fra Jaume Torres,54 – Plaza de Benidorm,136,17:36
102 – UMH-Altabix,2 – Oficina de Turisme,136,07:33
75 – L´aljub,6 – Ajuntament,136,12:48
111 – Avenida Alicante 38,102 – UMH-Altabix,135,06:49
43 – Palmerars – Ciutat de la Justícia,25 – Cor de Jesús,135,11:43
40 – C.P. Baix Vinalopó,35 – Hospital del Vinalopó,135,15:40
18 – Poliesportiu d’Altabix,39 – Francesc Cantó,135,20:05
52 – Centro salud el Toscar,15 – Av. Llibertat / Reina Victòria,135,04:09
49 – Av. Alicante 59,27 – UMH / Pavelló d’Esports,135,08:01
23 – Conrado del Campo / Trinquet,45 – Plaça de Barcelona,134,12:57
11 – Plaça de Crevillent,100 – C.S. Raval,134,09:04
54 – Plaza de Benidorm,83 – Conrado del campo 35,134,11:47
10 – L’Escorxador,40 – C.P. Baix Vinalopó,134,14:09
54 – Plaza de Benidorm,8 – Polivalent de Carrús,134,13:55
46 – UMH / Rectorado,39 – Francesc Cantó,134,13:53
15 – Av. Llibertat / Reina Victòria,80 – Reina Victoria con Gabriel Miró,134,05:11
11 – Plaça de Crevillent,49 – Av. Alicante 59,134,16:16
45 – Plaça de Barcelona,23 – Conrado del Campo / Trinquet,134,12:58
29 – Casablanca,18 – Poliesportiu d’Altabix,133,18:00
75 – L´aljub,25 – Cor de Jesús,133,10:43
39 – Francesc Cantó,47 – C.P. Virgen de la Asunción,133,06:03
102 – UMH-Altabix,53 – C.P. Victor Pradera,133,06:31
43 – Palmerars – Ciutat de la Justícia,42 – Multi Aventura Travaló,133,06:19
45 – Plaça de Barcelona,38 – Poliesportiu de Carrús,133,08:35
79 – Intercambiador pasarela,81 – C.S. Doctor Sapena,133,07:11
49 – Av. Alicante 59,37 – Hort de Travaló,133,09:27
42 – Multi Aventura Travaló,31 – Sant Antoni,133,06:25
104 – UMH-Arenals,53 – C.P. Victor Pradera,133,10:07
28 – Passeig de les Germanies,46 – UMH / Rectorado,133,13:41
76 – Puente Altamira,40 – C.P. Baix Vinalopó,132,04:10
75 – L´aljub,3 – Plaça de la Llotja,132,19:53
6 – Ajuntament,92 – Parking Candalix,132,05:42
40 – C.P. Baix Vinalopó,102 – UMH-Altabix,132,06:57
75 – L´aljub,11 – Plaça de Crevillent,132,06:49
9 – Biblioteca de Sant Josep,51 – Ciudad deportiva zona sur,132,18:05
49 – Av. Alicante 59,38 – Poliesportiu de Carrús,132,20:02
86 – El Corte Inglés,25 – Cor de Jesús,131,08:54
45 – Plaça de Barcelona,54 – Plaza de Benidorm,131,13:39
44 – Portes Encarnades,75 – L´aljub,131,11:05
2 – Oficina de Turisme,51 – Ciudad deportiva zona sur,131,14:21
96 – Puente de Santa Teresa,2 – Oficina de Turisme,131,07:14
47 – C.P. Virgen de la Asunción,68 – Arturo Salvetti Pardo,131,10:35
96 – Puente de Santa Teresa,1 – Estació d’Autobusos,130,09:42
77 – Plaza Obispo Siuri,54 – Plaza de Benidorm,130,12:00
5 – Centre de Congressos,39 – Francesc Cantó,130,13:48
81 – C.S. Doctor Sapena,78 – Jorge Juan 24,130,04:57
52 – Centro salud el Toscar,32 – Centre de Salut d’Altabix,130,17:41
79 – Intercambiador pasarela,4 – Plaça del Raval,130,05:17
4 – Plaça del Raval,38 – Poliesportiu de Carrús,129,16:25
23 – Conrado del Campo / Trinquet,29 – Casablanca,129,13:27
69 – Olegario Domarco Seller 44,1 – Estació d’Autobusos,129,06:02
47 – C.P. Virgen de la Asunción,75 – L´aljub,129,08:32
80 – Reina Victoria con Gabriel Miró,5 – Centre de Congressos,129,05:43
53 – C.P. Victor Pradera,9 – Biblioteca de Sant Josep,129,15:45
5 – Centre de Congressos,102 – UMH-Altabix,129,09:58
44 – Portes Encarnades,51 – Ciudad deportiva zona sur,129,15:29
85 – Sor Josefa Alcorta 34,94 – Parking Gran Teatre,129,06:41
30 – Squash,20 – Antoni Mena / Fra Jaume Torres,129,21:06
11 – Plaça de Crevillent,43 – Palmerars – Ciutat de la Justícia,129,14:21
19 – Jesuïtines,39 – Francesc Cantó,129,12:30
109 – Parque Huerto del Torreret,40 – C.P. Baix Vinalopó,128,13:49
98 – IES Sixto Marco,12 – Ambulatori de Sant Fermí,128,12:14
104 – UMH-Arenals,102 – UMH-Altabix,128,06:30
65 – C.P. El toscar,70 – Libertad-Diagonal,128,08:50
38 – Poliesportiu de Carrús,10 – L’Escorxador,128,15:59
23 – Conrado del Campo / Trinquet,52 – Centro salud el Toscar,128,14:15
30 – Squash,51 – Ciudad deportiva zona sur,128,06:27
46 – UMH / Rectorado,51 – Ciudad deportiva zona sur,128,08:32
42 – Multi Aventura Travaló,3 – Plaça de la Llotja,128,12:54
86 – El Corte Inglés,96 – Puente de Santa Teresa,127,18:34
52 – Centro salud el Toscar,19 – Jesuïtines,127,12:29
39 – Francesc Cantó,29 – Casablanca,127,09:10
106 – Estadio Manolo Jaén,18 – Poliesportiu d’Altabix,127,03:33
11 – Plaça de Crevillent,88 – Pistas del Pla,127,04:43
89 – CEIP Dama d´Elx,83 – Conrado del campo 35,127,03:54
29 – Casablanca,27 – UMH / Pavelló d’Esports,127,12:05
28 – Passeig de les Germanies,41 – Dipòsit Municipal de Carrús,126,15:36
54 – Plaza de Benidorm,77 – Plaza Obispo Siuri,126,12:01
18 – Poliesportiu d’Altabix,106 – Estadio Manolo Jaén,126,03:45
2 – Oficina de Turisme,89 – CEIP Dama d´Elx,126,09:44
4 – Plaça del Raval,53 – C.P. Victor Pradera,126,13:10
110 – Avda Novelda con Obispo Barrachina,74 – IES Nit de l´Albà,126,07:18
11 – Plaça de Crevillent,48 – Av. Corts Valencianes,126,10:15
27 – UMH / Pavelló d’Esports,93 – Parque Rey Jaume I,125,09:12
37 – Hort de Travaló,7 – Pavelló Municipal,125,09:31
37 – Hort de Travaló,4 – Plaça del Raval,124,17:55
44 – Portes Encarnades,42 – Multi Aventura Travaló,124,13:19
55 – Pere Joan Perpinyà,96 – Puente de Santa Teresa,124,05:58
28 – Passeig de les Germanies,69 – Olegario Domarco Seller 44,124,10:04
30 – Squash,50 – Borreguet,124,15:13
72 – Plaza de madrid,1 – Estació d’Autobusos,124,09:47
4 – Plaça del Raval,47 – C.P. Virgen de la Asunción,124,10:55
1 – Estació d’Autobusos,80 – Reina Victoria con Gabriel Miró,124,08:55
9 – Biblioteca de Sant Josep,84 – Fernanda Santa María 64,124,06:51
38 – Poliesportiu de Carrús,93 – Parque Rey Jaume I,124,09:14
75 – L´aljub,55 – Pere Joan Perpinyà,124,07:21
15 – Av. Llibertat / Reina Victòria,78 – Jorge Juan 24,123,04:28
109 – Parque Huerto del Torreret,19 – Jesuïtines,123,12:05
18 – Poliesportiu d’Altabix,23 – Conrado del Campo / Trinquet,123,23:19
49 – Av. Alicante 59,14 – Comissaria,123,06:42
110 – Avda Novelda con Obispo Barrachina,4 – Plaça del Raval,123,11:04
75 – L´aljub,4 – Plaça del Raval,123,11:38
36 – I.E.S. Victoria Kent,68 – Arturo Salvetti Pardo,123,22:33
43 – Palmerars – Ciutat de la Justícia,44 – Portes Encarnades,123,08:25
51 – Ciudad deportiva zona sur,27 – UMH / Pavelló d’Esports,123,08:45
46 – UMH / Rectorado,103 – UMH-Altet,123,05:34
77 – Plaza Obispo Siuri,81 – C.S. Doctor Sapena,122,04:00
49 – Av. Alicante 59,109 – Parque Huerto del Torreret,122,06:48
12 – Ambulatori de Sant Fermí,52 – Centro salud el Toscar,122,07:48
99 – IES La Asunción,5 – Centre de Congressos,122,07:31
33 – Av. Libertat / l’Aljub,85 – Sor Josefa Alcorta 34,122,07:43
51 – Ciudad deportiva zona sur,2 – Oficina de Turisme,122,12:55
22 – Av. Llauradors / Eslava,53 – C.P. Victor Pradera,122,19:15
6 – Ajuntament,42 – Multi Aventura Travaló,122,15:04
55 – Pere Joan Perpinyà,36 – I.E.S. Victoria Kent,122,16:18
93 – Parque Rey Jaume I,54 – Plaza de Benidorm,122,05:14
9 – Biblioteca de Sant Josep,47 – C.P. Virgen de la Asunción,121,08:31
28 – Passeig de les Germanies,24 – Policia Local,121,18:00
50 – Borreguet,6 – Ajuntament,121,10:59
79 – Intercambiador pasarela,34 – Hospital General,121,09:26
11 – Plaça de Crevillent,79 – Intercambiador pasarela,121,06:59
90 – Centro salud el Pla,50 – Borreguet,121,05:25
72 – Plaza de madrid,40 – C.P. Baix Vinalopó,121,06:55
34 – Hospital General,35 – Hospital del Vinalopó,121,17:51
46 – UMH / Rectorado,101 – UMH-La Galia,121,05:15
43 – Palmerars – Ciutat de la Justícia,29 – Casablanca,121,16:24
9 – Biblioteca de Sant Josep,53 – C.P. Victor Pradera,121,18:54
17 – Plaça de Castella,44 – Portes Encarnades,120,15:50
38 – Poliesportiu de Carrús,70 – Libertad-Diagonal,120,05:48
106 – Estadio Manolo Jaén,98 – IES Sixto Marco,120,10:01
44 – Portes Encarnades,85 – Sor Josefa Alcorta 34,120,03:23
70 – Libertad-Diagonal,15 – Av. Llibertat / Reina Victòria,120,06:01
51 – Ciudad deportiva zona sur,12 – Ambulatori de Sant Fermí,120,17:17
78 – Jorge Juan 24,6 – Ajuntament,120,03:59
52 – Centro salud el Toscar,1 – Estació d’Autobusos,119,11:38
43 – Palmerars – Ciutat de la Justícia,20 – Antoni Mena / Fra Jaume Torres,119,14:11
47 – C.P. Virgen de la Asunción,36 – I.E.S. Victoria Kent,119,18:23
105 – Almansa con Avda. Novelda,78 – Jorge Juan 24,119,07:53
6 – Ajuntament,86 – El Corte Inglés,119,11:46
18 – Poliesportiu d’Altabix,22 – Av. Llauradors / Eslava,119,21:42
20 – Antoni Mena / Fra Jaume Torres,30 – Squash,119,22:09
56 – UMH / Torre Vaillo,28 – Passeig de les Germanies,119,13:53
75 – L´aljub,100 – C.S. Raval,119,10:46
50 – Borreguet,7 – Pavelló Municipal,119,14:35
30 – Squash,39 – Francesc Cantó,119,19:43
81 – C.S. Doctor Sapena,79 – Intercambiador pasarela,119,04:54
40 – C.P. Baix Vinalopó,72 – Plaza de madrid,119,07:32
30 – Squash,21 – C.P. Mariano Benlliure,119,21:07
15 – Av. Llibertat / Reina Victòria,49 – Av. Alicante 59,119,15:28
24 – Policia Local,10 – L’Escorxador,119,16:29
12 – Ambulatori de Sant Fermí,75 – L´aljub,118,09:57
16 – Jardí d’Asp,42 – Multi Aventura Travaló,118,17:07
31 – Sant Antoni,11 – Plaça de Crevillent,118,18:41
19 – Jesuïtines,109 – Parque Huerto del Torreret,118,12:18
71 – IES Carrús,33 – Av. Libertat / l’Aljub,118,10:22
21 – C.P. Mariano Benlliure,29 – Casablanca,118,15:13
45 – Plaça de Barcelona,39 – Francesc Cantó,118,11:42
54 – Plaza de Benidorm,109 – Parque Huerto del Torreret,118,09:16
105 – Almansa con Avda. Novelda,110 – Avda Novelda con Obispo Barrachina,118,04:44
70 – Libertad-Diagonal,2 – Oficina de Turisme,117,06:07
37 – Hort de Travaló,25 – Cor de Jesús,117,19:18
55 – Pere Joan Perpinyà,24 – Policia Local,117,21:24
27 – UMH / Pavelló d’Esports,29 – Casablanca,117,13:25
36 – I.E.S. Victoria Kent,39 – Francesc Cantó,117,19:26
69 – Olegario Domarco Seller 44,51 – Ciudad deportiva zona sur,117,14:03
11 – Plaça de Crevillent,96 – Puente de Santa Teresa,117,05:39
22 – Av. Llauradors / Eslava,38 – Poliesportiu de Carrús,117,20:31
68 – Arturo Salvetti Pardo,12 – Ambulatori de Sant Fermí,117,04:24
32 – Centre de Salut d’Altabix,49 – Av. Alicante 59,117,06:18
75 – L´aljub,22 – Av. Llauradors / Eslava,116,08:59
75 – L´aljub,86 – El Corte Inglés,116,06:05
80 – Reina Victoria con Gabriel Miró,6 – Ajuntament,116,03:06
100 – C.S. Raval,11 – Plaça de Crevillent,116,08:59
100 – C.S. Raval,99 – IES La Asunción,116,06:11
34 – Hospital General,97 – Huerto del cura,116,06:19
111 – Avenida Alicante 38,84 – Fernanda Santa María 64,116,13:25
50 – Borreguet,49 – Av. Alicante 59,116,10:18
47 – C.P. Virgen de la Asunción,46 – UMH / Rectorado,116,17:37
84 – Fernanda Santa María 64,111 – Avenida Alicante 38,116,13:12
10 – L’Escorxador,54 – Plaza de Benidorm,116,11:36
97 – Huerto del cura,34 – Hospital General,116,05:42
20 – Antoni Mena / Fra Jaume Torres,18 – Poliesportiu d’Altabix,116,24:00
53 – C.P. Victor Pradera,102 – UMH-Altabix,115,05:47
6 – Ajuntament,81 – C.S. Doctor Sapena,115,06:47
102 – UMH-Altabix,19 – Jesuïtines,115,08:40
102 – UMH-Altabix,17 – Plaça de Castella,115,09:01
24 – Policia Local,34 – Hospital General,115,12:48
49 – Av. Alicante 59,9 – Biblioteca de Sant Josep,115,13:50
7 – Pavelló Municipal,22 – Av. Llauradors / Eslava,115,20:48
84 – Fernanda Santa María 64,96 – Puente de Santa Teresa,115,04:50
15 – Av. Llibertat / Reina Victòria,46 – UMH / Rectorado,115,14:10
9 – Biblioteca de Sant Josep,45 – Plaça de Barcelona,114,11:28
71 – IES Carrús,1 – Estació d’Autobusos,114,10:32
31 – Sant Antoni,33 – Av. Libertat / l’Aljub,114,21:38
96 – Puente de Santa Teresa,12 – Ambulatori de Sant Fermí,114,08:21
74 – IES Nit de l´Albà,28 – Passeig de les Germanies,114,05:48
42 – Multi Aventura Travaló,5 – Centre de Congressos,114,13:59
9 – Biblioteca de Sant Josep,96 – Puente de Santa Teresa,114,03:12
75 – L´aljub,70 – Libertad-Diagonal,114,11:09
113 – Alcalde Juan Hernández,5 – Centre de Congressos,114,15:23
69 – Olegario Domarco Seller 44,39 – Francesc Cantó,113,04:11
49 – Av. Alicante 59,55 – Pere Joan Perpinyà,113,15:36
25 – Cor de Jesús,56 – UMH / Torre Vaillo,113,12:10
56 – UMH / Torre Vaillo,18 – Poliesportiu d’Altabix,113,11:56
30 – Squash,93 – Parque Rey Jaume I,113,12:03
44 – Portes Encarnades,99 – IES La Asunción,113,06:49
55 – Pere Joan Perpinyà,25 – Cor de Jesús,113,09:07
35 – Hospital del Vinalopó,29 – Casablanca,113,19:14
36 – I.E.S. Victoria Kent,55 – Pere Joan Perpinyà,112,16:12
85 – Sor Josefa Alcorta 34,86 – El Corte Inglés,112,06:03
3 – Plaça de la Llotja,99 – IES La Asunción,112,07:48
40 – C.P. Baix Vinalopó,101 – UMH-La Galia,112,06:14
21 – C.P. Mariano Benlliure,27 – UMH / Pavelló d’Esports,112,20:59
16 – Jardí d’Asp,48 – Av. Corts Valencianes,112,06:28
24 – Policia Local,46 – UMH / Rectorado,112,08:12
99 – IES La Asunción,44 – Portes Encarnades,112,07:19
96 – Puente de Santa Teresa,55 – Pere Joan Perpinyà,112,05:32
21 – C.P. Mariano Benlliure,30 – Squash,112,22:33
31 – Sant Antoni,55 – Pere Joan Perpinyà,112,16:04
111 – Avenida Alicante 38,50 – Borreguet,111,09:29
49 – Av. Alicante 59,53 – C.P. Victor Pradera,111,05:05
35 – Hospital del Vinalopó,40 – C.P. Baix Vinalopó,111,17:16
75 – L´aljub,53 – C.P. Victor Pradera,111,18:07
33 – Av. Libertat / l’Aljub,71 – IES Carrús,111,08:42
63 – CEIP Eugeni d’Ors,73 – Plaza de la aparadora,111,08:03
81 – C.S. Doctor Sapena,6 – Ajuntament,111,08:34
85 – Sor Josefa Alcorta 34,21 – C.P. Mariano Benlliure,111,05:57
106 – Estadio Manolo Jaén,30 – Squash,111,05:01
37 – Hort de Travaló,6 – Ajuntament,111,19:30
46 – UMH / Rectorado,94 – Parking Gran Teatre,111,09:48
111 – Avenida Alicante 38,51 – Ciudad deportiva zona sur,111,06:12
48 – Av. Corts Valencianes,23 – Conrado del Campo / Trinquet,110,13:26
4 – Plaça del Raval,37 – Hort de Travaló,110,18:33
9 – Biblioteca de Sant Josep,50 – Borreguet,110,07:18
47 – C.P. Virgen de la Asunción,3 – Plaça de la Llotja,110,17:31
1 – Estació d’Autobusos,71 – IES Carrús,110,09:07
33 – Av. Libertat / l’Aljub,96 – Puente de Santa Teresa,110,09:47
39 – Francesc Cantó,24 – Policia Local,109,20:18
43 – Palmerars – Ciutat de la Justícia,50 – Borreguet,109,08:21
41 – Dipòsit Municipal de Carrús,26 – UMH / Escola Oficial d’Idiomes,109,12:05
40 – C.P. Baix Vinalopó,50 – Borreguet,109,10:30
84 – Fernanda Santa María 64,88 – Pistas del Pla,109,03:23
14 – Comissaria,13 – Jardí del 1r de Maig,109,18:23
54 – Plaza de Benidorm,46 – UMH / Rectorado,109,08:57
44 – Portes Encarnades,96 – Puente de Santa Teresa,109,06:59
43 – Palmerars – Ciutat de la Justícia,32 – Centre de Salut d’Altabix,109,09:10
22 – Av. Llauradors / Eslava,13 – Jardí del 1r de Maig,109,16:13
54 – Plaza de Benidorm,45 – Plaça de Barcelona,109,12:57
55 – Pere Joan Perpinyà,40 – C.P. Baix Vinalopó,108,09:42
42 – Multi Aventura Travaló,26 – UMH / Escola Oficial d’Idiomes,108,14:13
34 – Hospital General,79 – Intercambiador pasarela,108,09:57
23 – Conrado del Campo / Trinquet,18 – Poliesportiu d’Altabix,108,24:00
110 – Avda Novelda con Obispo Barrachina,56 – UMH / Torre Vaillo,108,10:49
109 – Parque Huerto del Torreret,54 – Plaza de Benidorm,108,08:16
71 – IES Carrús,96 – Puente de Santa Teresa,108,08:33
12 – Ambulatori de Sant Fermí,96 – Puente de Santa Teresa,108,07:13
2 – Oficina de Turisme,42 – Multi Aventura Travaló,107,16:30
11 – Plaça de Crevillent,46 – UMH / Rectorado,107,15:46
85 – Sor Josefa Alcorta 34,34 – Hospital General,107,08:59
1 – Estació d’Autobusos,94 – Parking Gran Teatre,107,06:49
50 – Borreguet,56 – UMH / Torre Vaillo,107,13:09
39 – Francesc Cantó,69 – Olegario Domarco Seller 44,107,03:25
44 – Portes Encarnades,17 – Plaça de Castella,107,18:09
1 – Estació d’Autobusos,102 – UMH-Altabix,107,04:35
109 – Parque Huerto del Torreret,26 – UMH / Escola Oficial d’Idiomes,107,08:11
79 – Intercambiador pasarela,22 – Av. Llauradors / Eslava,107,08:15
24 – Policia Local,29 – Casablanca,107,16:31
96 – Puente de Santa Teresa,11 – Plaça de Crevillent,107,05:21
27 – UMH / Pavelló d’Esports,96 – Puente de Santa Teresa,107,12:57
53 – C.P. Victor Pradera,14 – Comissaria,107,08:09
14 – Comissaria,49 – Av. Alicante 59,106,08:50
73 – Plaza de la aparadora,6 – Ajuntament,106,08:51
96 – Puente de Santa Teresa,9 – Biblioteca de Sant Josep,106,03:26
78 – Jorge Juan 24,84 – Fernanda Santa María 64,106,07:03
96 – Puente de Santa Teresa,100 – C.S. Raval,106,05:05
16 – Jardí d’Asp,24 – Policia Local,106,27:01
31 – Sant Antoni,20 – Antoni Mena / Fra Jaume Torres,106,16:39
26 – UMH / Escola Oficial d’Idiomes,47 – C.P. Virgen de la Asunción,106,13:01
49 – Av. Alicante 59,10 – L’Escorxador,106,13:39
37 – Hort de Travaló,2 – Oficina de Turisme,105,18:36
96 – Puente de Santa Teresa,90 – Centro salud el Pla,105,07:45
54 – Plaza de Benidorm,76 – Puente Altamira,105,05:55
43 – Palmerars – Ciutat de la Justícia,15 – Av. Llibertat / Reina Victòria,105,18:42
49 – Av. Alicante 59,80 – Reina Victoria con Gabriel Miró,105,13:30
89 – CEIP Dama d´Elx,34 – Hospital General,105,11:41
6 – Ajuntament,88 – Pistas del Pla,104,09:15
46 – UMH / Rectorado,24 – Policia Local,104,10:03
98 – IES Sixto Marco,106 – Estadio Manolo Jaén,104,11:20
10 – L’Escorxador,44 – Portes Encarnades,104,06:08
69 – Olegario Domarco Seller 44,25 – Cor de Jesús,104,06:30
80 – Reina Victoria con Gabriel Miró,54 – Plaza de Benidorm,104,08:05
32 – Centre de Salut d’Altabix,106 – Estadio Manolo Jaén,104,05:53
44 – Portes Encarnades,38 – Poliesportiu de Carrús,104,17:31
77 – Plaza Obispo Siuri,82 – Antonio Machado 73,104,06:03
49 – Av. Alicante 59,24 – Policia Local,104,09:06
49 – Av. Alicante 59,3 – Plaça de la Llotja,104,06:07
32 – Centre de Salut d’Altabix,52 – Centro salud el Toscar,104,21:44
51 – Ciudad deportiva zona sur,9 – Biblioteca de Sant Josep,104,16:57
3 – Plaça de la Llotja,70 – Libertad-Diagonal,104,09:56
11 – Plaça de Crevillent,75 – L´aljub,104,07:16
45 – Plaça de Barcelona,7 – Pavelló Municipal,103,15:05
11 – Plaça de Crevillent,70 – Libertad-Diagonal,103,08:48
93 – Parque Rey Jaume I,49 – Av. Alicante 59,103,06:24
8 – Polivalent de Carrús,54 – Plaza de Benidorm,103,15:10
12 – Ambulatori de Sant Fermí,84 – Fernanda Santa María 64,103,06:01
41 – Dipòsit Municipal de Carrús,6 – Ajuntament,102,13:46
8 – Polivalent de Carrús,50 – Borreguet,102,12:01
70 – Libertad-Diagonal,75 – L´aljub,102,09:13
22 – Av. Llauradors / Eslava,47 – C.P. Virgen de la Asunción,102,10:11
33 – Av. Libertat / l’Aljub,34 – Hospital General,101,15:13
15 – Av. Llibertat / Reina Victòria,56 – UMH / Torre Vaillo,101,14:41
56 – UMH / Torre Vaillo,26 – UMH / Escola Oficial d’Idiomes,101,08:05
67 – Calle Grao con Victoria Kent,96 – Puente de Santa Teresa,101,06:44
104 – UMH-Arenals,5 – Centre de Congressos,101,12:33
109 – Parque Huerto del Torreret,36 – I.E.S. Victoria Kent,101,06:22
9 – Biblioteca de Sant Josep,37 – Hort de Travaló,101,20:53
81 – C.S. Doctor Sapena,28 – Passeig de les Germanies,101,05:12
44 – Portes Encarnades,45 – Plaça de Barcelona,101,14:04
40 – C.P. Baix Vinalopó,37 – Hort de Travaló,101,18:46
15 – Av. Llibertat / Reina Victòria,86 – El Corte Inglés,101,06:49
16 – Jardí d’Asp,55 – Pere Joan Perpinyà,101,12:20
102 – UMH-Altabix,104 – UMH-Arenals,101,05:32
89 – CEIP Dama d´Elx,6 – Ajuntament,101,07:23
45 – Plaça de Barcelona,21 – C.P. Mariano Benlliure,100,09:18
34 – Hospital General,100 – C.S. Raval,100,07:33
100 – C.S. Raval,9 – Biblioteca de Sant Josep,100,04:49
16 – Jardí d’Asp,53 – C.P. Victor Pradera,100,17:21
75 – L´aljub,85 – Sor Josefa Alcorta 34,100,10:19
93 – Parque Rey Jaume I,102 – UMH-Altabix,100,07:27
27 – UMH / Pavelló d’Esports,39 – Francesc Cantó,99,14:46
65 – C.P. El toscar,45 – Plaça de Barcelona,99,05:34
10 – L’Escorxador,53 – C.P. Victor Pradera,99,13:25
22 – Av. Llauradors / Eslava,86 – El Corte Inglés,99,05:15
15 – Av. Llibertat / Reina Victòria,48 – Av. Corts Valencianes,99,07:28
5 – Centre de Congressos,52 – Centro salud el Toscar,99,14:27
81 – C.S. Doctor Sapena,94 – Parking Gran Teatre,99,07:14
65 – C.P. El toscar,75 – L´aljub,98,06:16
47 – C.P. Virgen de la Asunción,50 – Borreguet,98,10:05
11 – Plaça de Crevillent,53 – C.P. Victor Pradera,98,17:22
43 – Palmerars – Ciutat de la Justícia,30 – Squash,98,10:21
42 – Multi Aventura Travaló,17 – Plaça de Castella,98,13:06
35 – Hospital del Vinalopó,13 – Jardí del 1r de Maig,98,18:00
12 – Ambulatori de Sant Fermí,51 – Ciudad deportiva zona sur,98,15:25
40 – C.P. Baix Vinalopó,76 – Puente Altamira,98,02:49
19 – Jesuïtines,102 – UMH-Altabix,98,07:53
39 – Francesc Cantó,35 – Hospital del Vinalopó,98,13:29
74 – IES Nit de l´Albà,12 – Ambulatori de Sant Fermí,98,06:28
93 – Parque Rey Jaume I,74 – IES Nit de l´Albà,98,11:35
98 – IES Sixto Marco,96 – Puente de Santa Teresa,97,11:58
18 – Poliesportiu d’Altabix,47 – C.P. Virgen de la Asunción,97,19:56
80 – Reina Victoria con Gabriel Miró,1 – Estació d’Autobusos,97,09:10
37 – Hort de Travaló,9 – Biblioteca de Sant Josep,97,21:40
51 – Ciudad deportiva zona sur,111 – Avenida Alicante 38,97,05:59
105 – Almansa con Avda. Novelda,39 – Francesc Cantó,97,05:38
96 – Puente de Santa Teresa,25 – Cor de Jesús,97,04:21
32 – Centre de Salut d’Altabix,55 – Pere Joan Perpinyà,97,19:15
90 – Centro salud el Pla,1 – Estació d’Autobusos,97,13:17
51 – Ciudad deportiva zona sur,28 – Passeig de les Germanies,97,16:44
23 – Conrado del Campo / Trinquet,13 – Jardí del 1r de Maig,97,15:35
73 – Plaza de la aparadora,90 – Centro salud el Pla,97,13:39
52 – Centro salud el Toscar,22 – Av. Llauradors / Eslava,97,09:26
26 – UMH / Escola Oficial d’Idiomes,108 – José Ferrández Cruz,97,11:49
5 – Centre de Congressos,86 – El Corte Inglés,96,12:42
28 – Passeig de les Germanies,51 – Ciudad deportiva zona sur,96,16:16
28 – Passeig de les Germanies,74 – IES Nit de l´Albà,96,05:59
102 – UMH-Altabix,46 – UMH / Rectorado,96,05:14
16 – Jardí d’Asp,69 – Olegario Domarco Seller 44,96,05:42
82 – Antonio Machado 73,21 – C.P. Mariano Benlliure,96,02:31
53 – C.P. Victor Pradera,93 – Parque Rey Jaume I,96,06:12
32 – Centre de Salut d’Altabix,70 – Libertad-Diagonal,96,11:52
109 – Parque Huerto del Torreret,49 – Av. Alicante 59,96,07:27
27 – UMH / Pavelló d’Esports,102 – UMH-Altabix,96,06:31
80 – Reina Victoria con Gabriel Miró,11 – Plaça de Crevillent,96,05:13
9 – Biblioteca de Sant Josep,90 – Centro salud el Pla,96,05:09
26 – UMH / Escola Oficial d’Idiomes,35 – Hospital del Vinalopó,96,20:25
54 – Plaza de Benidorm,56 – UMH / Torre Vaillo,96,08:58
22 – Av. Llauradors / Eslava,27 – UMH / Pavelló d’Esports,96,19:06
101 – UMH-La Galia,46 – UMH / Rectorado,95,04:54
5 – Centre de Congressos,96 – Puente de Santa Teresa,95,08:15
99 – IES La Asunción,3 – Plaça de la Llotja,95,07:32
41 – Dipòsit Municipal de Carrús,16 – Jardí d’Asp,95,04:58
24 – Policia Local,54 – Plaza de Benidorm,95,10:58
86 – El Corte Inglés,6 – Ajuntament,95,11:32
41 – Dipòsit Municipal de Carrús,2 – Oficina de Turisme,95,11:18
71 – IES Carrús,4 – Plaça del Raval,95,12:53
102 – UMH-Altabix,1 – Estació d’Autobusos,95,04:54
46 – UMH / Rectorado,38 – Poliesportiu de Carrús,95,14:58
94 – Parking Gran Teatre,3 – Plaça de la Llotja,95,09:33
48 – Av. Corts Valencianes,38 – Poliesportiu de Carrús,95,08:34
7 – Pavelló Municipal,96 – Puente de Santa Teresa,95,16:59
55 – Pere Joan Perpinyà,87 – CEIP Sanchis Guarner,95,03:52
14 – Comissaria,43 – Palmerars – Ciutat de la Justícia,95,04:34
46 – UMH / Rectorado,54 – Plaza de Benidorm,95,09:06
22 – Av. Llauradors / Eslava,18 – Poliesportiu d’Altabix,95,23:51
24 – Policia Local,9 – Biblioteca de Sant Josep,94,18:22
52 – Centro salud el Toscar,9 – Biblioteca de Sant Josep,94,10:26
10 – L’Escorxador,49 – Av. Alicante 59,94,11:52
56 – UMH / Torre Vaillo,15 – Av. Llibertat / Reina Victòria,94,14:30
7 – Pavelló Municipal,70 – Libertad-Diagonal,94,13:55
69 – Olegario Domarco Seller 44,114 – Jardin Biólogo Antonio de Zulueta,94,16:29
36 – I.E.S. Victoria Kent,33 – Av. Libertat / l’Aljub,94,20:58
51 – Ciudad deportiva zona sur,47 – C.P. Virgen de la Asunción,94,16:21
27 – UMH / Pavelló d’Esports,70 – Libertad-Diagonal,94,11:28
77 – Plaza Obispo Siuri,6 – Ajuntament,94,06:19
80 – Reina Victoria con Gabriel Miró,46 – UMH / Rectorado,94,14:08
96 – Puente de Santa Teresa,86 – El Corte Inglés,94,08:13
55 – Pere Joan Perpinyà,10 – L’Escorxador,93,08:22
17 – Plaça de Castella,108 – José Ferrández Cruz,93,07:39
69 – Olegario Domarco Seller 44,12 – Ambulatori de Sant Fermí,93,04:07
16 – Jardí d’Asp,98 – IES Sixto Marco,93,18:00
86 – El Corte Inglés,85 – Sor Josefa Alcorta 34,93,07:19
6 – Ajuntament,77 – Plaza Obispo Siuri,93,06:50
74 – IES Nit de l´Albà,40 – C.P. Baix Vinalopó,93,09:34
47 – C.P. Virgen de la Asunción,110 – Avda Novelda con Obispo Barrachina,93,07:50
94 – Parking Gran Teatre,101 – UMH-La Galia,93,11:58
9 – Biblioteca de Sant Josep,91 – Centro social el Pla,93,05:23
24 – Policia Local,16 – Jardí d’Asp,93,24:46
76 – Puente Altamira,34 – Hospital General,93,10:18
26 – UMH / Escola Oficial d’Idiomes,56 – UMH / Torre Vaillo,93,12:29
78 – Jorge Juan 24,33 – Av. Libertat / l’Aljub,93,07:27
52 – Centro salud el Toscar,75 – L´aljub,93,03:57
47 – C.P. Virgen de la Asunción,55 – Pere Joan Perpinyà,93,06:50
38 – Poliesportiu de Carrús,51 – Ciudad deportiva zona sur,93,18:56
48 – Av. Corts Valencianes,26 – UMH / Escola Oficial d’Idiomes,93,15:17
7 – Pavelló Municipal,50 – Borreguet,92,14:54
46 – UMH / Rectorado,102 – UMH-Altabix,92,05:33
26 – UMH / Escola Oficial d’Idiomes,76 – Puente Altamira,92,08:58
47 – C.P. Virgen de la Asunción,16 – Jardí d’Asp,92,11:41
27 – UMH / Pavelló d’Esports,78 – Jorge Juan 24,92,14:12
3 – Plaça de la Llotja,56 – UMH / Torre Vaillo,92,08:31
56 – UMH / Torre Vaillo,47 – C.P. Virgen de la Asunción,92,11:36
72 – Plaza de madrid,86 – El Corte Inglés,92,08:26
11 – Plaça de Crevillent,85 – Sor Josefa Alcorta 34,92,06:16
72 – Plaza de madrid,25 – Cor de Jesús,92,05:24
90 – Centro salud el Pla,9 – Biblioteca de Sant Josep,92,04:08
87 – CEIP Sanchis Guarner,40 – C.P. Baix Vinalopó,91,11:48
26 – UMH / Escola Oficial d’Idiomes,42 – Multi Aventura Travaló,91,15:00
27 – UMH / Pavelló d’Esports,21 – C.P. Mariano Benlliure,91,18:47
28 – Passeig de les Germanies,43 – Palmerars – Ciutat de la Justícia,91,11:28
7 – Pavelló Municipal,16 – Jardí d’Asp,91,23:41
87 – CEIP Sanchis Guarner,12 – Ambulatori de Sant Fermí,91,11:06
25 – Cor de Jesús,43 – Palmerars – Ciutat de la Justícia,91,11:46
96 – Puente de Santa Teresa,21 – C.P. Mariano Benlliure,91,06:52
29 – Casablanca,53 – C.P. Victor Pradera,91,10:23
85 – Sor Josefa Alcorta 34,44 – Portes Encarnades,91,03:50
44 – Portes Encarnades,71 – IES Carrús,90,11:17
44 – Portes Encarnades,29 – Casablanca,90,14:14
29 – Casablanca,41 – Dipòsit Municipal de Carrús,90,07:47
84 – Fernanda Santa María 64,53 – C.P. Victor Pradera,90,21:51
103 – UMH-Altet,70 – Libertad-Diagonal,90,09:51
43 – Palmerars – Ciutat de la Justícia,2 – Oficina de Turisme,90,09:34
80 – Reina Victoria con Gabriel Miró,47 – C.P. Virgen de la Asunción,90,05:24
28 – Passeig de les Germanies,86 – El Corte Inglés,90,07:49
13 – Jardí del 1r de Maig,69 – Olegario Domarco Seller 44,90,04:36
33 – Av. Libertat / l’Aljub,46 – UMH / Rectorado,90,19:41
111 – Avenida Alicante 38,6 – Ajuntament,90,09:38
7 – Pavelló Municipal,45 – Plaça de Barcelona,89,14:56
93 – Parque Rey Jaume I,71 – IES Carrús,89,08:21
91 – Centro social el Pla,21 – C.P. Mariano Benlliure,89,09:08
91 – Centro social el Pla,86 – El Corte Inglés,89,05:16
46 – UMH / Rectorado,23 – Conrado del Campo / Trinquet,89,15:56
79 – Intercambiador pasarela,19 – Jesuïtines,89,06:10
22 – Av. Llauradors / Eslava,7 – Pavelló Municipal,89,22:09
8 – Polivalent de Carrús,69 – Olegario Domarco Seller 44,89,05:13
97 – Huerto del cura,36 – I.E.S. Victoria Kent,89,10:10
14 – Comissaria,27 – UMH / Pavelló d’Esports,89,13:40
17 – Plaça de Castella,47 – C.P. Virgen de la Asunción,89,18:12
55 – Pere Joan Perpinyà,47 – C.P. Virgen de la Asunción,88,06:18
70 – Libertad-Diagonal,12 – Ambulatori de Sant Fermí,88,04:52
19 – Jesuïtines,79 – Intercambiador pasarela,88,05:44
96 – Puente de Santa Teresa,40 – C.P. Baix Vinalopó,88,05:53
76 – Puente Altamira,1 – Estació d’Autobusos,88,05:49
40 – C.P. Baix Vinalopó,92 – Parking Candalix,88,03:43
13 – Jardí del 1r de Maig,52 – Centro salud el Toscar,88,05:26
50 – Borreguet,90 – Centro salud el Pla,88,06:29
12 – Ambulatori de Sant Fermí,43 – Palmerars – Ciutat de la Justícia,88,16:27
20 – Antoni Mena / Fra Jaume Torres,96 – Puente de Santa Teresa,88,06:20
73 – Plaza de la aparadora,1 – Estació d’Autobusos,88,10:00
78 – Jorge Juan 24,15 – Av. Llibertat / Reina Victòria,88,04:59
19 – Jesuïtines,95 – IES Vicente Verdu,88,12:57
7 – Pavelló Municipal,34 – Hospital General,87,11:22
80 – Reina Victoria con Gabriel Miró,4 – Plaça del Raval,87,05:24
55 – Pere Joan Perpinyà,39 – Francesc Cantó,87,11:18
17 – Plaça de Castella,43 – Palmerars – Ciutat de la Justícia,87,11:24
69 – Olegario Domarco Seller 44,28 – Passeig de les Germanies,87,07:59
41 – Dipòsit Municipal de Carrús,23 – Conrado del Campo / Trinquet,87,16:17
40 – C.P. Baix Vinalopó,84 – Fernanda Santa María 64,87,07:01
47 – C.P. Virgen de la Asunción,56 – UMH / Torre Vaillo,87,12:48
11 – Plaça de Crevillent,52 – Centro salud el Toscar,87,08:42
36 – I.E.S. Victoria Kent,109 – Parque Huerto del Torreret,87,08:58
14 – Comissaria,98 – IES Sixto Marco,87,03:52
38 – Poliesportiu de Carrús,31 – Sant Antoni,87,20:02
94 – Parking Gran Teatre,92 – Parking Candalix,87,07:09
42 – Multi Aventura Travaló,2 – Oficina de Turisme,87,15:15
77 – Plaza Obispo Siuri,4 – Plaça del Raval,87,09:17
22 – Av. Llauradors / Eslava,75 – L´aljub,86,11:15
37 – Hort de Travaló,18 – Poliesportiu d’Altabix,86,15:20
98 – IES Sixto Marco,6 – Ajuntament,86,08:02
25 – Cor de Jesús,75 – L´aljub,86,10:32
108 – José Ferrández Cruz,26 – UMH / Escola Oficial d’Idiomes,86,11:24
12 – Ambulatori de Sant Fermí,70 – Libertad-Diagonal,86,03:58
16 – Jardí d’Asp,49 – Av. Alicante 59,86,18:32
49 – Av. Alicante 59,32 – Centre de Salut d’Altabix,86,09:36
21 – C.P. Mariano Benlliure,47 – C.P. Virgen de la Asunción,86,06:45
32 – Centre de Salut d’Altabix,35 – Hospital del Vinalopó,86,21:08
30 – Squash,43 – Palmerars – Ciutat de la Justícia,86,08:59
10 – L’Escorxador,55 – Pere Joan Perpinyà,86,08:52
19 – Jesuïtines,47 – C.P. Virgen de la Asunción,86,14:57
19 – Jesuïtines,80 – Reina Victoria con Gabriel Miró,85,07:04
46 – UMH / Rectorado,16 – Jardí d’Asp,85,19:04
46 – UMH / Rectorado,8 – Polivalent de Carrús,85,17:19
41 – Dipòsit Municipal de Carrús,96 – Puente de Santa Teresa,85,12:26
51 – Ciudad deportiva zona sur,45 – Plaça de Barcelona,85,18:56
40 – C.P. Baix Vinalopó,96 – Puente de Santa Teresa,85,05:57
96 – Puente de Santa Teresa,15 – Av. Llibertat / Reina Victòria,85,09:20
70 – Libertad-Diagonal,27 – UMH / Pavelló d’Esports,85,10:47
4 – Plaça del Raval,51 – Ciudad deportiva zona sur,85,16:26
7 – Pavelló Municipal,51 – Ciudad deportiva zona sur,85,06:27
72 – Plaza de madrid,2 – Oficina de Turisme,85,09:21
28 – Passeig de les Germanies,48 – Av. Corts Valencianes,85,11:24
21 – C.P. Mariano Benlliure,91 – Centro social el Pla,85,08:31
33 – Av. Libertat / l’Aljub,81 – C.S. Doctor Sapena,85,05:01
17 – Plaça de Castella,102 – UMH-Altabix,85,09:20
81 – C.S. Doctor Sapena,33 – Av. Libertat / l’Aljub,85,03:33
114 – Jardin Biólogo Antonio de Zulueta,93 – Parque Rey Jaume I,85,11:30
93 – Parque Rey Jaume I,34 – Hospital General,85,07:25
14 – Comissaria,100 – C.S. Raval,85,07:34
41 – Dipòsit Municipal de Carrús,24 – Policia Local,84,17:53
51 – Ciudad deportiva zona sur,31 – Sant Antoni,84,07:14
76 – Puente Altamira,9 – Biblioteca de Sant Josep,84,06:16
96 – Puente de Santa Teresa,81 – C.S. Doctor Sapena,84,05:53
78 – Jorge Juan 24,51 – Ciudad deportiva zona sur,84,15:13
52 – Centro salud el Toscar,73 – Plaza de la aparadora,84,02:28
43 – Palmerars – Ciutat de la Justícia,33 – Av. Libertat / l’Aljub,84,17:44
39 – Francesc Cantó,14 – Comissaria,84,13:09
26 – UMH / Escola Oficial d’Idiomes,109 – Parque Huerto del Torreret,84,09:29
53 – C.P. Victor Pradera,3 – Plaça de la Llotja,84,07:41
111 – Avenida Alicante 38,94 – Parking Gran Teatre,84,09:22
73 – Plaza de la aparadora,52 – Centro salud el Toscar,84,03:54
77 – Plaza Obispo Siuri,102 – UMH-Altabix,84,09:18
80 – Reina Victoria con Gabriel Miró,35 – Hospital del Vinalopó,84,09:03
87 – CEIP Sanchis Guarner,55 – Pere Joan Perpinyà,84,04:00
4 – Plaça del Raval,79 – Intercambiador pasarela,83,05:48
44 – Portes Encarnades,86 – El Corte Inglés,83,08:22
38 – Poliesportiu de Carrús,69 – Olegario Domarco Seller 44,83,04:05
25 – Cor de Jesús,69 – Olegario Domarco Seller 44,83,06:31
93 – Parque Rey Jaume I,3 – Plaça de la Llotja,83,05:50
28 – Passeig de les Germanies,87 – CEIP Sanchis Guarner,83,06:23
21 – C.P. Mariano Benlliure,7 – Pavelló Municipal,83,22:52
55 – Pere Joan Perpinyà,26 – UMH / Escola Oficial d’Idiomes,83,15:54
34 – Hospital General,83 – Conrado del campo 35,82,10:43
3 – Plaça de la Llotja,41 – Dipòsit Municipal de Carrús,82,20:27
73 – Plaza de la aparadora,22 – Av. Llauradors / Eslava,82,12:46
13 – Jardí del 1r de Maig,46 – UMH / Rectorado,82,13:01
109 – Parque Huerto del Torreret,39 – Francesc Cantó,82,19:21
3 – Plaça de la Llotja,103 – UMH-Altet,82,07:04
86 – El Corte Inglés,22 – Av. Llauradors / Eslava,82,05:17
100 – C.S. Raval,7 – Pavelló Municipal,82,12:26
6 – Ajuntament,70 – Libertad-Diagonal,82,08:04
41 – Dipòsit Municipal de Carrús,15 – Av. Llibertat / Reina Victòria,82,11:08
12 – Ambulatori de Sant Fermí,91 – Centro social el Pla,82,11:28
75 – L´aljub,78 – Jorge Juan 24,82,11:17
19 – Jesuïtines,81 – C.S. Doctor Sapena,82,09:26
45 – Plaça de Barcelona,43 – Palmerars – Ciutat de la Justícia,82,17:02
29 – Casablanca,31 – Sant Antoni,82,17:38
47 – C.P. Virgen de la Asunción,27 – UMH / Pavelló d’Esports,82,16:46
36 – I.E.S. Victoria Kent,114 – Jardin Biólogo Antonio de Zulueta,82,05:15
25 – Cor de Jesús,48 – Av. Corts Valencianes,82,13:30
94 – Parking Gran Teatre,111 – Avenida Alicante 38,82,08:46
16 – Jardí d’Asp,14 – Comissaria,82,16:05
101 – UMH-La Galia,53 – C.P. Victor Pradera,82,07:01
72 – Plaza de madrid,70 – Libertad-Diagonal,82,05:29
69 – Olegario Domarco Seller 44,72 – Plaza de madrid,82,05:07
29 – Casablanca,74 – IES Nit de l´Albà,82,09:57
98 – IES Sixto Marco,85 – Sor Josefa Alcorta 34,81,10:42
47 – C.P. Virgen de la Asunción,80 – Reina Victoria con Gabriel Miró,81,04:18
78 – Jorge Juan 24,14 – Comissaria,81,08:29
78 – Jorge Juan 24,82 – Antonio Machado 73,81,06:50
52 – Centro salud el Toscar,80 – Reina Victoria con Gabriel Miró,81,07:08
19 – Jesuïtines,38 – Poliesportiu de Carrús,81,14:34
86 – El Corte Inglés,28 – Passeig de les Germanies,81,08:49
21 – C.P. Mariano Benlliure,31 – Sant Antoni,81,17:24
34 – Hospital General,51 – Ciudad deportiva zona sur,81,10:29
81 – C.S. Doctor Sapena,12 – Ambulatori de Sant Fermí,81,07:15
18 – Poliesportiu d’Altabix,104 – UMH-Arenals,81,06:17
78 – Jorge Juan 24,27 – UMH / Pavelló d’Esports,81,14:50
21 – C.P. Mariano Benlliure,85 – Sor Josefa Alcorta 34,80,06:11
26 – UMH / Escola Oficial d’Idiomes,51 – Ciudad deportiva zona sur,80,10:17
48 – Av. Corts Valencianes,12 – Ambulatori de Sant Fermí,80,08:21
56 – UMH / Torre Vaillo,54 – Plaza de Benidorm,80,08:48
26 – UMH / Escola Oficial d’Idiomes,79 – Intercambiador pasarela,80,09:07
43 – Palmerars – Ciutat de la Justícia,17 – Plaça de Castella,80,12:46
40 – C.P. Baix Vinalopó,98 – IES Sixto Marco,80,08:44
79 – Intercambiador pasarela,28 – Passeig de les Germanies,80,03:56
10 – L’Escorxador,35 – Hospital del Vinalopó,80,12:59
54 – Plaza de Benidorm,99 – IES La Asunción,80,05:50
17 – Plaça de Castella,76 – Puente Altamira,80,14:16
102 – UMH-Altabix,93 – Parque Rey Jaume I,80,07:32
102 – UMH-Altabix,32 – Centre de Salut d’Altabix,79,08:12
94 – Parking Gran Teatre,36 – I.E.S. Victoria Kent,79,11:10
37 – Hort de Travaló,44 – Portes Encarnades,79,17:46
33 – Av. Libertat / l’Aljub,31 – Sant Antoni,79,23:17
51 – Ciudad deportiva zona sur,1 – Estació d’Autobusos,79,14:06
3 – Plaça de la Llotja,101 – UMH-La Galia,79,06:50
49 – Av. Alicante 59,99 – IES La Asunción,79,06:41
21 – C.P. Mariano Benlliure,39 – Francesc Cantó,79,11:33
13 – Jardí del 1r de Maig,34 – Hospital General,79,18:54
104 – UMH-Arenals,101 – UMH-La Galia,79,08:11
74 – IES Nit de l´Albà,47 – C.P. Virgen de la Asunción,79,04:10
10 – L’Escorxador,13 – Jardí del 1r de Maig,79,19:07
71 – IES Carrús,2 – Oficina de Turisme,79,10:03
47 – C.P. Virgen de la Asunción,26 – UMH / Escola Oficial d’Idiomes,79,14:10
51 – Ciudad deportiva zona sur,4 – Plaça del Raval,78,14:52
42 – Multi Aventura Travaló,6 – Ajuntament,78,16:30
96 – Puente de Santa Teresa,4 – Plaça del Raval,78,05:40
76 – Puente Altamira,54 – Plaza de Benidorm,78,07:39
86 – El Corte Inglés,75 – L´aljub,78,08:29
8 – Polivalent de Carrús,80 – Reina Victoria con Gabriel Miró,78,07:02
110 – Avda Novelda con Obispo Barrachina,12 – Ambulatori de Sant Fermí,78,04:17
15 – Av. Llibertat / Reina Victòria,43 – Palmerars – Ciutat de la Justícia,78,14:53
15 – Av. Llibertat / Reina Victòria,89 – CEIP Dama d´Elx,78,10:22
53 – C.P. Victor Pradera,89 – CEIP Dama d´Elx,78,21:17
37 – Hort de Travaló,55 – Pere Joan Perpinyà,78,21:48
111 – Avenida Alicante 38,30 – Squash,78,09:36
1 – Estació d’Autobusos,104 – UMH-Arenals,78,06:39
71 – IES Carrús,25 – Cor de Jesús,78,05:05
66 – Jardín escritor Juan Fuster,12 – Ambulatori de Sant Fermí,78,07:00
25 – Cor de Jesús,72 – Plaza de madrid,77,07:11
63 – CEIP Eugeni d’Ors,29 – Casablanca,77,05:16
34 – Hospital General,24 – Policia Local,77,15:27
47 – C.P. Virgen de la Asunción,18 – Poliesportiu d’Altabix,77,20:53
9 – Biblioteca de Sant Josep,99 – IES La Asunción,77,08:52
53 – C.P. Victor Pradera,98 – IES Sixto Marco,77,06:00
6 – Ajuntament,91 – Centro social el Pla,77,08:24
12 – Ambulatori de Sant Fermí,76 – Puente Altamira,77,05:14
43 – Palmerars – Ciutat de la Justícia,31 – Sant Antoni,77,04:44
40 – C.P. Baix Vinalopó,87 – CEIP Sanchis Guarner,77,11:11
49 – Av. Alicante 59,23 – Conrado del Campo / Trinquet,77,15:54
2 – Oficina de Turisme,43 – Palmerars – Ciutat de la Justícia,77,11:20
14 – Comissaria,96 – Puente de Santa Teresa,77,11:05
15 – Av. Llibertat / Reina Victòria,74 – IES Nit de l´Albà,77,03:43
40 – C.P. Baix Vinalopó,103 – UMH-Altet,77,10:02
71 – IES Carrús,93 – Parque Rey Jaume I,77,09:28
111 – Avenida Alicante 38,12 – Ambulatori de Sant Fermí,77,12:49
19 – Jesuïtines,103 – UMH-Altet,77,09:00
43 – Palmerars – Ciutat de la Justícia,14 – Comissaria,77,03:48
70 – Libertad-Diagonal,32 – Centre de Salut d’Altabix,76,12:39
32 – Centre de Salut d’Altabix,102 – UMH-Altabix,76,07:59
6 – Ajuntament,96 – Puente de Santa Teresa,76,04:10
3 – Plaça de la Llotja,53 – C.P. Victor Pradera,76,06:07
13 – Jardí del 1r de Maig,31 – Sant Antoni,76,18:14
71 – IES Carrús,74 – IES Nit de l´Albà,76,04:57
2 – Oficina de Turisme,81 – C.S. Doctor Sapena,76,09:09
31 – Sant Antoni,24 – Policia Local,76,10:21
45 – Plaça de Barcelona,36 – I.E.S. Victoria Kent,76,16:32
19 – Jesuïtines,114 – Jardin Biólogo Antonio de Zulueta,75,12:09
38 – Poliesportiu de Carrús,48 – Av. Corts Valencianes,75,08:22
50 – Borreguet,100 – C.S. Raval,75,03:17
31 – Sant Antoni,29 – Casablanca,75,18:44
85 – Sor Josefa Alcorta 34,5 – Centre de Congressos,75,09:20
21 – C.P. Mariano Benlliure,37 – Hort de Travaló,75,25:50
111 – Avenida Alicante 38,26 – UMH / Escola Oficial d’Idiomes,75,06:16
15 – Av. Llibertat / Reina Victòria,111 – Avenida Alicante 38,75,12:27
20 – Antoni Mena / Fra Jaume Torres,45 – Plaça de Barcelona,75,11:56
19 – Jesuïtines,96 – Puente de Santa Teresa,75,07:48
84 – Fernanda Santa María 64,22 – Av. Llauradors / Eslava,75,04:37
35 – Hospital del Vinalopó,54 – Plaza de Benidorm,75,24:34
70 – Libertad-Diagonal,26 – UMH / Escola Oficial d’Idiomes,75,06:34
36 – I.E.S. Victoria Kent,56 – UMH / Torre Vaillo,75,11:49
16 – Jardí d’Asp,110 – Avda Novelda con Obispo Barrachina,74,03:15
12 – Ambulatori de Sant Fermí,68 – Arturo Salvetti Pardo,74,07:20
111 – Avenida Alicante 38,99 – IES La Asunción,74,06:30
96 – Puente de Santa Teresa,33 – Av. Libertat / l’Aljub,74,09:14
2 – Oficina de Turisme,73 – Plaza de la aparadora,74,10:26
54 – Plaza de Benidorm,23 – Conrado del Campo / Trinquet,74,14:46
108 – José Ferrández Cruz,17 – Plaça de Castella,74,08:27
39 – Francesc Cantó,55 – Pere Joan Perpinyà,74,09:12
1 – Estació d’Autobusos,79 – Intercambiador pasarela,74,06:59
101 – UMH-La Galia,32 – Centre de Salut d’Altabix,74,09:18
50 – Borreguet,80 – Reina Victoria con Gabriel Miró,74,07:27
76 – Puente Altamira,12 – Ambulatori de Sant Fermí,74,06:24
48 – Av. Corts Valencianes,22 – Av. Llauradors / Eslava,74,12:58
37 – Hort de Travaló,46 – UMH / Rectorado,74,12:50
22 – Av. Llauradors / Eslava,97 – Huerto del cura,74,10:55
109 – Parque Huerto del Torreret,2 – Oficina de Turisme,74,14:38
20 – Antoni Mena / Fra Jaume Torres,31 – Sant Antoni,74,17:24
41 – Dipòsit Municipal de Carrús,27 – UMH / Pavelló d’Esports,74,11:52
9 – Biblioteca de Sant Josep,49 – Av. Alicante 59,74,15:04
11 – Plaça de Crevillent,38 – Poliesportiu de Carrús,74,14:33
48 – Av. Corts Valencianes,2 – Oficina de Turisme,74,12:02
13 – Jardí del 1r de Maig,48 – Av. Corts Valencianes,74,20:28
53 – C.P. Victor Pradera,76 – Puente Altamira,74,10:10
17 – Plaça de Castella,104 – UMH-Arenals,74,07:48
100 – C.S. Raval,34 – Hospital General,74,06:25
100 – C.S. Raval,33 – Av. Libertat / l’Aljub,74,10:39
56 – UMH / Torre Vaillo,53 – C.P. Victor Pradera,73,09:22
51 – Ciudad deportiva zona sur,7 – Pavelló Municipal,73,05:14
56 – UMH / Torre Vaillo,31 – Sant Antoni,73,09:44
33 – Av. Libertat / l’Aljub,14 – Comissaria,73,17:23
73 – Plaza de la aparadora,86 – El Corte Inglés,73,07:35
36 – I.E.S. Victoria Kent,90 – Centro salud el Pla,73,15:03
26 – UMH / Escola Oficial d’Idiomes,93 – Parque Rey Jaume I,73,05:00
71 – IES Carrús,44 – Portes Encarnades,73,12:50
12 – Ambulatori de Sant Fermí,87 – CEIP Sanchis Guarner,73,10:44
38 – Poliesportiu de Carrús,47 – C.P. Virgen de la Asunción,73,10:38
31 – Sant Antoni,21 – C.P. Mariano Benlliure,72,17:19
3 – Plaça de la Llotja,92 – Parking Candalix,72,05:26
43 – Palmerars – Ciutat de la Justícia,21 – C.P. Mariano Benlliure,72,14:16
96 – Puente de Santa Teresa,7 – Pavelló Municipal,72,15:29
80 – Reina Victoria con Gabriel Miró,81 – C.S. Doctor Sapena,72,05:32
98 – IES Sixto Marco,97 – Huerto del cura,72,06:10
46 – UMH / Rectorado,21 – C.P. Mariano Benlliure,72,15:02
42 – Multi Aventura Travaló,25 – Cor de Jesús,72,16:49
16 – Jardí d’Asp,73 – Plaza de la aparadora,72,05:34
26 – UMH / Escola Oficial d’Idiomes,86 – El Corte Inglés,72,15:43
1 – Estació d’Autobusos,76 – Puente Altamira,72,06:21
41 – Dipòsit Municipal de Carrús,1 – Estació d’Autobusos,72,09:07
110 – Avda Novelda con Obispo Barrachina,114 – Jardin Biólogo Antonio de Zulueta,72,22:47
31 – Sant Antoni,43 – Palmerars – Ciutat de la Justícia,72,08:08
2 – Oficina de Turisme,100 – C.S. Raval,71,07:35
14 – Comissaria,33 – Av. Libertat / l’Aljub,71,19:27
103 – UMH-Altet,40 – C.P. Baix Vinalopó,71,09:07
111 – Avenida Alicante 38,40 – C.P. Baix Vinalopó,71,09:49
70 – Libertad-Diagonal,98 – IES Sixto Marco,71,09:40
11 – Plaça de Crevillent,37 – Hort de Travaló,71,22:38
47 – C.P. Virgen de la Asunción,17 – Plaça de Castella,71,19:30
32 – Centre de Salut d’Altabix,93 – Parque Rey Jaume I,71,09:21
44 – Portes Encarnades,83 – Conrado del campo 35,71,05:34
96 – Puente de Santa Teresa,27 – UMH / Pavelló d’Esports,71,13:32
45 – Plaça de Barcelona,83 – Conrado del campo 35,71,06:31
39 – Francesc Cantó,80 – Reina Victoria con Gabriel Miró,71,06:04
93 – Parque Rey Jaume I,11 – Plaça de Crevillent,71,10:14
98 – IES Sixto Marco,99 – IES La Asunción,71,06:54
99 – IES La Asunción,9 – Biblioteca de Sant Josep,71,09:48
94 – Parking Gran Teatre,8 – Polivalent de Carrús,71,15:16
31 – Sant Antoni,51 – Ciudad deportiva zona sur,71,08:45
72 – Plaza de madrid,22 – Av. Llauradors / Eslava,71,12:02
102 – UMH-Altabix,12 – Ambulatori de Sant Fermí,71,09:25
3 – Plaça de la Llotja,54 – Plaza de Benidorm,71,07:05
42 – Multi Aventura Travaló,9 – Biblioteca de Sant Josep,71,17:31
94 – Parking Gran Teatre,11 – Plaça de Crevillent,71,08:21
53 – C.P. Victor Pradera,8 – Polivalent de Carrús,71,17:08
75 – L´aljub,20 – Antoni Mena / Fra Jaume Torres,70,07:03
27 – UMH / Pavelló d’Esports,47 – C.P. Virgen de la Asunción,70,14:08
105 – Almansa con Avda. Novelda,23 – Conrado del Campo / Trinquet,70,10:43
11 – Plaça de Crevillent,31 – Sant Antoni,70,18:39
78 – Jorge Juan 24,89 – CEIP Dama d´Elx,70,07:39
70 – Libertad-Diagonal,72 – Plaza de madrid,70,05:10
22 – Av. Llauradors / Eslava,48 – Av. Corts Valencianes,70,18:07
54 – Plaza de Benidorm,80 – Reina Victoria con Gabriel Miró,70,09:14
98 – IES Sixto Marco,36 – I.E.S. Victoria Kent,70,06:50
35 – Hospital del Vinalopó,34 – Hospital General,70,17:27
29 – Casablanca,93 – Parque Rey Jaume I,70,08:15
47 – C.P. Virgen de la Asunción,94 – Parking Gran Teatre,70,08:03
2 – Oficina de Turisme,83 – Conrado del campo 35,70,06:57
101 – UMH-La Galia,3 – Plaça de la Llotja,70,07:17
91 – Centro social el Pla,9 – Biblioteca de Sant Josep,70,05:06
62 – Calle Inca con brea,36 – I.E.S. Victoria Kent,70,18:09
14 – Comissaria,83 – Conrado del campo 35,70,09:41
93 – Parque Rey Jaume I,5 – Centre de Congressos,70,04:53
37 – Hort de Travaló,40 – C.P. Baix Vinalopó,70,20:25
86 – El Corte Inglés,77 – Plaza Obispo Siuri,70,10:09
85 – Sor Josefa Alcorta 34,1 – Estació d’Autobusos,70,12:56
71 – IES Carrús,90 – Centro salud el Pla,70,11:49
6 – Ajuntament,111 – Avenida Alicante 38,69,09:44
6 – Ajuntament,98 – IES Sixto Marco,69,08:33
49 – Av. Alicante 59,22 – Av. Llauradors / Eslava,69,17:26
49 – Av. Alicante 59,43 – Palmerars – Ciutat de la Justícia,69,06:29
16 – Jardí d’Asp,37 – Hort de Travaló,69,22:15
95 – IES Vicente Verdu,55 – Pere Joan Perpinyà,69,05:05
15 – Av. Llibertat / Reina Victòria,50 – Borreguet,69,10:39
9 – Biblioteca de Sant Josep,88 – Pistas del Pla,69,06:21
97 – Huerto del cura,22 – Av. Llauradors / Eslava,69,10:20
1 – Estació d’Autobusos,90 – Centro salud el Pla,69,13:25
44 – Portes Encarnades,37 – Hort de Travaló,69,17:51
66 – Jardín escritor Juan Fuster,45 – Plaça de Barcelona,69,03:13
5 – Centre de Congressos,67 – Calle Grao con Victoria Kent,69,15:23
52 – Centro salud el Toscar,26 – UMH / Escola Oficial d’Idiomes,69,13:56
98 – IES Sixto Marco,114 – Jardin Biólogo Antonio de Zulueta,69,08:19
93 – Parque Rey Jaume I,97 – Huerto del cura,69,05:06
40 – C.P. Baix Vinalopó,70 – Libertad-Diagonal,69,03:58
2 – Oficina de Turisme,52 – Centro salud el Toscar,68,13:16
72 – Plaza de madrid,76 – Puente Altamira,68,07:09
55 – Pere Joan Perpinyà,86 – El Corte Inglés,68,04:10
14 – Comissaria,46 – UMH / Rectorado,68,11:39
104 – UMH-Arenals,1 – Estació d’Autobusos,68,07:22
95 – IES Vicente Verdu,19 – Jesuïtines,68,16:54
27 – UMH / Pavelló d’Esports,45 – Plaça de Barcelona,68,13:49
88 – Pistas del Pla,15 – Av. Llibertat / Reina Victòria,68,11:17
75 – L´aljub,52 – Centro salud el Toscar,68,07:04
88 – Pistas del Pla,36 – I.E.S. Victoria Kent,68,17:10
38 – Poliesportiu de Carrús,43 – Palmerars – Ciutat de la Justícia,68,16:25
24 – Policia Local,55 – Pere Joan Perpinyà,68,18:59
98 – IES Sixto Marco,5 – Centre de Congressos,68,05:44
79 – Intercambiador pasarela,26 – UMH / Escola Oficial d’Idiomes,68,08:13
4 – Plaça del Raval,96 – Puente de Santa Teresa,68,04:12
80 – Reina Victoria con Gabriel Miró,55 – Pere Joan Perpinyà,68,07:44
83 – Conrado del campo 35,91 – Centro social el Pla,68,04:46
6 – Ajuntament,78 – Jorge Juan 24,68,07:13
48 – Av. Corts Valencianes,47 – C.P. Virgen de la Asunción,68,09:38
106 – Estadio Manolo Jaén,32 – Centre de Salut d’Altabix,68,05:06
99 – IES La Asunción,54 – Plaza de Benidorm,68,07:13
25 – Cor de Jesús,104 – UMH-Arenals,68,11:31
23 – Conrado del Campo / Trinquet,42 – Multi Aventura Travaló,68,15:59
26 – UMH / Escola Oficial d’Idiomes,80 – Reina Victoria con Gabriel Miró,68,10:31
6 – Ajuntament,52 – Centro salud el Toscar,68,14:16
44 – Portes Encarnades,13 – Jardí del 1r de Maig,68,16:31
65 – C.P. El toscar,34 – Hospital General,67,13:04
36 – I.E.S. Victoria Kent,38 – Poliesportiu de Carrús,67,20:39
47 – C.P. Virgen de la Asunción,96 – Puente de Santa Teresa,67,05:33
83 – Conrado del campo 35,6 – Ajuntament,67,06:03
47 – C.P. Virgen de la Asunción,98 – IES Sixto Marco,67,12:46
96 – Puente de Santa Teresa,44 – Portes Encarnades,67,06:15
112 – CEIP San Fernando,5 – Centre de Congressos,67,08:00
12 – Ambulatori de Sant Fermí,74 – IES Nit de l´Albà,67,07:27
96 – Puente de Santa Teresa,71 – IES Carrús,67,08:53
79 – Intercambiador pasarela,5 – Centre de Congressos,67,05:20
78 – Jorge Juan 24,96 – Puente de Santa Teresa,67,04:21
1 – Estació d’Autobusos,93 – Parque Rey Jaume I,67,03:38
46 – UMH / Rectorado,36 – I.E.S. Victoria Kent,67,07:56
80 – Reina Victoria con Gabriel Miró,94 – Parking Gran Teatre,67,05:03
3 – Plaça de la Llotja,49 – Av. Alicante 59,67,08:50
85 – Sor Josefa Alcorta 34,98 – IES Sixto Marco,67,12:38
101 – UMH-La Galia,94 – Parking Gran Teatre,67,09:13
104 – UMH-Arenals,19 – Jesuïtines,67,09:34
104 – UMH-Arenals,18 – Poliesportiu d’Altabix,67,07:02
102 – UMH-Altabix,6 – Ajuntament,67,09:32
50 – Borreguet,18 – Poliesportiu d’Altabix,67,16:58
109 – Parque Huerto del Torreret,70 – Libertad-Diagonal,67,17:57
49 – Av. Alicante 59,56 – UMH / Torre Vaillo,67,09:39
111 – Avenida Alicante 38,36 – I.E.S. Victoria Kent,67,05:49
37 – Hort de Travaló,22 – Av. Llauradors / Eslava,67,19:46
9 – Biblioteca de Sant Josep,42 – Multi Aventura Travaló,67,19:49
72 – Plaza de madrid,12 – Ambulatori de Sant Fermí,67,04:26
93 – Parque Rey Jaume I,100 – C.S. Raval,67,06:33
27 – UMH / Pavelló d’Esports,14 – Comissaria,67,15:21
39 – Francesc Cantó,34 – Hospital General,67,17:23
30 – Squash,111 – Avenida Alicante 38,67,08:24
1 – Estació d’Autobusos,43 – Palmerars – Ciutat de la Justícia,67,12:12
56 – UMH / Torre Vaillo,44 – Portes Encarnades,67,11:12
50 – Borreguet,40 – C.P. Baix Vinalopó,66,11:42
94 – Parking Gran Teatre,9 – Biblioteca de Sant Josep,66,06:44
40 – C.P. Baix Vinalopó,100 – C.S. Raval,66,10:26
2 – Oficina de Turisme,102 – UMH-Altabix,66,07:17
23 – Conrado del Campo / Trinquet,94 – Parking Gran Teatre,66,09:09
52 – Centro salud el Toscar,47 – C.P. Virgen de la Asunción,66,08:14
88 – Pistas del Pla,9 – Biblioteca de Sant Josep,66,07:42
50 – Borreguet,96 – Puente de Santa Teresa,66,06:04
71 – IES Carrús,28 – Passeig de les Germanies,66,06:06
30 – Squash,55 – Pere Joan Perpinyà,66,19:52
94 – Parking Gran Teatre,96 – Puente de Santa Teresa,66,04:31
80 – Reina Victoria con Gabriel Miró,50 – Borreguet,66,06:00
17 – Plaça de Castella,98 – IES Sixto Marco,66,10:30
35 – Hospital del Vinalopó,10 – L’Escorxador,66,13:37
35 – Hospital del Vinalopó,88 – Pistas del Pla,66,06:00
54 – Plaza de Benidorm,21 – C.P. Mariano Benlliure,66,17:36
9 – Biblioteca de Sant Josep,94 – Parking Gran Teatre,66,06:18
43 – Palmerars – Ciutat de la Justícia,9 – Biblioteca de Sant Josep,66,15:38
21 – C.P. Mariano Benlliure,38 – Poliesportiu de Carrús,66,18:10
85 – Sor Josefa Alcorta 34,11 – Plaça de Crevillent,66,07:36
37 – Hort de Travaló,24 – Policia Local,66,10:06
50 – Borreguet,112 – CEIP San Fernando,65,07:59
12 – Ambulatori de Sant Fermí,79 – Intercambiador pasarela,65,05:33
77 – Plaza Obispo Siuri,86 – El Corte Inglés,65,08:45
52 – Centro salud el Toscar,94 – Parking Gran Teatre,65,10:47
2 – Oficina de Turisme,88 – Pistas del Pla,65,10:38
44 – Portes Encarnades,56 – UMH / Torre Vaillo,65,16:35
88 – Pistas del Pla,11 – Plaça de Crevillent,65,05:30
52 – Centro salud el Toscar,40 – C.P. Baix Vinalopó,65,12:29
89 – CEIP Dama d´Elx,96 – Puente de Santa Teresa,65,05:30
10 – L’Escorxador,87 – CEIP Sanchis Guarner,65,11:06
71 – IES Carrús,75 – L´aljub,65,08:36
46 – UMH / Rectorado,104 – UMH-Arenals,65,03:49
70 – Libertad-Diagonal,7 – Pavelló Municipal,65,12:40
2 – Oficina de Turisme,71 – IES Carrús,65,10:13
28 – Passeig de les Germanies,96 – Puente de Santa Teresa,65,04:30
114 – Jardin Biólogo Antonio de Zulueta,85 – Sor Josefa Alcorta 34,65,21:24
9 – Biblioteca de Sant Josep,81 – C.S. Doctor Sapena,65,07:11
25 – Cor de Jesús,102 – UMH-Altabix,65,09:24
99 – IES La Asunción,85 – Sor Josefa Alcorta 34,65,10:48
50 – Borreguet,91 – Centro social el Pla,64,07:56
49 – Av. Alicante 59,94 – Parking Gran Teatre,64,11:20
16 – Jardí d’Asp,84 – Fernanda Santa María 64,64,13:34
26 – UMH / Escola Oficial d’Idiomes,48 – Av. Corts Valencianes,64,16:47
53 – C.P. Victor Pradera,56 – UMH / Torre Vaillo,64,07:49
101 – UMH-La Galia,5 – Centre de Congressos,64,07:32
6 – Ajuntament,80 – Reina Victoria con Gabriel Miró,64,04:17
35 – Hospital del Vinalopó,32 – Centre de Salut d’Altabix,64,22:51
93 – Parque Rey Jaume I,26 – UMH / Escola Oficial d’Idiomes,64,06:31
49 – Av. Alicante 59,115 – Passeig d´Atzavares,64,11:36
13 – Jardí del 1r de Maig,47 – C.P. Virgen de la Asunción,64,08:05
96 – Puente de Santa Teresa,47 – C.P. Virgen de la Asunción,64,07:46
114 – Jardin Biólogo Antonio de Zulueta,98 – IES Sixto Marco,64,09:57
29 – Casablanca,75 – L´aljub,64,12:16
71 – IES Carrús,80 – Reina Victoria con Gabriel Miró,64,05:49
109 – Parque Huerto del Torreret,99 – IES La Asunción,64,10:13
71 – IES Carrús,6 – Ajuntament,64,08:36
93 – Parque Rey Jaume I,111 – Avenida Alicante 38,64,05:30
55 – Pere Joan Perpinyà,30 – Squash,64,18:32
28 – Passeig de les Germanies,102 – UMH-Altabix,64,12:39
76 – Puente Altamira,8 – Polivalent de Carrús,63,10:30
1 – Estació d’Autobusos,41 – Dipòsit Municipal de Carrús,63,13:17
2 – Oficina de Turisme,103 – UMH-Altet,63,09:13
36 – I.E.S. Victoria Kent,98 – IES Sixto Marco,63,07:20
24 – Policia Local,50 – Borreguet,63,16:06
23 – Conrado del Campo / Trinquet,37 – Hort de Travaló,63,18:57
101 – UMH-La Galia,12 – Ambulatori de Sant Fermí,63,08:04
38 – Poliesportiu de Carrús,35 – Hospital del Vinalopó,63,17:55
52 – Centro salud el Toscar,13 – Jardí del 1r de Maig,63,07:28
90 – Centro salud el Pla,4 – Plaça del Raval,63,05:29
105 – Almansa con Avda. Novelda,52 – Centro salud el Toscar,63,06:34
45 – Plaça de Barcelona,51 – Ciudad deportiva zona sur,63,18:28
1 – Estació d’Autobusos,97 – Huerto del cura,63,09:33
9 – Biblioteca de Sant Josep,86 – El Corte Inglés,63,08:00
5 – Centre de Congressos,104 – UMH-Arenals,63,12:59
80 – Reina Victoria con Gabriel Miró,53 – C.P. Victor Pradera,63,13:03
55 – Pere Joan Perpinyà,2 – Oficina de Turisme,63,13:07
80 – Reina Victoria con Gabriel Miró,44 – Portes Encarnades,63,07:54
86 – El Corte Inglés,44 – Portes Encarnades,63,09:05
16 – Jardí d’Asp,78 – Jorge Juan 24,63,08:27
4 – Plaça del Raval,84 – Fernanda Santa María 64,62,05:04
51 – Ciudad deportiva zona sur,42 – Multi Aventura Travaló,62,08:53
99 – IES La Asunción,36 – I.E.S. Victoria Kent,62,07:15
35 – Hospital del Vinalopó,39 – Francesc Cantó,62,15:49
16 – Jardí d’Asp,70 – Libertad-Diagonal,62,07:47
103 – UMH-Altet,102 – UMH-Altabix,62,04:26
35 – Hospital del Vinalopó,16 – Jardí d’Asp,62,18:48
42 – Multi Aventura Travaló,43 – Palmerars – Ciutat de la Justícia,62,06:17
7 – Pavelló Municipal,21 – C.P. Mariano Benlliure,62,21:56
24 – Policia Local,53 – C.P. Victor Pradera,62,10:15
5 – Centre de Congressos,80 – Reina Victoria con Gabriel Miró,62,07:13
2 – Oficina de Turisme,76 – Puente Altamira,62,05:31
2 – Oficina de Turisme,78 – Jorge Juan 24,62,06:24
77 – Plaza Obispo Siuri,40 – C.P. Baix Vinalopó,62,06:53
85 – Sor Josefa Alcorta 34,6 – Ajuntament,62,05:28
76 – Puente Altamira,43 – Palmerars – Ciutat de la Justícia,62,09:44
36 – I.E.S. Victoria Kent,115 – Passeig d´Atzavares,62,10:25
9 – Biblioteca de Sant Josep,43 – Palmerars – Ciutat de la Justícia,62,13:26
53 – C.P. Victor Pradera,42 – Multi Aventura Travaló,62,10:44
75 – L´aljub,80 – Reina Victoria con Gabriel Miró,62,10:32
112 – CEIP San Fernando,50 – Borreguet,61,09:17
3 – Plaça de la Llotja,94 – Parking Gran Teatre,61,10:17
90 – Centro salud el Pla,88 – Pistas del Pla,61,03:35
33 – Av. Libertat / l’Aljub,83 – Conrado del campo 35,61,08:02
60 – Carrer de la Figuera 2 Torrellano,58 – Polideportivo Torrellano,61,11:08
77 – Plaza Obispo Siuri,25 – Cor de Jesús,61,04:07
12 – Ambulatori de Sant Fermí,106 – Estadio Manolo Jaén,61,12:59
86 – El Corte Inglés,55 – Pere Joan Perpinyà,61,04:49
83 – Conrado del campo 35,44 – Portes Encarnades,61,05:17
23 – Conrado del Campo / Trinquet,96 – Puente de Santa Teresa,61,05:18
20 – Antoni Mena / Fra Jaume Torres,95 – IES Vicente Verdu,61,02:52
72 – Plaza de madrid,9 – Biblioteca de Sant Josep,61,07:26
30 – Squash,112 – CEIP San Fernando,61,06:37
40 – C.P. Baix Vinalopó,42 – Multi Aventura Travaló,61,19:24
26 – UMH / Escola Oficial d’Idiomes,85 – Sor Josefa Alcorta 34,61,13:00
38 – Poliesportiu de Carrús,14 – Comissaria,61,15:44
50 – Borreguet,47 – C.P. Virgen de la Asunción,61,10:44
79 – Intercambiador pasarela,1 – Estació d’Autobusos,60,07:05
7 – Pavelló Municipal,100 – C.S. Raval,60,13:54
75 – L´aljub,33 – Av. Libertat / l’Aljub,60,05:54
93 – Parque Rey Jaume I,53 – C.P. Victor Pradera,60,07:53
30 – Squash,52 – Centro salud el Toscar,60,23:15
55 – Pere Joan Perpinyà,37 – Hort de Travaló,60,22:45
69 – Olegario Domarco Seller 44,13 – Jardí del 1r de Maig,60,04:29
55 – Pere Joan Perpinyà,70 – Libertad-Diagonal,60,08:58
46 – UMH / Rectorado,44 – Portes Encarnades,60,13:01
77 – Plaza Obispo Siuri,19 – Jesuïtines,60,08:20
96 – Puente de Santa Teresa,5 – Centre de Congressos,60,07:17
2 – Oficina de Turisme,85 – Sor Josefa Alcorta 34,60,09:17
105 – Almansa con Avda. Novelda,66 – Jardín escritor Juan Fuster,60,04:05
19 – Jesuïtines,70 – Libertad-Diagonal,60,10:09
34 – Hospital General,90 – Centro salud el Pla,60,11:42
101 – UMH-La Galia,104 – UMH-Arenals,60,09:45
76 – Puente Altamira,89 – CEIP Dama d´Elx,60,08:18
23 – Conrado del Campo / Trinquet,54 – Plaza de Benidorm,60,17:17
36 – I.E.S. Victoria Kent,70 – Libertad-Diagonal,60,14:44
110 – Avda Novelda con Obispo Barrachina,19 – Jesuïtines,60,11:21
72 – Plaza de madrid,21 – C.P. Mariano Benlliure,60,06:45
50 – Borreguet,103 – UMH-Altet,60,11:41
85 – Sor Josefa Alcorta 34,114 – Jardin Biólogo Antonio de Zulueta,59,18:27
105 – Almansa con Avda. Novelda,11 – Plaça de Crevillent,59,10:24
109 – Parque Huerto del Torreret,3 – Plaça de la Llotja,59,10:03
39 – Francesc Cantó,45 – Plaça de Barcelona,59,08:23
102 – UMH-Altabix,111 – Avenida Alicante 38,59,09:01
103 – UMH-Altet,18 – Poliesportiu d’Altabix,59,09:37
103 – UMH-Altet,19 – Jesuïtines,59,08:51
52 – Centro salud el Toscar,74 – IES Nit de l´Albà,59,05:02
92 – Parking Candalix,11 – Plaça de Crevillent,59,11:18
102 – UMH-Altabix,77 – Plaza Obispo Siuri,59,09:02
50 – Borreguet,20 – Antoni Mena / Fra Jaume Torres,59,07:53
11 – Plaça de Crevillent,80 – Reina Victoria con Gabriel Miró,59,07:02
47 – C.P. Virgen de la Asunción,88 – Pistas del Pla,59,06:23
44 – Portes Encarnades,88 – Pistas del Pla,59,06:16
99 – IES La Asunción,100 – C.S. Raval,59,13:08
17 – Plaça de Castella,80 – Reina Victoria con Gabriel Miró,59,16:06
70 – Libertad-Diagonal,39 – Francesc Cantó,59,05:00
79 – Intercambiador pasarela,102 – UMH-Altabix,59,11:05
65 – C.P. El toscar,12 – Ambulatori de Sant Fermí,59,04:37
1 – Estació d’Autobusos,51 – Ciudad deportiva zona sur,59,12:00
53 – C.P. Victor Pradera,55 – Pere Joan Perpinyà,59,17:23
12 – Ambulatori de Sant Fermí,102 – UMH-Altabix,59,09:47
109 – Parque Huerto del Torreret,31 – Sant Antoni,59,07:52
24 – Policia Local,35 – Hospital del Vinalopó,59,23:47
78 – Jorge Juan 24,2 – Oficina de Turisme,59,06:18
84 – Fernanda Santa María 64,36 – I.E.S. Victoria Kent,59,15:58
78 – Jorge Juan 24,55 – Pere Joan Perpinyà,59,08:28
1 – Estació d’Autobusos,52 – Centro salud el Toscar,59,13:12
102 – UMH-Altabix,103 – UMH-Altet,58,05:17
100 – C.S. Raval,6 – Ajuntament,58,06:12
1 – Estació d’Autobusos,42 – Multi Aventura Travaló,58,14:12
88 – Pistas del Pla,12 – Ambulatori de Sant Fermí,58,09:06
50 – Borreguet,85 – Sor Josefa Alcorta 34,58,06:06
84 – Fernanda Santa María 64,21 – C.P. Mariano Benlliure,58,05:52
44 – Portes Encarnades,43 – Palmerars – Ciutat de la Justícia,58,09:02
18 – Poliesportiu d’Altabix,50 – Borreguet,58,17:36
80 – Reina Victoria con Gabriel Miró,102 – UMH-Altabix,58,12:11
2 – Oficina de Turisme,72 – Plaza de madrid,58,09:22
40 – C.P. Baix Vinalopó,41 – Dipòsit Municipal de Carrús,58,11:33
40 – C.P. Baix Vinalopó,106 – Estadio Manolo Jaén,58,12:06
92 – Parking Candalix,40 – C.P. Baix Vinalopó,58,05:03
40 – C.P. Baix Vinalopó,93 – Parque Rey Jaume I,58,05:36
15 – Av. Llibertat / Reina Victòria,79 – Intercambiador pasarela,58,08:55
111 – Avenida Alicante 38,53 – C.P. Victor Pradera,58,05:03
85 – Sor Josefa Alcorta 34,9 – Biblioteca de Sant Josep,58,06:43
28 – Passeig de les Germanies,70 – Libertad-Diagonal,58,07:20
113 – Alcalde Juan Hernández,97 – Huerto del cura,58,11:08
111 – Avenida Alicante 38,104 – UMH-Arenals,58,07:10
50 – Borreguet,24 – Policia Local,57,18:00
40 – C.P. Baix Vinalopó,107 – Josefina Manresa,57,16:50
15 – Av. Llibertat / Reina Victòria,52 – Centro salud el Toscar,57,08:52
115 – Passeig d´Atzavares,54 – Plaza de Benidorm,57,11:41
66 – Jardín escritor Juan Fuster,106 – Estadio Manolo Jaén,57,12:31
56 – UMH / Torre Vaillo,9 – Biblioteca de Sant Josep,57,14:07
20 – Antoni Mena / Fra Jaume Torres,75 – L´aljub,57,08:12
89 – CEIP Dama d´Elx,54 – Plaza de Benidorm,57,12:51
26 – UMH / Escola Oficial d’Idiomes,106 – Estadio Manolo Jaén,57,08:28
27 – UMH / Pavelló d’Esports,37 – Hort de Travaló,57,16:39
71 – IES Carrús,110 – Avda Novelda con Obispo Barrachina,57,06:41
78 – Jorge Juan 24,1 – Estació d’Autobusos,57,07:42
48 – Av. Corts Valencianes,80 – Reina Victoria con Gabriel Miró,57,07:42
2 – Oficina de Turisme,74 – IES Nit de l´Albà,57,09:52
42 – Multi Aventura Travaló,40 – C.P. Baix Vinalopó,57,18:51
53 – C.P. Victor Pradera,16 – Jardí d’Asp,57,21:09
54 – Plaza de Benidorm,13 – Jardí del 1r de Maig,57,15:04
53 – C.P. Victor Pradera,100 – C.S. Raval,57,13:14
96 – Puente de Santa Teresa,79 – Intercambiador pasarela,57,03:29
47 – C.P. Virgen de la Asunción,53 – C.P. Victor Pradera,57,15:54
35 – Hospital del Vinalopó,30 – Squash,57,25:20
45 – Plaça de Barcelona,14 – Comissaria,57,14:05
97 – Huerto del cura,73 – Plaza de la aparadora,57,13:32
46 – UMH / Rectorado,80 – Reina Victoria con Gabriel Miró,57,13:36
106 – Estadio Manolo Jaén,113 – Alcalde Juan Hernández,57,09:06
54 – Plaza de Benidorm,106 – Estadio Manolo Jaén,57,09:27
115 – Passeig d´Atzavares,36 – I.E.S. Victoria Kent,57,11:06
104 – UMH-Arenals,100 – C.S. Raval,56,12:23
85 – Sor Josefa Alcorta 34,75 – L´aljub,56,09:26
86 – El Corte Inglés,15 – Av. Llibertat / Reina Victòria,56,09:06
44 – Portes Encarnades,84 – Fernanda Santa María 64,56,07:25
69 – Olegario Domarco Seller 44,6 – Ajuntament,56,07:27
55 – Pere Joan Perpinyà,85 – Sor Josefa Alcorta 34,56,05:16
12 – Ambulatori de Sant Fermí,69 – Olegario Domarco Seller 44,56,04:26
104 – UMH-Arenals,32 – Centre de Salut d’Altabix,56,05:24
53 – C.P. Victor Pradera,101 – UMH-La Galia,56,08:20
2 – Oficina de Turisme,91 – Centro social el Pla,56,09:39
46 – UMH / Rectorado,37 – Hort de Travaló,56,15:43
22 – Av. Llauradors / Eslava,37 – Hort de Travaló,56,21:23
106 – Estadio Manolo Jaén,45 – Plaça de Barcelona,56,10:48
18 – Poliesportiu d’Altabix,103 – UMH-Altet,56,07:44
34 – Hospital General,76 – Puente Altamira,56,11:13
8 – Polivalent de Carrús,94 – Parking Gran Teatre,56,12:30
56 – UMH / Torre Vaillo,93 – Parque Rey Jaume I,56,06:39
49 – Av. Alicante 59,97 – Huerto del cura,56,07:48
76 – Puente Altamira,69 – Olegario Domarco Seller 44,56,06:06
16 – Jardí d’Asp,34 – Hospital General,56,19:27
50 – Borreguet,35 – Hospital del Vinalopó,56,12:06
23 – Conrado del Campo / Trinquet,110 – Avda Novelda con Obispo Barrachina,56,13:05
93 – Parque Rey Jaume I,32 – Centre de Salut d’Altabix,56,10:12
53 – C.P. Victor Pradera,84 – Fernanda Santa María 64,56,18:28
33 – Av. Libertat / l’Aljub,87 – CEIP Sanchis Guarner,56,05:22
80 – Reina Victoria con Gabriel Miró,51 – Ciudad deportiva zona sur,56,15:08
41 – Dipòsit Municipal de Carrús,30 – Squash,55,21:35
105 – Almansa con Avda. Novelda,28 – Passeig de les Germanies,55,11:05
83 – Conrado del campo 35,34 – Hospital General,55,10:50
69 – Olegario Domarco Seller 44,2 – Oficina de Turisme,55,06:46
84 – Fernanda Santa María 64,44 – Portes Encarnades,55,06:14
49 – Av. Alicante 59,42 – Multi Aventura Travaló,55,10:19
102 – UMH-Altabix,70 – Libertad-Diagonal,55,07:40
53 – C.P. Victor Pradera,29 – Casablanca,55,12:32
36 – I.E.S. Victoria Kent,51 – Ciudad deportiva zona sur,55,09:08
76 – Puente Altamira,72 – Plaza de madrid,55,07:22
34 – Hospital General,65 – C.P. El toscar,55,16:23
70 – Libertad-Diagonal,21 – C.P. Mariano Benlliure,55,12:20
36 – I.E.S. Victoria Kent,16 – Jardí d’Asp,55,21:45
72 – Plaza de madrid,26 – UMH / Escola Oficial d’Idiomes,55,11:53
111 – Avenida Alicante 38,27 – UMH / Pavelló d’Esports,55,09:36
1 – Estació d’Autobusos,35 – Hospital del Vinalopó,55,19:32
71 – IES Carrús,82 – Antonio Machado 73,55,05:30
70 – Libertad-Diagonal,16 – Jardí d’Asp,55,07:27
96 – Puente de Santa Teresa,98 – IES Sixto Marco,55,09:35
37 – Hort de Travaló,23 – Conrado del Campo / Trinquet,55,20:58
27 – UMH / Pavelló d’Esports,101 – UMH-La Galia,55,06:00
112 – CEIP San Fernando,20 – Antoni Mena / Fra Jaume Torres,55,14:47
21 – C.P. Mariano Benlliure,72 – Plaza de madrid,55,08:49
27 – UMH / Pavelló d’Esports,111 – Avenida Alicante 38,55,09:04
103 – UMH-Altet,1 – Estació d’Autobusos,55,07:45
48 – Av. Corts Valencianes,74 – IES Nit de l´Albà,55,06:28
77 – Plaza Obispo Siuri,94 – Parking Gran Teatre,55,07:29
28 – Passeig de les Germanies,52 – Centro salud el Toscar,55,12:37
77 – Plaza Obispo Siuri,97 – Huerto del cura,55,10:21
47 – C.P. Virgen de la Asunción,51 – Ciudad deportiva zona sur,55,15:38
46 – UMH / Rectorado,49 – Av. Alicante 59,55,07:43
10 – L’Escorxador,37 – Hort de Travaló,55,16:57
10 – L’Escorxador,29 – Casablanca,55,16:32
13 – Jardí del 1r de Maig,70 – Libertad-Diagonal,55,06:21
87 – CEIP Sanchis Guarner,90 – Centro salud el Pla,55,05:07
46 – UMH / Rectorado,13 – Jardí del 1r de Maig,55,12:35
13 – Jardí del 1r de Maig,55 – Pere Joan Perpinyà,55,09:57
70 – Libertad-Diagonal,71 – IES Carrús,55,04:45
48 – Av. Corts Valencianes,9 – Biblioteca de Sant Josep,55,12:25
102 – UMH-Altabix,15 – Av. Llibertat / Reina Victòria,55,12:06
37 – Hort de Travaló,27 – UMH / Pavelló d’Esports,55,19:01
53 – C.P. Victor Pradera,44 – Portes Encarnades,55,13:58
76 – Puente Altamira,17 – Plaça de Castella,55,15:49
93 – Parque Rey Jaume I,56 – UMH / Torre Vaillo,55,07:55
108 – José Ferrández Cruz,106 – Estadio Manolo Jaén,55,07:45
70 – Libertad-Diagonal,73 – Plaza de la aparadora,55,06:02
58 – Polideportivo Torrellano,60 – Carrer de la Figuera 2 Torrellano,54,09:07
94 – Parking Gran Teatre,46 – UMH / Rectorado,54,09:28
86 – El Corte Inglés,33 – Av. Libertat / l’Aljub,54,04:39
2 – Oficina de Turisme,109 – Parque Huerto del Torreret,54,13:34
12 – Ambulatori de Sant Fermí,42 – Multi Aventura Travaló,54,17:27
83 – Conrado del campo 35,1 – Estació d’Autobusos,54,10:02
81 – C.S. Doctor Sapena,90 – Centro salud el Pla,54,09:00
104 – UMH-Arenals,50 – Borreguet,54,11:06
71 – IES Carrús,70 – Libertad-Diagonal,54,04:44
34 – Hospital General,96 – Puente de Santa Teresa,54,09:49
111 – Avenida Alicante 38,2 – Oficina de Turisme,54,07:17
54 – Plaza de Benidorm,96 – Puente de Santa Teresa,54,08:29
23 – Conrado del Campo / Trinquet,86 – El Corte Inglés,54,06:02
16 – Jardí d’Asp,89 – CEIP Dama d´Elx,54,15:40
74 – IES Nit de l´Albà,70 – Libertad-Diagonal,54,09:33
102 – UMH-Altabix,11 – Plaça de Crevillent,54,14:14
49 – Av. Alicante 59,46 – UMH / Rectorado,54,07:45
77 – Plaza Obispo Siuri,11 – Plaça de Crevillent,54,08:12
4 – Plaça del Raval,104 – UMH-Arenals,54,15:24
47 – C.P. Virgen de la Asunción,45 – Plaça de Barcelona,54,11:59
80 – Reina Victoria con Gabriel Miró,84 – Fernanda Santa María 64,54,05:29
103 – UMH-Altet,50 – Borreguet,54,09:59
33 – Av. Libertat / l’Aljub,82 – Antonio Machado 73,54,01:57
91 – Centro social el Pla,33 – Av. Libertat / l’Aljub,54,10:54
90 – Centro salud el Pla,71 – IES Carrús,54,13:35
53 – C.P. Victor Pradera,88 – Pistas del Pla,54,14:40
28 – Passeig de les Germanies,71 – IES Carrús,54,06:47
89 – CEIP Dama d´Elx,86 – El Corte Inglés,54,04:55
2 – Oficina de Turisme,106 – Estadio Manolo Jaén,54,13:56
94 – Parking Gran Teatre,100 – C.S. Raval,54,04:14
8 – Polivalent de Carrús,75 – L´aljub,54,08:18
93 – Parque Rey Jaume I,16 – Jardí d’Asp,54,16:42
76 – Puente Altamira,70 – Libertad-Diagonal,54,05:32
84 – Fernanda Santa María 64,50 – Borreguet,53,10:00
43 – Palmerars – Ciutat de la Justícia,55 – Pere Joan Perpinyà,53,14:41
42 – Multi Aventura Travaló,49 – Av. Alicante 59,53,11:16
27 – UMH / Pavelló d’Esports,51 – Ciudad deportiva zona sur,53,09:52
44 – Portes Encarnades,98 – IES Sixto Marco,53,11:14
104 – UMH-Arenals,7 – Pavelló Municipal,53,06:22
25 – Cor de Jesús,42 – Multi Aventura Travaló,53,18:01
71 – IES Carrús,69 – Olegario Domarco Seller 44,53,07:36
72 – Plaza de madrid,84 – Fernanda Santa María 64,53,06:58
74 – IES Nit de l´Albà,96 – Puente de Santa Teresa,53,07:33
34 – Hospital General,78 – Jorge Juan 24,53,16:30
79 – Intercambiador pasarela,85 – Sor Josefa Alcorta 34,53,05:32
38 – Poliesportiu de Carrús,50 – Borreguet,53,13:12
55 – Pere Joan Perpinyà,53 – C.P. Victor Pradera,53,17:20
114 – Jardin Biólogo Antonio de Zulueta,36 – I.E.S. Victoria Kent,53,06:34
92 – Parking Candalix,3 – Plaça de la Llotja,53,09:12
14 – Comissaria,53 – C.P. Victor Pradera,53,09:37
103 – UMH-Altet,5 – Centre de Congressos,53,10:57
50 – Borreguet,102 – UMH-Altabix,53,11:11
17 – Plaça de Castella,99 – IES La Asunción,53,12:40
93 – Parque Rey Jaume I,44 – Portes Encarnades,53,07:28
93 – Parque Rey Jaume I,45 – Plaça de Barcelona,53,08:01
111 – Avenida Alicante 38,5 – Centre de Congressos,53,08:40
1 – Estació d’Autobusos,85 – Sor Josefa Alcorta 34,53,11:59
69 – Olegario Domarco Seller 44,71 – IES Carrús,53,05:42
76 – Puente Altamira,53 – C.P. Victor Pradera,53,11:49
17 – Plaça de Castella,69 – Olegario Domarco Seller 44,53,13:53
74 – IES Nit de l´Albà,2 – Oficina de Turisme,53,11:28
5 – Centre de Congressos,113 – Alcalde Juan Hernández,52,13:15
83 – Conrado del campo 35,96 – Puente de Santa Teresa,52,03:31
42 – Multi Aventura Travaló,12 – Ambulatori de Sant Fermí,52,21:45
105 – Almansa con Avda. Novelda,16 – Jardí d’Asp,52,05:22
42 – Multi Aventura Travaló,28 – Passeig de les Germanies,52,18:45
104 – UMH-Arenals,93 – Parque Rey Jaume I,52,07:28
28 – Passeig de les Germanies,88 – Pistas del Pla,52,06:01
103 – UMH-Altet,32 – Centre de Salut d’Altabix,52,06:54
104 – UMH-Arenals,25 – Cor de Jesús,52,11:52
70 – Libertad-Diagonal,33 – Av. Libertat / l’Aljub,52,10:18
67 – Calle Grao con Victoria Kent,2 – Oficina de Turisme,52,07:15
53 – C.P. Victor Pradera,75 – L´aljub,52,17:50
48 – Av. Corts Valencianes,5 – Centre de Congressos,52,15:08
113 – Alcalde Juan Hernández,69 – Olegario Domarco Seller 44,52,15:38
28 – Passeig de les Germanies,100 – C.S. Raval,52,06:26
100 – C.S. Raval,14 – Comissaria,52,09:45
4 – Plaça del Raval,88 – Pistas del Pla,52,09:15
69 – Olegario Domarco Seller 44,17 – Plaça de Castella,52,15:16
40 – C.P. Baix Vinalopó,77 – Plaza Obispo Siuri,52,06:38
16 – Jardí d’Asp,54 – Plaza de Benidorm,52,18:10
75 – L´aljub,2 – Oficina de Turisme,52,16:11
54 – Plaza de Benidorm,115 – Passeig d´Atzavares,52,13:47
19 – Jesuïtines,85 – Sor Josefa Alcorta 34,52,07:57
51 – Ciudad deportiva zona sur,93 – Parque Rey Jaume I,52,10:05
35 – Hospital del Vinalopó,17 – Plaça de Castella,52,25:28
60 – Carrer de la Figuera 2 Torrellano,59 – Calle San Crispín 1 Torrellano,52,10:20
33 – Av. Libertat / l’Aljub,37 – Hort de Travaló,51,22:16
12 – Ambulatori de Sant Fermí,78 – Jorge Juan 24,51,03:19
43 – Palmerars – Ciutat de la Justícia,22 – Av. Llauradors / Eslava,51,13:22
86 – El Corte Inglés,9 – Biblioteca de Sant Josep,51,09:53
21 – C.P. Mariano Benlliure,42 – Multi Aventura Travaló,51,25:25
85 – Sor Josefa Alcorta 34,47 – C.P. Virgen de la Asunción,51,09:32
85 – Sor Josefa Alcorta 34,12 – Ambulatori de Sant Fermí,51,10:17
45 – Plaça de Barcelona,27 – UMH / Pavelló d’Esports,51,13:39
80 – Reina Victoria con Gabriel Miró,3 – Plaça de la Llotja,51,14:09
106 – Estadio Manolo Jaén,53 – C.P. Victor Pradera,51,06:28
110 – Avda Novelda con Obispo Barrachina,78 – Jorge Juan 24,51,06:07
70 – Libertad-Diagonal,55 – Pere Joan Perpinyà,51,07:47
11 – Plaça de Crevillent,87 – CEIP Sanchis Guarner,51,04:52
54 – Plaza de Benidorm,3 – Plaça de la Llotja,51,12:36
44 – Portes Encarnades,91 – Centro social el Pla,51,08:37
87 – CEIP Sanchis Guarner,15 – Av. Llibertat / Reina Victòria,51,10:35
13 – Jardí del 1r de Maig,37 – Hort de Travaló,51,27:27
14 – Comissaria,78 – Jorge Juan 24,51,09:22
91 – Centro social el Pla,78 – Jorge Juan 24,51,12:27
16 – Jardí d’Asp,80 – Reina Victoria con Gabriel Miró,51,08:47
43 – Palmerars – Ciutat de la Justícia,1 – Estació d’Autobusos,51,12:09
75 – L´aljub,82 – Antonio Machado 73,51,04:29
94 – Parking Gran Teatre,49 – Av. Alicante 59,51,09:57
71 – IES Carrús,7 – Pavelló Municipal,51,18:18
32 – Centre de Salut d’Altabix,104 – UMH-Arenals,51,05:31
7 – Pavelló Municipal,115 – Passeig d´Atzavares,51,09:15
76 – Puente Altamira,28 – Passeig de les Germanies,51,05:29
37 – Hort de Travaló,51 – Ciudad deportiva zona sur,51,11:46
93 – Parque Rey Jaume I,36 – I.E.S. Victoria Kent,51,08:01
23 – Conrado del Campo / Trinquet,49 – Av. Alicante 59,51,16:08
102 – UMH-Altabix,80 – Reina Victoria con Gabriel Miró,51,12:17
70 – Libertad-Diagonal,74 – IES Nit de l´Albà,51,07:14
47 – C.P. Virgen de la Asunción,102 – UMH-Altabix,51,13:39
47 – C.P. Virgen de la Asunción,8 – Polivalent de Carrús,51,07:30
46 – UMH / Rectorado,106 – Estadio Manolo Jaén,51,07:29
14 – Comissaria,45 – Plaça de Barcelona,51,13:37
29 – Casablanca,43 – Palmerars – Ciutat de la Justícia,50,14:08
40 – C.P. Baix Vinalopó,86 – El Corte Inglés,50,12:43
115 – Passeig d´Atzavares,49 – Av. Alicante 59,50,12:18
28 – Passeig de les Germanies,94 – Parking Gran Teatre,50,05:12
96 – Puente de Santa Teresa,6 – Ajuntament,50,05:46
110 – Avda Novelda con Obispo Barrachina,73 – Plaza de la aparadora,50,04:41
79 – Intercambiador pasarela,55 – Pere Joan Perpinyà,50,07:12
106 – Estadio Manolo Jaén,54 – Plaza de Benidorm,50,09:14
51 – Ciudad deportiva zona sur,36 – I.E.S. Victoria Kent,50,06:38
47 – C.P. Virgen de la Asunción,89 – CEIP Dama d´Elx,50,07:07
111 – Avenida Alicante 38,15 – Av. Llibertat / Reina Victòria,50,14:51
93 – Parque Rey Jaume I,106 – Estadio Manolo Jaén,50,12:01
97 – Huerto del cura,77 – Plaza Obispo Siuri,50,09:07
49 – Av. Alicante 59,20 – Antoni Mena / Fra Jaume Torres,50,18:17
53 – C.P. Victor Pradera,94 – Parking Gran Teatre,50,09:07
70 – Libertad-Diagonal,103 – UMH-Altet,50,10:08
13 – Jardí del 1r de Maig,71 – IES Carrús,50,06:56
85 – Sor Josefa Alcorta 34,99 – IES La Asunción,50,08:54
100 – C.S. Raval,44 – Portes Encarnades,50,05:20
52 – Centro salud el Toscar,30 – Squash,50,21:11
70 – Libertad-Diagonal,6 – Ajuntament,50,07:19
56 – UMH / Torre Vaillo,49 – Av. Alicante 59,50,09:05
50 – Borreguet,37 – Hort de Travaló,50,14:24
75 – L´aljub,65 – C.P. El toscar,50,08:55
36 – I.E.S. Victoria Kent,97 – Huerto del cura,50,08:27
66 – Jardín escritor Juan Fuster,1 – Estació d’Autobusos,50,09:19
75 – L´aljub,8 – Polivalent de Carrús,50,08:05
102 – UMH-Altabix,3 – Plaça de la Llotja,50,06:45
75 – L´aljub,94 – Parking Gran Teatre,50,11:41
38 – Poliesportiu de Carrús,24 – Policia Local,50,20:29
1 – Estació d’Autobusos,73 – Plaza de la aparadora,50,10:41
101 – UMH-La Galia,27 – UMH / Pavelló d’Esports,50,06:19
100 – C.S. Raval,96 – Puente de Santa Teresa,50,06:16
56 – UMH / Torre Vaillo,36 – I.E.S. Victoria Kent,50,10:53
34 – Hospital General,89 – CEIP Dama d´Elx,49,12:37
2 – Oficina de Turisme,79 – Intercambiador pasarela,49,05:14
90 – Centro salud el Pla,74 – IES Nit de l´Albà,49,11:45
26 – UMH / Escola Oficial d’Idiomes,102 – UMH-Altabix,49,06:17
111 – Avenida Alicante 38,31 – Sant Antoni,49,06:40
26 – UMH / Escola Oficial d’Idiomes,107 – Josefina Manresa,49,12:51
42 – Multi Aventura Travaló,53 – C.P. Victor Pradera,49,13:19
11 – Plaça de Crevillent,103 – UMH-Altet,49,15:38
81 – C.S. Doctor Sapena,96 – Puente de Santa Teresa,49,05:13
45 – Plaça de Barcelona,35 – Hospital del Vinalopó,49,14:23
88 – Pistas del Pla,35 – Hospital del Vinalopó,49,04:50
87 – CEIP Sanchis Guarner,11 – Plaça de Crevillent,49,05:54
80 – Reina Victoria con Gabriel Miró,23 – Conrado del Campo / Trinquet,49,07:06
83 – Conrado del campo 35,40 – C.P. Baix Vinalopó,49,10:24
74 – IES Nit de l´Albà,110 – Avda Novelda con Obispo Barrachina,49,09:42
99 – IES La Asunción,109 – Parque Huerto del Torreret,49,11:44
33 – Av. Libertat / l’Aljub,70 – Libertad-Diagonal,49,09:54
30 – Squash,106 – Estadio Manolo Jaén,49,06:59
10 – L’Escorxador,45 – Plaça de Barcelona,49,17:48
18 – Poliesportiu d’Altabix,43 – Palmerars – Ciutat de la Justícia,49,14:09
93 – Parque Rey Jaume I,104 – UMH-Arenals,49,07:20
102 – UMH-Altabix,36 – I.E.S. Victoria Kent,49,09:53
21 – C.P. Mariano Benlliure,75 – L´aljub,49,06:01
75 – L´aljub,81 – C.S. Doctor Sapena,49,07:01
78 – Jorge Juan 24,46 – UMH / Rectorado,49,12:35
98 – IES Sixto Marco,78 – Jorge Juan 24,49,10:03
23 – Conrado del Campo / Trinquet,48 – Av. Corts Valencianes,49,15:28
78 – Jorge Juan 24,44 – Portes Encarnades,49,10:50
98 – IES Sixto Marco,70 – Libertad-Diagonal,49,11:41
75 – L´aljub,71 – IES Carrús,48,09:10
99 – IES La Asunción,49 – Av. Alicante 59,48,08:17
55 – Pere Joan Perpinyà,90 – Centro salud el Pla,48,06:40
26 – UMH / Escola Oficial d’Idiomes,96 – Puente de Santa Teresa,48,08:19
112 – CEIP San Fernando,30 – Squash,48,06:54
4 – Plaça del Raval,85 – Sor Josefa Alcorta 34,48,05:30
50 – Borreguet,111 – Avenida Alicante 38,48,08:20
75 – L´aljub,89 – CEIP Dama d´Elx,48,11:15
109 – Parque Huerto del Torreret,46 – UMH / Rectorado,48,09:12
69 – Olegario Domarco Seller 44,103 – UMH-Altet,48,10:45
10 – L’Escorxador,47 – C.P. Virgen de la Asunción,48,11:10
106 – Estadio Manolo Jaén,49 – Av. Alicante 59,48,08:04
28 – Passeig de les Germanies,56 – UMH / Torre Vaillo,48,14:55
93 – Parque Rey Jaume I,17 – Plaça de Castella,48,11:05
73 – Plaza de la aparadora,110 – Avda Novelda con Obispo Barrachina,48,04:25
53 – C.P. Victor Pradera,106 – Estadio Manolo Jaén,48,06:41
108 – José Ferrández Cruz,32 – Centre de Salut d’Altabix,48,10:53
76 – Puente Altamira,74 – IES Nit de l´Albà,48,08:59
74 – IES Nit de l´Albà,71 – IES Carrús,48,06:54
15 – Av. Llibertat / Reina Victòria,71 – IES Carrús,48,07:26
103 – UMH-Altet,46 – UMH / Rectorado,48,06:38
13 – Jardí del 1r de Maig,24 – Policia Local,48,17:53
52 – Centro salud el Toscar,46 – UMH / Rectorado,48,16:25
100 – C.S. Raval,55 – Pere Joan Perpinyà,48,06:03
6 – Ajuntament,83 – Conrado del campo 35,48,06:11
32 – Centre de Salut d’Altabix,94 – Parking Gran Teatre,48,13:18
42 – Multi Aventura Travaló,1 – Estació d’Autobusos,48,13:53
11 – Plaça de Crevillent,86 – El Corte Inglés,48,06:05
89 – CEIP Dama d´Elx,39 – Francesc Cantó,48,13:00
106 – Estadio Manolo Jaén,93 – Parque Rey Jaume I,48,11:24
52 – Centro salud el Toscar,50 – Borreguet,47,10:35
104 – UMH-Arenals,46 – UMH / Rectorado,47,04:08
99 – IES La Asunción,93 – Parque Rey Jaume I,47,07:29
43 – Palmerars – Ciutat de la Justícia,37 – Hort de Travaló,47,09:52
30 – Squash,35 – Hospital del Vinalopó,47,23:49
54 – Plaza de Benidorm,42 – Multi Aventura Travaló,47,10:36
37 – Hort de Travaló,10 – L’Escorxador,47,15:51
75 – L´aljub,74 – IES Nit de l´Albà,47,10:25
94 – Parking Gran Teatre,10 – L’Escorxador,47,07:05
49 – Av. Alicante 59,45 – Plaça de Barcelona,47,13:41
33 – Av. Libertat / l’Aljub,49 – Av. Alicante 59,47,21:40
109 – Parque Huerto del Torreret,18 – Poliesportiu d’Altabix,47,06:14
94 – Parking Gran Teatre,80 – Reina Victoria con Gabriel Miró,47,05:54
1 – Estació d’Autobusos,87 – CEIP Sanchis Guarner,47,14:37
15 – Av. Llibertat / Reina Victòria,85 – Sor Josefa Alcorta 34,47,06:41
38 – Poliesportiu de Carrús,54 – Plaza de Benidorm,47,15:23
49 – Av. Alicante 59,96 – Puente de Santa Teresa,47,12:18
94 – Parking Gran Teatre,19 – Jesuïtines,47,05:37
75 – L´aljub,23 – Conrado del Campo / Trinquet,47,11:19
38 – Poliesportiu de Carrús,110 – Avda Novelda con Obispo Barrachina,47,05:30
74 – IES Nit de l´Albà,20 – Antoni Mena / Fra Jaume Torres,47,06:41
103 – UMH-Altet,3 – Plaça de la Llotja,47,07:08
103 – UMH-Altet,11 – Plaça de Crevillent,47,15:03
34 – Hospital General,13 – Jardí del 1r de Maig,47,18:42
47 – C.P. Virgen de la Asunción,10 – L’Escorxador,47,11:34
10 – L’Escorxador,16 – Jardí d’Asp,47,19:00
106 – Estadio Manolo Jaén,108 – José Ferrández Cruz,47,06:22
81 – C.S. Doctor Sapena,56 – UMH / Torre Vaillo,46,13:54
85 – Sor Josefa Alcorta 34,55 – Pere Joan Perpinyà,46,04:46
42 – Multi Aventura Travaló,21 – C.P. Mariano Benlliure,46,24:06
55 – Pere Joan Perpinyà,75 – L´aljub,46,07:34
55 – Pere Joan Perpinyà,79 – Intercambiador pasarela,46,06:30
83 – Conrado del campo 35,78 – Jorge Juan 24,46,05:25
72 – Plaza de madrid,11 – Plaça de Crevillent,46,07:08
26 – UMH / Escola Oficial d’Idiomes,94 – Parking Gran Teatre,46,07:30
111 – Avenida Alicante 38,7 – Pavelló Municipal,46,07:39
86 – El Corte Inglés,11 – Plaça de Crevillent,46,05:58
86 – El Corte Inglés,40 – C.P. Baix Vinalopó,46,11:29
13 – Jardí del 1r de Maig,50 – Borreguet,46,13:28
88 – Pistas del Pla,14 – Comissaria,46,11:19
106 – Estadio Manolo Jaén,36 – I.E.S. Victoria Kent,46,06:00
88 – Pistas del Pla,6 – Ajuntament,46,09:46
23 – Conrado del Campo / Trinquet,102 – UMH-Altabix,46,16:05
79 – Intercambiador pasarela,40 – C.P. Baix Vinalopó,46,05:42
91 – Centro social el Pla,96 – Puente de Santa Teresa,46,07:36
78 – Jorge Juan 24,19 – Jesuïtines,46,07:31
110 – Avda Novelda con Obispo Barrachina,71 – IES Carrús,46,04:48
88 – Pistas del Pla,81 – C.S. Doctor Sapena,46,06:35
110 – Avda Novelda con Obispo Barrachina,40 – C.P. Baix Vinalopó,46,10:41
110 – Avda Novelda con Obispo Barrachina,47 – C.P. Virgen de la Asunción,46,07:35
39 – Francesc Cantó,44 – Portes Encarnades,46,12:41
90 – Centro salud el Pla,87 – CEIP Sanchis Guarner,46,07:11
52 – Centro salud el Toscar,4 – Plaça del Raval,46,11:14
100 – C.S. Raval,10 – L’Escorxador,46,04:00
51 – Ciudad deportiva zona sur,26 – UMH / Escola Oficial d’Idiomes,46,10:57
9 – Biblioteca de Sant Josep,52 – Centro salud el Toscar,46,14:22
27 – UMH / Pavelló d’Esports,76 – Puente Altamira,46,08:45
93 – Parque Rey Jaume I,96 – Puente de Santa Teresa,46,06:04
109 – Parque Huerto del Torreret,29 – Casablanca,46,15:46
53 – C.P. Victor Pradera,47 – C.P. Virgen de la Asunción,46,15:43
109 – Parque Huerto del Torreret,69 – Olegario Domarco Seller 44,46,15:53
76 – Puente Altamira,26 – UMH / Escola Oficial d’Idiomes,46,07:08
37 – Hort de Travaló,50 – Borreguet,46,16:34
101 – UMH-La Galia,93 – Parque Rey Jaume I,46,09:33
37 – Hort de Travaló,33 – Av. Libertat / l’Aljub,46,24:35
50 – Borreguet,31 – Sant Antoni,46,15:51
75 – L´aljub,110 – Avda Novelda con Obispo Barrachina,46,10:50
94 – Parking Gran Teatre,32 – Centre de Salut d’Altabix,46,12:11
84 – Fernanda Santa María 64,75 – L´aljub,46,09:24
56 – UMH / Torre Vaillo,110 – Avda Novelda con Obispo Barrachina,46,09:29
75 – L´aljub,19 – Jesuïtines,45,17:12
42 – Multi Aventura Travaló,97 – Huerto del cura,45,09:52
42 – Multi Aventura Travaló,23 – Conrado del Campo / Trinquet,45,17:35
18 – Poliesportiu d’Altabix,99 – IES La Asunción,45,14:00
94 – Parking Gran Teatre,54 – Plaza de Benidorm,45,07:03
36 – I.E.S. Victoria Kent,102 – UMH-Altabix,45,10:24
6 – Ajuntament,84 – Fernanda Santa María 64,45,06:57
5 – Centre de Congressos,48 – Av. Corts Valencianes,45,15:54
22 – Av. Llauradors / Eslava,50 – Borreguet,45,10:59
80 – Reina Victoria con Gabriel Miró,83 – Conrado del campo 35,45,03:34
54 – Plaza de Benidorm,84 – Fernanda Santa María 64,45,15:03
20 – Antoni Mena / Fra Jaume Torres,55 – Pere Joan Perpinyà,45,12:05
36 – I.E.S. Victoria Kent,113 – Alcalde Juan Hernández,45,04:34
106 – Estadio Manolo Jaén,26 – UMH / Escola Oficial d’Idiomes,45,07:23
35 – Hospital del Vinalopó,71 – IES Carrús,45,11:01
35 – Hospital del Vinalopó,26 – UMH / Escola Oficial d’Idiomes,45,20:45
1 – Estació d’Autobusos,103 – UMH-Altet,45,07:48
67 – Calle Grao con Victoria Kent,79 – Intercambiador pasarela,45,05:15
46 – UMH / Rectorado,32 – Centre de Salut d’Altabix,45,07:23
110 – Avda Novelda con Obispo Barrachina,75 – L´aljub,45,09:29
77 – Plaza Obispo Siuri,53 – C.P. Victor Pradera,45,12:55
77 – Plaza Obispo Siuri,80 – Reina Victoria con Gabriel Miró,45,04:29
77 – Plaza Obispo Siuri,28 – Passeig de les Germanies,45,06:51
99 – IES La Asunción,111 – Avenida Alicante 38,45,08:31
38 – Poliesportiu de Carrús,41 – Dipòsit Municipal de Carrús,45,04:41
26 – UMH / Escola Oficial d’Idiomes,78 – Jorge Juan 24,45,10:26
32 – Centre de Salut d’Altabix,108 – José Ferrández Cruz,45,10:35
77 – Plaza Obispo Siuri,9 – Biblioteca de Sant Josep,45,07:05
80 – Reina Victoria con Gabriel Miró,100 – C.S. Raval,45,07:11
45 – Plaça de Barcelona,50 – Borreguet,45,12:03
24 – Policia Local,39 – Francesc Cantó,45,20:13
37 – Hort de Travaló,45 – Plaça de Barcelona,45,23:10
33 – Av. Libertat / l’Aljub,80 – Reina Victoria con Gabriel Miró,45,09:05
55 – Pere Joan Perpinyà,52 – Centro salud el Toscar,45,11:20
76 – Puente Altamira,7 – Pavelló Municipal,45,13:52
47 – C.P. Virgen de la Asunción,39 – Francesc Cantó,45,07:48
56 – UMH / Torre Vaillo,33 – Av. Libertat / l’Aljub,45,17:35
49 – Av. Alicante 59,76 – Puente Altamira,45,10:34
76 – Puente Altamira,6 – Ajuntament,45,06:18
89 – CEIP Dama d´Elx,53 – C.P. Victor Pradera,45,17:56
90 – Centro salud el Pla,55 – Pere Joan Perpinyà,44,06:29
96 – Puente de Santa Teresa,14 – Comissaria,44,08:46
6 – Ajuntament,76 – Puente Altamira,44,06:13
6 – Ajuntament,71 – IES Carrús,44,09:09
28 – Passeig de les Germanies,73 – Plaza de la aparadora,44,06:37
101 – UMH-La Galia,2 – Oficina de Turisme,44,07:45
89 – CEIP Dama d´Elx,2 – Oficina de Turisme,44,09:41
73 – Plaza de la aparadora,53 – C.P. Victor Pradera,44,13:41
42 – Multi Aventura Travaló,4 – Plaça del Raval,44,17:18
86 – El Corte Inglés,5 – Centre de Congressos,44,14:10
80 – Reina Victoria con Gabriel Miró,12 – Ambulatori de Sant Fermí,44,06:59
100 – C.S. Raval,50 – Borreguet,44,06:44
94 – Parking Gran Teatre,23 – Conrado del Campo / Trinquet,44,10:56
106 – Estadio Manolo Jaén,42 – Multi Aventura Travaló,44,12:17
106 – Estadio Manolo Jaén,40 – C.P. Baix Vinalopó,44,12:03
93 – Parque Rey Jaume I,99 – IES La Asunción,44,05:48
17 – Plaça de Castella,115 – Passeig d´Atzavares,44,10:52
90 – Centro salud el Pla,53 – C.P. Victor Pradera,44,17:53
100 – C.S. Raval,2 – Oficina de Turisme,44,11:01
52 – Centro salud el Toscar,97 – Huerto del cura,44,14:40
99 – IES La Asunción,19 – Jesuïtines,44,06:26
25 – Cor de Jesús,85 – Sor Josefa Alcorta 34,44,05:51
26 – UMH / Escola Oficial d’Idiomes,75 – L´aljub,44,16:13
70 – Libertad-Diagonal,91 – Centro social el Pla,44,11:59
19 – Jesuïtines,106 – Estadio Manolo Jaén,44,13:24
18 – Poliesportiu d’Altabix,109 – Parque Huerto del Torreret,44,05:13
3 – Plaça de la Llotja,79 – Intercambiador pasarela,44,10:22
93 – Parque Rey Jaume I,114 – Jardin Biólogo Antonio de Zulueta,44,12:38
101 – UMH-La Galia,40 – C.P. Baix Vinalopó,44,06:11
81 – C.S. Doctor Sapena,2 – Oficina de Turisme,44,10:44
80 – Reina Victoria con Gabriel Miró,89 – CEIP Dama d´Elx,44,07:46
111 – Avenida Alicante 38,103 – UMH-Altet,44,07:52
104 – UMH-Arenals,3 – Plaça de la Llotja,44,09:11
94 – Parking Gran Teatre,81 – C.S. Doctor Sapena,44,08:41
96 – Puente de Santa Teresa,70 – Libertad-Diagonal,44,13:08
106 – Estadio Manolo Jaén,1 – Estació d’Autobusos,44,09:10
82 – Antonio Machado 73,87 – CEIP Sanchis Guarner,44,03:31
96 – Puente de Santa Teresa,69 – Olegario Domarco Seller 44,44,09:13
6 – Ajuntament,102 – UMH-Altabix,44,10:58
69 – Olegario Domarco Seller 44,9 – Biblioteca de Sant Josep,44,08:05
55 – Pere Joan Perpinyà,109 – Parque Huerto del Torreret,44,18:30
54 – Plaza de Benidorm,113 – Alcalde Juan Hernández,44,06:05
28 – Passeig de les Germanies,91 – Centro social el Pla,44,05:35
98 – IES Sixto Marco,34 – Hospital General,43,06:40
102 – UMH-Altabix,50 – Borreguet,43,09:50
6 – Ajuntament,89 – CEIP Dama d´Elx,43,08:19
29 – Casablanca,72 – Plaza de madrid,43,06:41
5 – Centre de Congressos,111 – Avenida Alicante 38,43,07:57
6 – Ajuntament,90 – Centro salud el Pla,43,08:25
78 – Jorge Juan 24,47 – C.P. Virgen de la Asunción,43,04:42
52 – Centro salud el Toscar,3 – Plaça de la Llotja,43,17:17
70 – Libertad-Diagonal,89 – CEIP Dama d´Elx,43,07:50
76 – Puente Altamira,75 – L´aljub,43,12:45
100 – C.S. Raval,28 – Passeig de les Germanies,43,07:40
8 – Polivalent de Carrús,52 – Centro salud el Toscar,43,03:53
89 – CEIP Dama d´Elx,9 – Biblioteca de Sant Josep,43,05:06
101 – UMH-La Galia,6 – Ajuntament,43,08:19
71 – IES Carrús,50 – Borreguet,43,10:50
53 – C.P. Victor Pradera,80 – Reina Victoria con Gabriel Miró,43,14:25
81 – C.S. Doctor Sapena,86 – El Corte Inglés,43,04:40
5 – Centre de Congressos,103 – UMH-Altet,43,11:41
19 – Jesuïtines,101 – UMH-La Galia,43,06:51
97 – Huerto del cura,112 – CEIP San Fernando,43,06:26
96 – Puente de Santa Teresa,49 – Av. Alicante 59,43,11:49
35 – Hospital del Vinalopó,80 – Reina Victoria con Gabriel Miró,43,10:58
96 – Puente de Santa Teresa,54 – Plaza de Benidorm,43,10:08
110 – Avda Novelda con Obispo Barrachina,80 – Reina Victoria con Gabriel Miró,43,07:32
89 – CEIP Dama d´Elx,85 – Sor Josefa Alcorta 34,43,03:43
79 – Intercambiador pasarela,49 – Av. Alicante 59,43,13:09
53 – C.P. Victor Pradera,38 – Poliesportiu de Carrús,43,16:57
69 – Olegario Domarco Seller 44,26 – UMH / Escola Oficial d’Idiomes,43,10:03
52 – Centro salud el Toscar,35 – Hospital del Vinalopó,43,10:24
103 – UMH-Altet,88 – Pistas del Pla,43,15:22
100 – C.S. Raval,79 – Intercambiador pasarela,43,07:03
49 – Av. Alicante 59,106 – Estadio Manolo Jaén,43,09:44
83 – Conrado del campo 35,22 – Av. Llauradors / Eslava,42,06:57
98 – IES Sixto Marco,113 – Alcalde Juan Hernández,42,08:07
70 – Libertad-Diagonal,5 – Centre de Congressos,42,08:57
95 – IES Vicente Verdu,114 – Jardin Biólogo Antonio de Zulueta,42,19:48
100 – C.S. Raval,93 – Parque Rey Jaume I,42,08:26
37 – Hort de Travaló,43 – Palmerars – Ciutat de la Justícia,42,11:53
94 – Parking Gran Teatre,25 – Cor de Jesús,42,07:35
17 – Plaça de Castella,79 – Intercambiador pasarela,42,13:20
45 – Plaça de Barcelona,37 – Hort de Travaló,42,21:12
12 – Ambulatori de Sant Fermí,41 – Dipòsit Municipal de Carrús,42,13:14
88 – Pistas del Pla,47 – C.P. Virgen de la Asunción,42,06:07
5 – Centre de Congressos,70 – Libertad-Diagonal,42,10:40
35 – Hospital del Vinalopó,50 – Borreguet,42,12:55
93 – Parque Rey Jaume I,103 – UMH-Altet,42,09:21
39 – Francesc Cantó,78 – Jorge Juan 24,42,04:28
17 – Plaça de Castella,113 – Alcalde Juan Hernández,42,08:52
70 – Libertad-Diagonal,85 – Sor Josefa Alcorta 34,42,09:01
15 – Av. Llibertat / Reina Victòria,87 – CEIP Sanchis Guarner,42,09:01
32 – Centre de Salut d’Altabix,46 – UMH / Rectorado,42,06:49
66 – Jardín escritor Juan Fuster,15 – Av. Llibertat / Reina Victòria,42,08:54
51 – Ciudad deportiva zona sur,46 – UMH / Rectorado,42,08:35
70 – Libertad-Diagonal,106 – Estadio Manolo Jaén,42,13:50
77 – Plaza Obispo Siuri,76 – Puente Altamira,42,06:07
77 – Plaza Obispo Siuri,24 – Policia Local,42,14:51
77 – Plaza Obispo Siuri,74 – IES Nit de l´Albà,42,04:50
97 – Huerto del cura,21 – C.P. Mariano Benlliure,42,15:46
4 – Plaça del Raval,103 – UMH-Altet,42,15:26
71 – IES Carrús,81 – C.S. Doctor Sapena,42,04:41
16 – Jardí d’Asp,72 – Plaza de madrid,42,04:23
43 – Palmerars – Ciutat de la Justícia,34 – Hospital General,42,07:26
63 – CEIP Eugeni d’Ors,46 – UMH / Rectorado,42,15:24
63 – CEIP Eugeni d’Ors,102 – UMH-Altabix,41,10:06
8 – Polivalent de Carrús,114 – Jardin Biólogo Antonio de Zulueta,41,21:50
9 – Biblioteca de Sant Josep,39 – Francesc Cantó,41,15:26
1 – Estació d’Autobusos,101 – UMH-La Galia,41,05:17
77 – Plaza Obispo Siuri,2 – Oficina de Turisme,41,09:17
2 – Oficina de Turisme,41 – Dipòsit Municipal de Carrús,41,13:54
34 – Hospital General,43 – Palmerars – Ciutat de la Justícia,41,06:41
55 – Pere Joan Perpinyà,77 – Plaza Obispo Siuri,41,06:49
20 – Antoni Mena / Fra Jaume Torres,112 – CEIP San Fernando,41,15:11
94 – Parking Gran Teatre,14 – Comissaria,41,05:42
108 – José Ferrández Cruz,31 – Sant Antoni,41,09:54
108 – José Ferrández Cruz,15 – Av. Llibertat / Reina Victòria,41,19:25
103 – UMH-Altet,101 – UMH-La Galia,41,06:14
40 – C.P. Baix Vinalopó,79 – Intercambiador pasarela,41,04:11
97 – Huerto del cura,113 – Alcalde Juan Hernández,41,10:39
2 – Oficina de Turisme,77 – Plaza Obispo Siuri,41,09:49
20 – Antoni Mena / Fra Jaume Torres,85 – Sor Josefa Alcorta 34,41,04:41
77 – Plaza Obispo Siuri,87 – CEIP Sanchis Guarner,41,07:55
111 – Avenida Alicante 38,70 – Libertad-Diagonal,41,11:34
17 – Plaça de Castella,93 – Parque Rey Jaume I,41,11:52
49 – Av. Alicante 59,79 – Intercambiador pasarela,41,11:51
69 – Olegario Domarco Seller 44,106 – Estadio Manolo Jaén,41,13:04
16 – Jardí d’Asp,75 – L´aljub,41,10:40
114 – Jardin Biólogo Antonio de Zulueta,30 – Squash,41,09:28
91 – Centro social el Pla,44 – Portes Encarnades,41,11:22
1 – Estació d’Autobusos,72 – Plaza de madrid,41,10:18
39 – Francesc Cantó,84 – Fernanda Santa María 64,41,06:38
76 – Puente Altamira,45 – Plaça de Barcelona,41,06:32
85 – Sor Josefa Alcorta 34,2 – Oficina de Turisme,41,09:35
71 – IES Carrús,76 – Puente Altamira,41,06:07
56 – UMH / Torre Vaillo,4 – Plaça del Raval,41,12:44
98 – IES Sixto Marco,27 – UMH / Pavelló d’Esports,41,14:30
3 – Plaça de la Llotja,80 – Reina Victoria con Gabriel Miró,41,12:46
73 – Plaza de la aparadora,25 – Cor de Jesús,41,08:06
78 – Jorge Juan 24,50 – Borreguet,40,06:43
16 – Jardí d’Asp,77 – Plaza Obispo Siuri,40,07:45
6 – Ajuntament,93 – Parque Rey Jaume I,40,06:57
52 – Centro salud el Toscar,21 – C.P. Mariano Benlliure,40,08:27
37 – Hort de Travaló,11 – Plaça de Crevillent,40,24:00
75 – L´aljub,5 – Centre de Congressos,40,17:20
103 – UMH-Altet,4 – Plaça del Raval,40,12:56
17 – Plaça de Castella,78 – Jorge Juan 24,40,16:22
12 – Ambulatori de Sant Fermí,86 – El Corte Inglés,40,10:34
62 – Calle Inca con brea,47 – C.P. Virgen de la Asunción,40,10:32
69 – Olegario Domarco Seller 44,11 – Plaça de Crevillent,40,08:31
48 – Av. Corts Valencianes,70 – Libertad-Diagonal,40,12:24
97 – Huerto del cura,14 – Comissaria,40,05:39
82 – Antonio Machado 73,44 – Portes Encarnades,40,07:49
96 – Puente de Santa Teresa,51 – Ciudad deportiva zona sur,40,15:23
37 – Hort de Travaló,38 – Poliesportiu de Carrús,40,27:27
71 – IES Carrús,19 – Jesuïtines,40,11:05
6 – Ajuntament,104 – UMH-Arenals,40,11:40
31 – Sant Antoni,50 – Borreguet,40,13:55
98 – IES Sixto Marco,53 – C.P. Victor Pradera,40,07:03
46 – UMH / Rectorado,29 – Casablanca,40,11:39
78 – Jorge Juan 24,49 – Av. Alicante 59,40,11:03
6 – Ajuntament,75 – L´aljub,40,13:55
25 – Cor de Jesús,103 – UMH-Altet,40,10:22
107 – Josefina Manresa,32 – Centre de Salut d’Altabix,40,06:56
35 – Hospital del Vinalopó,1 – Estació d’Autobusos,40,19:53
12 – Ambulatori de Sant Fermí,94 – Parking Gran Teatre,40,08:54
21 – C.P. Mariano Benlliure,82 – Antonio Machado 73,40,02:40
8 – Polivalent de Carrús,43 – Palmerars – Ciutat de la Justícia,40,19:24
11 – Plaça de Crevillent,93 – Parque Rey Jaume I,40,11:39
73 – Plaza de la aparadora,11 – Plaça de Crevillent,40,06:11
19 – Jesuïtines,77 – Plaza Obispo Siuri,40,09:50
55 – Pere Joan Perpinyà,49 – Av. Alicante 59,40,16:46
94 – Parking Gran Teatre,74 – IES Nit de l´Albà,40,11:37
108 – José Ferrández Cruz,36 – I.E.S. Victoria Kent,40,11:07
9 – Biblioteca de Sant Josep,80 – Reina Victoria con Gabriel Miró,40,06:37
7 – Pavelló Municipal,111 – Avenida Alicante 38,40,07:40
2 – Oficina de Turisme,84 – Fernanda Santa María 64,40,10:45
17 – Plaça de Castella,92 – Parking Candalix,40,13:33
5 – Centre de Congressos,79 – Intercambiador pasarela,40,07:14
70 – Libertad-Diagonal,102 – UMH-Altabix,40,08:10
94 – Parking Gran Teatre,53 – C.P. Victor Pradera,40,09:26
103 – UMH-Altet,25 – Cor de Jesús,40,11:00
49 – Av. Alicante 59,111 – Avenida Alicante 38,40,05:01
69 – Olegario Domarco Seller 44,16 – Jardí d’Asp,39,09:09
42 – Multi Aventura Travaló,51 – Ciudad deportiva zona sur,39,09:02
71 – IES Carrús,27 – UMH / Pavelló d’Esports,39,16:50
42 – Multi Aventura Travaló,11 – Plaça de Crevillent,39,23:21
50 – Borreguet,15 – Av. Llibertat / Reina Victòria,39,14:50
110 – Avda Novelda con Obispo Barrachina,86 – El Corte Inglés,39,10:32
4 – Plaça del Raval,93 – Parque Rey Jaume I,39,08:03
99 – IES La Asunción,80 – Reina Victoria con Gabriel Miró,39,08:57
23 – Conrado del Campo / Trinquet,80 – Reina Victoria con Gabriel Miró,39,06:00
1 – Estació d’Autobusos,106 – Estadio Manolo Jaén,39,11:39
73 – Plaza de la aparadora,5 – Centre de Congressos,39,09:27
93 – Parque Rey Jaume I,51 – Ciudad deportiva zona sur,39,12:30
71 – IES Carrús,47 – C.P. Virgen de la Asunción,39,05:02
96 – Puente de Santa Teresa,91 – Centro social el Pla,39,06:57
23 – Conrado del Campo / Trinquet,83 – Conrado del campo 35,39,03:14
46 – UMH / Rectorado,53 – C.P. Victor Pradera,39,08:15
30 – Squash,114 – Jardin Biólogo Antonio de Zulueta,39,10:47
90 – Centro salud el Pla,5 – Centre de Congressos,39,11:24
15 – Av. Llibertat / Reina Victòria,88 – Pistas del Pla,39,11:24
69 – Olegario Domarco Seller 44,8 – Polivalent de Carrús,39,05:13
104 – UMH-Arenals,40 – C.P. Baix Vinalopó,39,09:22
65 – C.P. El toscar,72 – Plaza de madrid,39,02:23
11 – Plaça de Crevillent,42 – Multi Aventura Travaló,39,21:55
87 – CEIP Sanchis Guarner,88 – Pistas del Pla,39,05:17
9 – Biblioteca de Sant Josep,70 – Libertad-Diagonal,39,08:53
81 – C.S. Doctor Sapena,75 – L´aljub,39,08:01
106 – Estadio Manolo Jaén,11 – Plaça de Crevillent,39,16:38
104 – UMH-Arenals,4 – Plaça del Raval,39,13:17
65 – C.P. El toscar,13 – Jardí del 1r de Maig,39,05:09
44 – Portes Encarnades,80 – Reina Victoria con Gabriel Miró,39,07:57
15 – Av. Llibertat / Reina Victòria,81 – C.S. Doctor Sapena,39,03:37
19 – Jesuïtines,108 – José Ferrández Cruz,39,18:12
101 – UMH-La Galia,19 – Jesuïtines,39,06:54
74 – IES Nit de l´Albà,21 – C.P. Mariano Benlliure,39,04:10
110 – Avda Novelda con Obispo Barrachina,6 – Ajuntament,39,07:44
4 – Plaça del Raval,56 – UMH / Torre Vaillo,39,16:12
33 – Av. Libertat / l’Aljub,77 – Plaza Obispo Siuri,39,08:19
92 – Parking Candalix,20 – Antoni Mena / Fra Jaume Torres,39,12:55
45 – Plaça de Barcelona,55 – Pere Joan Perpinyà,39,09:38
80 – Reina Victoria con Gabriel Miró,96 – Puente de Santa Teresa,39,07:31
8 – Polivalent de Carrús,76 – Puente Altamira,39,07:41
91 – Centro social el Pla,12 – Ambulatori de Sant Fermí,39,17:16
2 – Oficina de Turisme,48 – Av. Corts Valencianes,39,16:47
109 – Parque Huerto del Torreret,112 – CEIP San Fernando,39,07:58
25 – Cor de Jesús,96 – Puente de Santa Teresa,39,07:10
80 – Reina Victoria con Gabriel Miró,15 – Av. Llibertat / Reina Victòria,39,06:59
100 – C.S. Raval,94 – Parking Gran Teatre,39,05:38
3 – Plaça de la Llotja,108 – José Ferrández Cruz,39,13:15
13 – Jardí del 1r de Maig,76 – Puente Altamira,39,07:58
67 – Calle Grao con Victoria Kent,25 – Cor de Jesús,39,10:30
13 – Jardí del 1r de Maig,75 – L´aljub,39,11:07
96 – Puente de Santa Teresa,32 – Centre de Salut d’Altabix,39,14:37
27 – UMH / Pavelló d’Esports,115 – Passeig d´Atzavares,38,24:09
86 – El Corte Inglés,12 – Ambulatori de Sant Fermí,38,12:00
29 – Casablanca,109 – Parque Huerto del Torreret,38,17:04
43 – Palmerars – Ciutat de la Justícia,112 – CEIP San Fernando,38,04:20
33 – Av. Libertat / l’Aljub,91 – Centro social el Pla,38,09:02
23 – Conrado del Campo / Trinquet,103 – UMH-Altet,38,16:11
3 – Plaça de la Llotja,76 – Puente Altamira,38,08:41
10 – L’Escorxador,111 – Avenida Alicante 38,38,11:57
111 – Avenida Alicante 38,32 – Centre de Salut d’Altabix,38,06:02
69 – Olegario Domarco Seller 44,45 – Plaça de Barcelona,38,04:25
98 – IES Sixto Marco,11 – Plaça de Crevillent,38,19:27
70 – Libertad-Diagonal,49 – Av. Alicante 59,38,13:07
49 – Av. Alicante 59,33 – Av. Libertat / l’Aljub,38,20:25
53 – C.P. Victor Pradera,24 – Policia Local,38,10:52
86 – El Corte Inglés,81 – C.S. Doctor Sapena,38,06:00
21 – C.P. Mariano Benlliure,45 – Plaça de Barcelona,38,12:51
51 – Ciudad deportiva zona sur,100 – C.S. Raval,38,16:12
25 – Cor de Jesús,94 – Parking Gran Teatre,38,05:50
36 – I.E.S. Victoria Kent,112 – CEIP San Fernando,38,05:06
36 – I.E.S. Victoria Kent,47 – C.P. Virgen de la Asunción,38,19:01
50 – Borreguet,104 – UMH-Arenals,38,12:35
103 – UMH-Altet,2 – Oficina de Turisme,38,08:37
80 – Reina Victoria con Gabriel Miró,48 – Av. Corts Valencianes,38,11:22
74 – IES Nit de l´Albà,90 – Centro salud el Pla,38,12:18
100 – C.S. Raval,76 – Puente Altamira,38,09:12
20 – Antoni Mena / Fra Jaume Torres,76 – Puente Altamira,38,11:37
35 – Hospital del Vinalopó,53 – C.P. Victor Pradera,38,19:15
32 – Centre de Salut d’Altabix,100 – C.S. Raval,38,13:11
92 – Parking Candalix,7 – Pavelló Municipal,38,12:09
48 – Av. Corts Valencianes,36 – I.E.S. Victoria Kent,38,25:06
106 – Estadio Manolo Jaén,94 – Parking Gran Teatre,38,12:08
32 – Centre de Salut d’Altabix,111 – Avenida Alicante 38,38,08:17
9 – Biblioteca de Sant Josep,100 – C.S. Raval,38,04:07
97 – Huerto del cura,1 – Estació d’Autobusos,38,18:11
106 – Estadio Manolo Jaén,114 – Jardin Biólogo Antonio de Zulueta,38,09:55
51 – Ciudad deportiva zona sur,108 – José Ferrández Cruz,38,08:57
14 – Comissaria,39 – Francesc Cantó,38,15:01
76 – Puente Altamira,5 – Centre de Congressos,38,09:46
47 – C.P. Virgen de la Asunción,52 – Centro salud el Toscar,38,09:24
20 – Antoni Mena / Fra Jaume Torres,50 – Borreguet,38,11:34
46 – UMH / Rectorado,85 – Sor Josefa Alcorta 34,38,15:40
13 – Jardí del 1r de Maig,103 – UMH-Altet,38,14:05
79 – Intercambiador pasarela,12 – Ambulatori de Sant Fermí,38,06:19
93 – Parque Rey Jaume I,50 – Borreguet,38,06:46
47 – C.P. Virgen de la Asunción,15 – Av. Llibertat / Reina Victòria,38,06:29
62 – Calle Inca con brea,96 – Puente de Santa Teresa,38,15:33
12 – Ambulatori de Sant Fermí,100 – C.S. Raval,38,11:24
26 – UMH / Escola Oficial d’Idiomes,72 – Plaza de madrid,38,12:31
8 – Polivalent de Carrús,37 – Hort de Travaló,38,21:12
65 – C.P. El toscar,4 – Plaça del Raval,38,13:28
85 – Sor Josefa Alcorta 34,45 – Plaça de Barcelona,37,10:23
12 – Ambulatori de Sant Fermí,93 – Parque Rey Jaume I,37,09:01
59 – Calle San Crispín 1 Torrellano,60 – Carrer de la Figuera 2 Torrellano,37,05:38
26 – UMH / Escola Oficial d’Idiomes,101 – UMH-La Galia,37,10:21
28 – Passeig de les Germanies,76 – Puente Altamira,37,07:52
103 – UMH-Altet,6 – Ajuntament,37,10:13
47 – C.P. Virgen de la Asunción,48 – Av. Corts Valencianes,37,08:53
90 – Centro salud el Pla,36 – I.E.S. Victoria Kent,37,16:18
90 – Centro salud el Pla,14 – Comissaria,37,11:49
39 – Francesc Cantó,97 – Huerto del cura,37,13:35
89 – CEIP Dama d´Elx,11 – Plaça de Crevillent,37,06:37
80 – Reina Victoria con Gabriel Miró,88 – Pistas del Pla,37,07:03
113 – Alcalde Juan Hernández,50 – Borreguet,37,14:48
1 – Estació d’Autobusos,77 – Plaza Obispo Siuri,37,09:53
44 – Portes Encarnades,77 – Plaza Obispo Siuri,37,10:21
112 – CEIP San Fernando,36 – I.E.S. Victoria Kent,37,04:42
99 – IES La Asunción,30 – Squash,37,10:49
82 – Antonio Machado 73,11 – Plaça de Crevillent,37,03:52
96 – Puente de Santa Teresa,78 – Jorge Juan 24,37,06:38
96 – Puente de Santa Teresa,46 – UMH / Rectorado,37,14:28
5 – Centre de Congressos,83 – Conrado del campo 35,37,09:44
77 – Plaza Obispo Siuri,88 – Pistas del Pla,37,07:27
77 – Plaza Obispo Siuri,33 – Av. Libertat / l’Aljub,37,06:45
8 – Polivalent de Carrús,51 – Ciudad deportiva zona sur,37,22:20
37 – Hort de Travaló,20 – Antoni Mena / Fra Jaume Torres,37,24:25
32 – Centre de Salut d’Altabix,115 – Passeig d´Atzavares,37,13:14
67 – Calle Grao con Victoria Kent,99 – IES La Asunción,37,15:11
86 – El Corte Inglés,4 – Plaça del Raval,37,08:42
5 – Centre de Congressos,115 – Passeig d´Atzavares,37,14:06
102 – UMH-Altabix,79 – Intercambiador pasarela,37,09:55
70 – Libertad-Diagonal,87 – CEIP Sanchis Guarner,37,10:36
109 – Parque Huerto del Torreret,12 – Ambulatori de Sant Fermí,37,17:11
38 – Poliesportiu de Carrús,79 – Intercambiador pasarela,37,09:16
93 – Parque Rey Jaume I,6 – Ajuntament,37,06:55
114 – Jardin Biólogo Antonio de Zulueta,1 – Estació d’Autobusos,37,16:29
114 – Jardin Biólogo Antonio de Zulueta,19 – Jesuïtines,37,12:33
1 – Estació d’Autobusos,109 – Parque Huerto del Torreret,37,12:23
45 – Plaça de Barcelona,98 – IES Sixto Marco,37,14:08
108 – José Ferrández Cruz,3 – Plaça de la Llotja,37,12:42
110 – Avda Novelda con Obispo Barrachina,2 – Oficina de Turisme,37,10:44
70 – Libertad-Diagonal,38 – Poliesportiu de Carrús,37,07:08
47 – C.P. Virgen de la Asunción,95 – IES Vicente Verdu,37,07:40
102 – UMH-Altabix,96 – Puente de Santa Teresa,37,11:17
28 – Passeig de les Germanies,105 – Almansa con Avda. Novelda,37,15:52
70 – Libertad-Diagonal,19 – Jesuïtines,37,09:05
46 – UMH / Rectorado,55 – Pere Joan Perpinyà,37,16:06
96 – Puente de Santa Teresa,19 – Jesuïtines,37,07:35
115 – Passeig d´Atzavares,7 – Pavelló Municipal,36,09:04
43 – Palmerars – Ciutat de la Justícia,10 – L’Escorxador,36,08:21
84 – Fernanda Santa María 64,4 – Plaça del Raval,36,06:13
19 – Jesuïtines,52 – Centro salud el Toscar,36,14:11
84 – Fernanda Santa María 64,6 – Ajuntament,36,07:30
12 – Ambulatori de Sant Fermí,98 – IES Sixto Marco,36,10:49
114 – Jardin Biólogo Antonio de Zulueta,95 – IES Vicente Verdu,36,19:27
82 – Antonio Machado 73,96 – Puente de Santa Teresa,36,08:25
96 – Puente de Santa Teresa,80 – Reina Victoria con Gabriel Miró,36,07:19
78 – Jorge Juan 24,7 – Pavelló Municipal,36,16:39
72 – Plaza de madrid,4 – Plaça del Raval,36,09:41
15 – Av. Llibertat / Reina Victòria,37 – Hort de Travaló,36,22:17
81 – C.S. Doctor Sapena,80 – Reina Victoria con Gabriel Miró,36,07:15
115 – Passeig d´Atzavares,98 – IES Sixto Marco,36,14:24
106 – Estadio Manolo Jaén,19 – Jesuïtines,36,10:53
53 – C.P. Victor Pradera,46 – UMH / Rectorado,36,10:02
71 – IES Carrús,11 – Plaça de Crevillent,36,06:05
22 – Av. Llauradors / Eslava,84 – Fernanda Santa María 64,36,05:40
68 – Arturo Salvetti Pardo,92 – Parking Candalix,36,09:04
56 – UMH / Torre Vaillo,81 – C.S. Doctor Sapena,36,14:28
36 – I.E.S. Victoria Kent,88 – Pistas del Pla,36,18:38
113 – Alcalde Juan Hernández,100 – C.S. Raval,36,14:03
54 – Plaza de Benidorm,94 – Parking Gran Teatre,36,07:40
51 – Ciudad deportiva zona sur,96 – Puente de Santa Teresa,36,16:49
53 – C.P. Victor Pradera,87 – CEIP Sanchis Guarner,36,20:39
53 – C.P. Victor Pradera,104 – UMH-Arenals,36,05:35
106 – Estadio Manolo Jaén,100 – C.S. Raval,36,13:54
20 – Antoni Mena / Fra Jaume Torres,37 – Hort de Travaló,36,25:03
76 – Puente Altamira,102 – UMH-Altabix,36,07:47
28 – Passeig de les Germanies,85 – Sor Josefa Alcorta 34,36,08:16
103 – UMH-Altet,12 – Ambulatori de Sant Fermí,36,11:36
104 – UMH-Arenals,47 – C.P. Virgen de la Asunción,36,17:42
99 – IES La Asunción,18 – Poliesportiu d’Altabix,36,16:52
73 – Plaza de la aparadora,12 – Ambulatori de Sant Fermí,36,05:00
96 – Puente de Santa Teresa,28 – Passeig de les Germanies,36,05:26
67 – Calle Grao con Victoria Kent,6 – Ajuntament,36,08:35
109 – Parque Huerto del Torreret,1 – Estació d’Autobusos,36,10:44
39 – Francesc Cantó,42 – Multi Aventura Travaló,36,19:02
67 – Calle Grao con Victoria Kent,5 – Centre de Congressos,36,13:40
46 – UMH / Rectorado,78 – Jorge Juan 24,35,12:19
15 – Av. Llibertat / Reina Victòria,103 – UMH-Altet,35,17:07
77 – Plaza Obispo Siuri,44 – Portes Encarnades,35,11:19
103 – UMH-Altet,93 – Parque Rey Jaume I,35,10:58
36 – I.E.S. Victoria Kent,85 – Sor Josefa Alcorta 34,35,14:42
24 – Policia Local,13 – Jardí del 1r de Maig,35,20:10
67 – Calle Grao con Victoria Kent,40 – C.P. Baix Vinalopó,35,03:47
12 – Ambulatori de Sant Fermí,111 – Avenida Alicante 38,35,14:17
29 – Casablanca,37 – Hort de Travaló,35,22:26
77 – Plaza Obispo Siuri,55 – Pere Joan Perpinyà,35,06:15
20 – Antoni Mena / Fra Jaume Torres,70 – Libertad-Diagonal,35,09:13
14 – Comissaria,51 – Ciudad deportiva zona sur,35,12:29
76 – Puente Altamira,2 – Oficina de Turisme,35,06:11
25 – Cor de Jesús,41 – Dipòsit Municipal de Carrús,35,13:32
115 – Passeig d´Atzavares,17 – Plaça de Castella,35,15:43
99 – IES La Asunción,6 – Ajuntament,35,10:15
20 – Antoni Mena / Fra Jaume Torres,49 – Av. Alicante 59,35,20:05
106 – Estadio Manolo Jaén,115 – Passeig d´Atzavares,35,10:09
96 – Puente de Santa Teresa,23 – Conrado del Campo / Trinquet,35,07:19
21 – C.P. Mariano Benlliure,74 – IES Nit de l´Albà,35,05:21
85 – Sor Josefa Alcorta 34,19 – Jesuïtines,35,10:00
32 – Centre de Salut d’Altabix,101 – UMH-La Galia,35,11:24
41 – Dipòsit Municipal de Carrús,76 – Puente Altamira,35,08:01
105 – Almansa con Avda. Novelda,82 – Antonio Machado 73,35,10:35
65 – C.P. El toscar,114 – Jardin Biólogo Antonio de Zulueta,35,23:47
110 – Avda Novelda con Obispo Barrachina,33 – Av. Libertat / l’Aljub,35,08:52
19 – Jesuïtines,104 – UMH-Arenals,35,09:42
7 – Pavelló Municipal,106 – Estadio Manolo Jaén,35,06:30
106 – Estadio Manolo Jaén,12 – Ambulatori de Sant Fermí,35,13:55
10 – L’Escorxador,93 – Parque Rey Jaume I,35,07:16
98 – IES Sixto Marco,10 – L’Escorxador,35,09:19
106 – Estadio Manolo Jaén,24 – Policia Local,35,04:09
25 – Cor de Jesús,71 – IES Carrús,35,06:12
102 – UMH-Altabix,47 – C.P. Virgen de la Asunción,35,14:47
83 – Conrado del campo 35,14 – Comissaria,35,09:14
39 – Francesc Cantó,75 – L´aljub,35,12:28
67 – Calle Grao con Victoria Kent,53 – C.P. Victor Pradera,35,12:06
72 – Plaza de madrid,89 – CEIP Dama d´Elx,35,12:54
74 – IES Nit de l´Albà,93 – Parque Rey Jaume I,35,14:30
67 – Calle Grao con Victoria Kent,80 – Reina Victoria con Gabriel Miró,35,08:54
114 – Jardin Biólogo Antonio de Zulueta,26 – UMH / Escola Oficial d’Idiomes,35,12:34
70 – Libertad-Diagonal,31 – Sant Antoni,35,14:31
28 – Passeig de les Germanies,42 – Multi Aventura Travaló,35,17:32
55 – Pere Joan Perpinyà,80 – Reina Victoria con Gabriel Miró,35,07:40
54 – Plaza de Benidorm,38 – Poliesportiu de Carrús,35,15:59
52 – Centro salud el Toscar,77 – Plaza Obispo Siuri,35,06:00
103 – UMH-Altet,53 – C.P. Victor Pradera,35,09:32
76 – Puente Altamira,11 – Plaça de Crevillent,34,08:11
76 – Puente Altamira,4 – Plaça del Raval,34,07:19
107 – Josefina Manresa,26 – UMH / Escola Oficial d’Idiomes,34,09:40
3 – Plaça de la Llotja,85 – Sor Josefa Alcorta 34,34,17:37
103 – UMH-Altet,8 – Polivalent de Carrús,34,13:34
25 – Cor de Jesús,80 – Reina Victoria con Gabriel Miró,34,04:43
106 – Estadio Manolo Jaén,46 – UMH / Rectorado,34,05:12
21 – C.P. Mariano Benlliure,81 – C.S. Doctor Sapena,34,02:44
50 – Borreguet,98 – IES Sixto Marco,34,08:12
42 – Multi Aventura Travaló,106 – Estadio Manolo Jaén,34,11:42
85 – Sor Josefa Alcorta 34,3 – Plaça de la Llotja,34,15:47
71 – IES Carrús,65 – C.P. El toscar,34,08:27
56 – UMH / Torre Vaillo,55 – Pere Joan Perpinyà,34,16:14
96 – Puente de Santa Teresa,88 – Pistas del Pla,34,06:38
100 – C.S. Raval,38 – Poliesportiu de Carrús,34,19:30
78 – Jorge Juan 24,17 – Plaça de Castella,34,16:41
16 – Jardí d’Asp,85 – Sor Josefa Alcorta 34,34,12:18
47 – C.P. Virgen de la Asunción,100 – C.S. Raval,34,10:36
45 – Plaça de Barcelona,49 – Av. Alicante 59,34,14:33
45 – Plaça de Barcelona,65 – C.P. El toscar,34,06:33
114 – Jardin Biólogo Antonio de Zulueta,17 – Plaça de Castella,34,12:27
100 – C.S. Raval,53 – C.P. Victor Pradera,34,13:22
47 – C.P. Virgen de la Asunción,85 – Sor Josefa Alcorta 34,34,07:09
53 – C.P. Victor Pradera,99 – IES La Asunción,34,09:59
67 – Calle Grao con Victoria Kent,54 – Plaza de Benidorm,34,16:46
5 – Centre de Congressos,101 – UMH-La Galia,34,09:08
36 – I.E.S. Victoria Kent,104 – UMH-Arenals,34,08:05
70 – Libertad-Diagonal,101 – UMH-La Galia,34,07:24
31 – Sant Antoni,93 – Parque Rey Jaume I,34,08:17
34 – Hospital General,39 – Francesc Cantó,34,20:12
1 – Estació d’Autobusos,114 – Jardin Biólogo Antonio de Zulueta,34,12:48
70 – Libertad-Diagonal,25 – Cor de Jesús,34,04:56
55 – Pere Joan Perpinyà,100 – C.S. Raval,34,07:10
13 – Jardí del 1r de Maig,65 – C.P. El toscar,34,06:16
46 – UMH / Rectorado,22 – Av. Llauradors / Eslava,34,16:48
39 – Francesc Cantó,10 – L’Escorxador,34,14:36
32 – Centre de Salut d’Altabix,96 – Puente de Santa Teresa,34,14:58
77 – Plaza Obispo Siuri,7 – Pavelló Municipal,34,15:59
105 – Almansa con Avda. Novelda,6 – Ajuntament,34,11:24
16 – Jardí d’Asp,51 – Ciudad deportiva zona sur,34,20:20
53 – C.P. Victor Pradera,74 – IES Nit de l´Albà,34,15:31
83 – Conrado del campo 35,3 – Plaça de la Llotja,34,16:42
77 – Plaza Obispo Siuri,70 – Libertad-Diagonal,34,04:49
25 – Cor de Jesús,90 – Centro salud el Pla,34,10:11
99 – IES La Asunción,25 – Cor de Jesús,34,10:51
12 – Ambulatori de Sant Fermí,101 – UMH-La Galia,33,08:12
85 – Sor Josefa Alcorta 34,4 – Plaça del Raval,33,03:40
84 – Fernanda Santa María 64,12 – Ambulatori de Sant Fermí,33,07:38
103 – UMH-Altet,26 – UMH / Escola Oficial d’Idiomes,33,06:01
103 – UMH-Altet,36 – I.E.S. Victoria Kent,33,07:35
111 – Avenida Alicante 38,45 – Plaça de Barcelona,33,14:20
111 – Avenida Alicante 38,93 – Parque Rey Jaume I,33,05:47
11 – Plaça de Crevillent,77 – Plaza Obispo Siuri,33,04:41
44 – Portes Encarnades,95 – IES Vicente Verdu,33,16:18
12 – Ambulatori de Sant Fermí,109 – Parque Huerto del Torreret,33,15:57
87 – CEIP Sanchis Guarner,33 – Av. Libertat / l’Aljub,33,05:31
104 – UMH-Arenals,30 – Squash,33,11:08
44 – Portes Encarnades,79 – Intercambiador pasarela,33,07:43
82 – Antonio Machado 73,71 – IES Carrús,33,07:06
29 – Casablanca,56 – UMH / Torre Vaillo,33,11:27
82 – Antonio Machado 73,6 – Ajuntament,33,11:08
72 – Plaza de madrid,29 – Casablanca,33,08:24
52 – Centro salud el Toscar,43 – Palmerars – Ciutat de la Justícia,33,17:38
97 – Huerto del cura,100 – C.S. Raval,33,06:31
44 – Portes Encarnades,53 – C.P. Victor Pradera,33,14:52
44 – Portes Encarnades,16 – Jardí d’Asp,33,18:07
33 – Av. Libertat / l’Aljub,86 – El Corte Inglés,33,04:37
73 – Plaza de la aparadora,70 – Libertad-Diagonal,33,06:50
52 – Centro salud el Toscar,8 – Polivalent de Carrús,33,06:15
23 – Conrado del Campo / Trinquet,79 – Intercambiador pasarela,33,07:07
102 – UMH-Altabix,25 – Cor de Jesús,33,09:58
71 – IES Carrús,32 – Centre de Salut d’Altabix,33,13:53
72 – Plaza de madrid,104 – UMH-Arenals,33,16:34
6 – Ajuntament,73 – Plaza de la aparadora,33,09:51
5 – Centre de Congressos,76 – Puente Altamira,33,07:57
113 – Alcalde Juan Hernández,14 – Comissaria,33,09:54
1 – Estació d’Autobusos,81 – C.S. Doctor Sapena,33,11:03
83 – Conrado del campo 35,12 – Ambulatori de Sant Fermí,33,08:13
70 – Libertad-Diagonal,13 – Jardí del 1r de Maig,33,07:57
3 – Plaça de la Llotja,109 – Parque Huerto del Torreret,33,09:48
111 – Avenida Alicante 38,49 – Av. Alicante 59,33,08:03
78 – Jorge Juan 24,28 – Passeig de les Germanies,33,04:10
70 – Libertad-Diagonal,80 – Reina Victoria con Gabriel Miró,33,04:54
5 – Centre de Congressos,90 – Centro salud el Pla,33,10:26
8 – Polivalent de Carrús,41 – Dipòsit Municipal de Carrús,33,11:33
56 – UMH / Torre Vaillo,34 – Hospital General,33,12:25
5 – Centre de Congressos,91 – Centro social el Pla,33,09:41
104 – UMH-Arenals,70 – Libertad-Diagonal,33,10:54
7 – Pavelló Municipal,104 – UMH-Arenals,33,06:34
74 – IES Nit de l´Albà,53 – C.P. Victor Pradera,33,15:35
100 – C.S. Raval,97 – Huerto del cura,33,13:07
53 – C.P. Victor Pradera,109 – Parque Huerto del Torreret,33,08:07
78 – Jorge Juan 24,53 – C.P. Victor Pradera,33,14:21
52 – Centro salud el Toscar,85 – Sor Josefa Alcorta 34,32,10:57
43 – Palmerars – Ciutat de la Justícia,41 – Dipòsit Municipal de Carrús,32,21:25
85 – Sor Josefa Alcorta 34,89 – CEIP Dama d´Elx,32,04:10
70 – Libertad-Diagonal,36 – I.E.S. Victoria Kent,32,14:35
6 – Ajuntament,82 – Antonio Machado 73,32,08:31
103 – UMH-Altet,111 – Avenida Alicante 38,32,07:25
40 – C.P. Baix Vinalopó,111 – Avenida Alicante 38,32,10:36
70 – Libertad-Diagonal,28 – Passeig de les Germanies,32,06:53
94 – Parking Gran Teatre,38 – Poliesportiu de Carrús,32,20:38
8 – Polivalent de Carrús,70 – Libertad-Diagonal,32,06:48
71 – IES Carrús,94 – Parking Gran Teatre,32,11:37
6 – Ajuntament,41 – Dipòsit Municipal de Carrús,32,17:07
106 – Estadio Manolo Jaén,2 – Oficina de Turisme,32,11:26
36 – I.E.S. Victoria Kent,111 – Avenida Alicante 38,32,07:13
24 – Policia Local,56 – UMH / Torre Vaillo,32,12:07
89 – CEIP Dama d´Elx,12 – Ambulatori de Sant Fermí,32,11:05
45 – Plaça de Barcelona,109 – Parque Huerto del Torreret,32,15:03
93 – Parque Rey Jaume I,101 – UMH-La Galia,32,07:45
110 – Avda Novelda con Obispo Barrachina,11 – Plaça de Crevillent,32,07:55
93 – Parque Rey Jaume I,67 – Calle Grao con Victoria Kent,32,08:57
99 – IES La Asunción,4 – Plaça del Raval,32,08:33
78 – Jorge Juan 24,80 – Reina Victoria con Gabriel Miró,32,02:02
47 – C.P. Virgen de la Asunción,70 – Libertad-Diagonal,32,08:49
89 – CEIP Dama d´Elx,75 – L´aljub,32,09:56
89 – CEIP Dama d´Elx,78 – Jorge Juan 24,32,07:33
100 – C.S. Raval,17 – Plaça de Castella,32,14:23
9 – Biblioteca de Sant Josep,97 – Huerto del cura,32,07:11
40 – C.P. Baix Vinalopó,94 – Parking Gran Teatre,32,08:52
52 – Centro salud el Toscar,34 – Hospital General,32,18:42
32 – Centre de Salut d’Altabix,85 – Sor Josefa Alcorta 34,32,16:38
67 – Calle Grao con Victoria Kent,76 – Puente Altamira,32,04:59
36 – I.E.S. Victoria Kent,106 – Estadio Manolo Jaén,32,07:55
51 – Ciudad deportiva zona sur,55 – Pere Joan Perpinyà,32,17:12
51 – Ciudad deportiva zona sur,23 – Conrado del Campo / Trinquet,32,20:06
98 – IES Sixto Marco,40 – C.P. Baix Vinalopó,32,10:05
38 – Poliesportiu de Carrús,77 – Plaza Obispo Siuri,32,09:59
92 – Parking Candalix,80 – Reina Victoria con Gabriel Miró,32,06:38
93 – Parque Rey Jaume I,7 – Pavelló Municipal,32,10:43
113 – Alcalde Juan Hernández,36 – I.E.S. Victoria Kent,32,05:30
48 – Av. Corts Valencianes,8 – Polivalent de Carrús,32,05:51
38 – Poliesportiu de Carrús,96 – Puente de Santa Teresa,32,10:32
38 – Poliesportiu de Carrús,94 – Parking Gran Teatre,32,12:14
34 – Hospital General,77 – Plaza Obispo Siuri,32,14:25
65 – C.P. El toscar,6 – Ajuntament,32,10:00
2 – Oficina de Turisme,94 – Parking Gran Teatre,32,15:47
50 – Borreguet,97 – Huerto del cura,32,04:50
75 – L´aljub,29 – Casablanca,32,11:57
83 – Conrado del campo 35,75 – L´aljub,32,10:40
85 – Sor Josefa Alcorta 34,70 – Libertad-Diagonal,32,10:25
84 – Fernanda Santa María 64,95 – IES Vicente Verdu,32,04:44
99 – IES La Asunción,98 – IES Sixto Marco,32,05:23
70 – Libertad-Diagonal,40 – C.P. Baix Vinalopó,31,06:43
15 – Av. Llibertat / Reina Victòria,110 – Avda Novelda con Obispo Barrachina,31,06:55
75 – L´aljub,84 – Fernanda Santa María 64,31,09:20
101 – UMH-La Galia,50 – Borreguet,31,08:02
85 – Sor Josefa Alcorta 34,88 – Pistas del Pla,31,04:32
56 – UMH / Torre Vaillo,38 – Poliesportiu de Carrús,31,09:29
12 – Ambulatori de Sant Fermí,90 – Centro salud el Pla,31,11:29
8 – Polivalent de Carrús,56 – UMH / Torre Vaillo,31,14:40
51 – Ciudad deportiva zona sur,104 – UMH-Arenals,31,07:39
2 – Oficina de Turisme,75 – L´aljub,31,16:08
85 – Sor Josefa Alcorta 34,81 – C.S. Doctor Sapena,31,06:49
94 – Parking Gran Teatre,55 – Pere Joan Perpinyà,31,08:16
22 – Av. Llauradors / Eslava,110 – Avda Novelda con Obispo Barrachina,31,16:17
11 – Plaça de Crevillent,94 – Parking Gran Teatre,31,09:40
66 – Jardín escritor Juan Fuster,102 – UMH-Altabix,31,08:26
77 – Plaza Obispo Siuri,1 – Estació d’Autobusos,31,12:32
77 – Plaza Obispo Siuri,21 – C.P. Mariano Benlliure,31,06:16
76 – Puente Altamira,100 – C.S. Raval,31,07:59
42 – Multi Aventura Travaló,18 – Poliesportiu d’Altabix,31,14:52
105 – Almansa con Avda. Novelda,18 – Poliesportiu d’Altabix,31,19:55
94 – Parking Gran Teatre,28 – Passeig de les Germanies,31,05:46
70 – Libertad-Diagonal,65 – C.P. El toscar,31,09:33
73 – Plaza de la aparadora,51 – Ciudad deportiva zona sur,31,15:13
76 – Puente Altamira,111 – Avenida Alicante 38,31,10:01
113 – Alcalde Juan Hernández,42 – Multi Aventura Travaló,31,06:33
39 – Francesc Cantó,85 – Sor Josefa Alcorta 34,31,07:31
90 – Centro salud el Pla,96 – Puente de Santa Teresa,31,05:45
3 – Plaça de la Llotja,96 – Puente de Santa Teresa,31,10:25
104 – UMH-Arenals,26 – UMH / Escola Oficial d’Idiomes,31,07:16
111 – Avenida Alicante 38,28 – Passeig de les Germanies,31,12:40
46 – UMH / Rectorado,96 – Puente de Santa Teresa,31,12:00
72 – Plaza de madrid,6 – Ajuntament,31,09:34
71 – IES Carrús,53 – C.P. Victor Pradera,31,13:12
44 – Portes Encarnades,78 – Jorge Juan 24,31,11:36
108 – José Ferrández Cruz,19 – Jesuïtines,31,14:41
108 – José Ferrández Cruz,37 – Hort de Travaló,31,09:05
35 – Hospital del Vinalopó,91 – Centro social el Pla,31,08:30
20 – Antoni Mena / Fra Jaume Torres,83 – Conrado del campo 35,31,05:56
18 – Poliesportiu d’Altabix,42 – Multi Aventura Travaló,31,13:32
88 – Pistas del Pla,87 – CEIP Sanchis Guarner,31,06:14
41 – Dipòsit Municipal de Carrús,46 – UMH / Rectorado,31,17:05
99 – IES La Asunción,55 – Pere Joan Perpinyà,31,11:24
69 – Olegario Domarco Seller 44,38 – Poliesportiu de Carrús,31,06:37
106 – Estadio Manolo Jaén,51 – Ciudad deportiva zona sur,31,04:22
79 – Intercambiador pasarela,96 – Puente de Santa Teresa,31,05:31
45 – Plaça de Barcelona,46 – UMH / Rectorado,31,12:21
71 – IES Carrús,13 – Jardí del 1r de Maig,31,08:23
88 – Pistas del Pla,2 – Oficina de Turisme,31,12:54
80 – Reina Victoria con Gabriel Miró,90 – Centro salud el Pla,31,06:41
80 – Reina Victoria con Gabriel Miró,73 – Plaza de la aparadora,31,07:51
22 – Av. Llauradors / Eslava,49 – Av. Alicante 59,31,20:23
71 – IES Carrús,12 – Ambulatori de Sant Fermí,31,09:14
5 – Centre de Congressos,81 – C.S. Doctor Sapena,30,11:36
112 – CEIP San Fernando,9 – Biblioteca de Sant Josep,30,12:40
100 – C.S. Raval,54 – Plaza de Benidorm,30,08:50
102 – UMH-Altabix,23 – Conrado del Campo / Trinquet,30,14:11
70 – Libertad-Diagonal,8 – Polivalent de Carrús,30,07:27
28 – Passeig de les Germanies,103 – UMH-Altet,30,14:40
80 – Reina Victoria con Gabriel Miró,20 – Antoni Mena / Fra Jaume Torres,30,07:26
88 – Pistas del Pla,1 – Estació d’Autobusos,30,12:45
40 – C.P. Baix Vinalopó,85 – Sor Josefa Alcorta 34,30,11:06
10 – L’Escorxador,98 – IES Sixto Marco,30,10:00
6 – Ajuntament,99 – IES La Asunción,30,10:57
98 – IES Sixto Marco,37 – Hort de Travaló,30,10:46
44 – Portes Encarnades,93 – Parque Rey Jaume I,30,08:13
89 – CEIP Dama d´Elx,1 – Estació d’Autobusos,30,15:07
78 – Jorge Juan 24,98 – IES Sixto Marco,30,10:11
56 – UMH / Torre Vaillo,7 – Pavelló Municipal,30,10:14
89 – CEIP Dama d´Elx,23 – Conrado del Campo / Trinquet,30,04:24
30 – Squash,99 – IES La Asunción,30,08:59
90 – Centro salud el Pla,11 – Plaça de Crevillent,30,11:00
47 – C.P. Virgen de la Asunción,97 – Huerto del cura,30,10:26
39 – Francesc Cantó,76 – Puente Altamira,30,08:40
32 – Centre de Salut d’Altabix,113 – Alcalde Juan Hernández,30,06:55
28 – Passeig de les Germanies,77 – Plaza Obispo Siuri,30,07:59
90 – Centro salud el Pla,44 – Portes Encarnades,30,07:17
20 – Antoni Mena / Fra Jaume Torres,74 – IES Nit de l´Albà,30,08:30
39 – Francesc Cantó,49 – Av. Alicante 59,30,15:40
86 – El Corte Inglés,53 – C.P. Victor Pradera,30,18:07
85 – Sor Josefa Alcorta 34,40 – C.P. Baix Vinalopó,30,13:31
109 – Parque Huerto del Torreret,53 – C.P. Victor Pradera,30,11:13
94 – Parking Gran Teatre,2 – Oficina de Turisme,30,11:07
51 – Ciudad deportiva zona sur,106 – Estadio Manolo Jaén,30,06:49
84 – Fernanda Santa María 64,9 – Biblioteca de Sant Josep,30,07:03
105 – Almansa con Avda. Novelda,96 – Puente de Santa Teresa,30,12:46
55 – Pere Joan Perpinyà,102 – UMH-Altabix,30,17:02
12 – Ambulatori de Sant Fermí,110 – Avda Novelda con Obispo Barrachina,30,07:03
41 – Dipòsit Municipal de Carrús,19 – Jesuïtines,30,14:28
45 – Plaça de Barcelona,97 – Huerto del cura,30,15:01
110 – Avda Novelda con Obispo Barrachina,52 – Centro salud el Toscar,30,04:19
83 – Conrado del campo 35,33 – Av. Libertat / l’Aljub,30,07:46
102 – UMH-Altabix,78 – Jorge Juan 24,30,10:02
25 – Cor de Jesús,73 – Plaza de la aparadora,30,11:38
74 – IES Nit de l´Albà,48 – Av. Corts Valencianes,30,07:36
1 – Estació d’Autobusos,83 – Conrado del campo 35,30,11:17
75 – L´aljub,48 – Av. Corts Valencianes,30,09:00
51 – Ciudad deportiva zona sur,70 – Libertad-Diagonal,30,14:40
37 – Hort de Travaló,21 – C.P. Mariano Benlliure,30,25:46
94 – Parking Gran Teatre,106 – Estadio Manolo Jaén,30,13:52
75 – L´aljub,16 – Jardí d’Asp,30,14:14
36 – I.E.S. Victoria Kent,99 – IES La Asunción,30,06:06
74 – IES Nit de l´Albà,30 – Squash,30,19:50
84 – Fernanda Santa María 64,86 – El Corte Inglés,30,05:09
41 – Dipòsit Municipal de Carrús,66 – Jardín escritor Juan Fuster,30,03:13
14 – Comissaria,47 – C.P. Virgen de la Asunción,30,15:01
26 – UMH / Escola Oficial d’Idiomes,100 – C.S. Raval,30,09:33
31 – Sant Antoni,16 – Jardí d’Asp,30,21:01
19 – Jesuïtines,78 – Jorge Juan 24,30,08:48
96 – Puente de Santa Teresa,83 – Conrado del campo 35,30,06:31
17 – Plaça de Castella,114 – Jardin Biólogo Antonio de Zulueta,30,08:33
32 – Centre de Salut d’Altabix,107 – Josefina Manresa,29,08:40
80 – Reina Victoria con Gabriel Miró,99 – IES La Asunción,29,10:41
97 – Huerto del cura,99 – IES La Asunción,29,04:03
88 – Pistas del Pla,96 – Puente de Santa Teresa,29,06:59
88 – Pistas del Pla,91 – Centro social el Pla,29,04:45
53 – C.P. Victor Pradera,77 – Plaza Obispo Siuri,29,12:53
90 – Centro salud el Pla,25 – Cor de Jesús,29,10:20
78 – Jorge Juan 24,105 – Almansa con Avda. Novelda,29,13:20
98 – IES Sixto Marco,44 – Portes Encarnades,29,11:06
78 – Jorge Juan 24,85 – Sor Josefa Alcorta 34,29,06:14
102 – UMH-Altabix,113 – Alcalde Juan Hernández,29,16:19
35 – Hospital del Vinalopó,24 – Policia Local,29,26:23
81 – C.S. Doctor Sapena,21 – C.P. Mariano Benlliure,29,03:07
80 – Reina Victoria con Gabriel Miró,40 – C.P. Baix Vinalopó,29,07:09
103 – UMH-Altet,94 – Parking Gran Teatre,29,09:15
34 – Hospital General,98 – IES Sixto Marco,29,08:47
3 – Plaça de la Llotja,77 – Plaza Obispo Siuri,29,12:58
56 – UMH / Torre Vaillo,11 – Plaça de Crevillent,29,16:40
70 – Libertad-Diagonal,81 – C.S. Doctor Sapena,29,08:59
2 – Oficina de Turisme,93 – Parque Rey Jaume I,29,10:50
32 – Centre de Salut d’Altabix,71 – IES Carrús,29,15:06
5 – Centre de Congressos,98 – IES Sixto Marco,29,06:12
73 – Plaza de la aparadora,20 – Antoni Mena / Fra Jaume Torres,29,08:24
105 – Almansa con Avda. Novelda,38 – Poliesportiu de Carrús,29,04:06
6 – Ajuntament,87 – CEIP Sanchis Guarner,29,09:29
33 – Av. Libertat / l’Aljub,75 – L´aljub,29,05:41
49 – Av. Alicante 59,70 – Libertad-Diagonal,29,13:16
76 – Puente Altamira,77 – Plaza Obispo Siuri,29,05:46
100 – C.S. Raval,106 – Estadio Manolo Jaén,29,13:55
50 – Borreguet,88 – Pistas del Pla,29,08:04
110 – Avda Novelda con Obispo Barrachina,25 – Cor de Jesús,29,06:38
51 – Ciudad deportiva zona sur,43 – Palmerars – Ciutat de la Justícia,29,10:41
74 – IES Nit de l´Albà,87 – CEIP Sanchis Guarner,29,09:28
43 – Palmerars – Ciutat de la Justícia,45 – Plaça de Barcelona,29,19:14
22 – Av. Llauradors / Eslava,83 – Conrado del campo 35,29,07:31
77 – Plaza Obispo Siuri,46 – UMH / Rectorado,29,13:23
92 – Parking Candalix,53 – C.P. Victor Pradera,29,07:28
38 – Poliesportiu de Carrús,106 – Estadio Manolo Jaén,29,15:50
86 – El Corte Inglés,23 – Conrado del Campo / Trinquet,29,06:18
4 – Plaça del Raval,77 – Plaza Obispo Siuri,29,10:19
78 – Jorge Juan 24,4 – Plaça del Raval,29,06:49
37 – Hort de Travaló,15 – Av. Llibertat / Reina Victòria,29,24:26
12 – Ambulatori de Sant Fermí,89 – CEIP Dama d´Elx,29,10:05
104 – UMH-Arenals,108 – José Ferrández Cruz,29,07:55
26 – UMH / Escola Oficial d’Idiomes,111 – Avenida Alicante 38,29,06:06
108 – José Ferrández Cruz,78 – Jorge Juan 24,29,18:30
86 – El Corte Inglés,89 – CEIP Dama d´Elx,29,06:28
78 – Jorge Juan 24,22 – Av. Llauradors / Eslava,29,08:36
111 – Avenida Alicante 38,11 – Plaça de Crevillent,29,15:08
38 – Poliesportiu de Carrús,73 – Plaza de la aparadora,29,07:51
93 – Parque Rey Jaume I,10 – L’Escorxador,29,07:20
100 – C.S. Raval,12 – Ambulatori de Sant Fermí,29,12:29
108 – José Ferrández Cruz,2 – Oficina de Turisme,29,18:30
34 – Hospital General,93 – Parque Rey Jaume I,29,09:03
28 – Passeig de les Germanies,78 – Jorge Juan 24,29,04:16
55 – Pere Joan Perpinyà,16 – Jardí d’Asp,29,15:24
32 – Centre de Salut d’Altabix,114 – Jardin Biólogo Antonio de Zulueta,29,08:11
40 – C.P. Baix Vinalopó,90 – Centro salud el Pla,29,11:47
10 – L’Escorxador,43 – Palmerars – Ciutat de la Justícia,29,11:11
80 – Reina Victoria con Gabriel Miró,28 – Passeig de les Germanies,29,12:55
40 – C.P. Baix Vinalopó,67 – Calle Grao con Victoria Kent,29,05:28
67 – Calle Grao con Victoria Kent,52 – Centro salud el Toscar,29,08:27
97 – Huerto del cura,11 – Plaça de Crevillent,29,21:13
88 – Pistas del Pla,84 – Fernanda Santa María 64,29,05:02
86 – El Corte Inglés,100 – C.S. Raval,29,12:15
17 – Plaça de Castella,35 – Hospital del Vinalopó,29,23:50
32 – Centre de Salut d’Altabix,76 – Puente Altamira,28,13:25
11 – Plaça de Crevillent,106 – Estadio Manolo Jaén,28,18:02
48 – Av. Corts Valencianes,46 – UMH / Rectorado,28,19:36
100 – C.S. Raval,78 – Jorge Juan 24,28,13:17
42 – Multi Aventura Travaló,10 – L’Escorxador,28,12:38
111 – Avenida Alicante 38,109 – Parque Huerto del Torreret,28,10:20
11 – Plaça de Crevillent,102 – UMH-Altabix,28,16:15
83 – Conrado del campo 35,21 – C.P. Mariano Benlliure,28,04:54
36 – I.E.S. Victoria Kent,46 – UMH / Rectorado,28,08:09
94 – Parking Gran Teatre,85 – Sor Josefa Alcorta 34,28,07:07
51 – Ciudad deportiva zona sur,78 – Jorge Juan 24,28,14:03
75 – L´aljub,32 – Centre de Salut d’Altabix,28,20:32
12 – Ambulatori de Sant Fermí,105 – Almansa con Avda. Novelda,28,14:05
36 – I.E.S. Victoria Kent,103 – UMH-Altet,28,08:04
75 – L´aljub,76 – Puente Altamira,28,14:32
31 – Sant Antoni,46 – UMH / Rectorado,28,07:41
85 – Sor Josefa Alcorta 34,113 – Alcalde Juan Hernández,28,16:38
19 – Jesuïtines,97 – Huerto del cura,28,11:59
94 – Parking Gran Teatre,30 – Squash,28,16:53
70 – Libertad-Diagonal,51 – Ciudad deportiva zona sur,28,14:46
83 – Conrado del campo 35,84 – Fernanda Santa María 64,28,06:09
42 – Multi Aventura Travaló,54 – Plaza de Benidorm,28,11:36
93 – Parque Rey Jaume I,79 – Intercambiador pasarela,28,04:33
48 – Av. Corts Valencianes,21 – C.P. Mariano Benlliure,28,10:09
79 – Intercambiador pasarela,67 – Calle Grao con Victoria Kent,28,08:26
47 – C.P. Virgen de la Asunción,7 – Pavelló Municipal,28,16:50
11 – Plaça de Crevillent,83 – Conrado del campo 35,28,05:01
100 – C.S. Raval,43 – Palmerars – Ciutat de la Justícia,28,10:34
52 – Centro salud el Toscar,102 – UMH-Altabix,28,16:06
11 – Plaça de Crevillent,101 – UMH-La Galia,28,17:00
35 – Hospital del Vinalopó,14 – Comissaria,28,16:53
31 – Sant Antoni,13 – Jardí del 1r de Maig,28,20:48
20 – Antoni Mena / Fra Jaume Torres,80 – Reina Victoria con Gabriel Miró,28,08:52
26 – UMH / Escola Oficial d’Idiomes,104 – UMH-Arenals,28,06:35
105 – Almansa con Avda. Novelda,101 – UMH-La Galia,28,12:03
97 – Huerto del cura,9 – Biblioteca de Sant Josep,28,06:58
90 – Centro salud el Pla,34 – Hospital General,28,10:40
53 – C.P. Victor Pradera,90 – Centro salud el Pla,28,17:33
70 – Libertad-Diagonal,86 – El Corte Inglés,28,14:34
22 – Av. Llauradors / Eslava,56 – UMH / Torre Vaillo,28,19:12
106 – Estadio Manolo Jaén,76 – Puente Altamira,28,11:22
28 – Passeig de les Germanies,82 – Antonio Machado 73,28,05:36
28 – Passeig de les Germanies,106 – Estadio Manolo Jaén,28,17:43
97 – Huerto del cura,43 – Palmerars – Ciutat de la Justícia,28,06:48
11 – Plaça de Crevillent,78 – Jorge Juan 24,28,05:48
106 – Estadio Manolo Jaén,7 – Pavelló Municipal,28,04:22
80 – Reina Victoria con Gabriel Miró,82 – Antonio Machado 73,28,08:19
40 – C.P. Baix Vinalopó,52 – Centro salud el Toscar,28,13:39
88 – Pistas del Pla,4 – Plaça del Raval,28,09:40
13 – Jardí del 1r de Maig,53 – C.P. Victor Pradera,28,17:31
41 – Dipòsit Municipal de Carrús,39 – Francesc Cantó,28,07:18
30 – Squash,74 – IES Nit de l´Albà,28,21:16
64 – Jardín 25 de abril,29 – Casablanca,28,05:18
70 – Libertad-Diagonal,44 – Portes Encarnades,28,10:08
1 – Estació d’Autobusos,69 – Olegario Domarco Seller 44,28,06:54
12 – Ambulatori de Sant Fermí,88 – Pistas del Pla,27,08:37
40 – C.P. Baix Vinalopó,80 – Reina Victoria con Gabriel Miró,27,09:25
43 – Palmerars – Ciutat de la Justícia,49 – Av. Alicante 59,27,08:18
40 – C.P. Baix Vinalopó,104 – UMH-Arenals,27,09:37
54 – Plaza de Benidorm,100 – C.S. Raval,27,11:54
27 – UMH / Pavelló d’Esports,71 – IES Carrús,27,16:05
69 – Olegario Domarco Seller 44,104 – UMH-Arenals,27,11:32
36 – I.E.S. Victoria Kent,77 – Plaza Obispo Siuri,27,17:31
76 – Puente Altamira,33 – Av. Libertat / l’Aljub,27,11:13
96 – Puente de Santa Teresa,30 – Squash,27,18:53
27 – UMH / Pavelló d’Esports,104 – UMH-Arenals,27,09:29
94 – Parking Gran Teatre,33 – Av. Libertat / l’Aljub,27,13:16
67 – Calle Grao con Victoria Kent,70 – Libertad-Diagonal,27,04:27
70 – Libertad-Diagonal,114 – Jardin Biólogo Antonio de Zulueta,27,16:51
3 – Plaça de la Llotja,102 – UMH-Altabix,27,08:02
75 – L´aljub,39 – Francesc Cantó,27,09:57
109 – Parque Huerto del Torreret,111 – Avenida Alicante 38,27,08:13
16 – Jardí d’Asp,66 – Jardín escritor Juan Fuster,27,05:37
50 – Borreguet,94 – Parking Gran Teatre,27,07:54
16 – Jardí d’Asp,93 – Parque Rey Jaume I,27,18:46
2 – Oficina de Turisme,82 – Antonio Machado 73,27,10:07
89 – CEIP Dama d´Elx,80 – Reina Victoria con Gabriel Miró,27,07:45
47 – C.P. Virgen de la Asunción,14 – Comissaria,27,13:12
41 – Dipòsit Municipal de Carrús,48 – Av. Corts Valencianes,27,09:15
9 – Biblioteca de Sant Josep,112 – CEIP San Fernando,27,13:18
114 – Jardin Biólogo Antonio de Zulueta,70 – Libertad-Diagonal,27,15:49
55 – Pere Joan Perpinyà,45 – Plaça de Barcelona,27,11:41
18 – Poliesportiu d’Altabix,102 – UMH-Altabix,27,09:19
99 – IES La Asunción,37 – Hort de Travaló,27,12:07
54 – Plaza de Benidorm,29 – Casablanca,27,14:24
71 – IES Carrús,26 – UMH / Escola Oficial d’Idiomes,27,11:18
41 – Dipòsit Municipal de Carrús,33 – Av. Libertat / l’Aljub,27,14:05
113 – Alcalde Juan Hernández,54 – Plaza de Benidorm,27,07:34
44 – Portes Encarnades,70 – Libertad-Diagonal,27,11:48
72 – Plaza de madrid,44 – Portes Encarnades,27,12:37
55 – Pere Joan Perpinyà,94 – Parking Gran Teatre,27,09:08
15 – Av. Llibertat / Reina Victòria,42 – Multi Aventura Travaló,27,20:59
55 – Pere Joan Perpinyà,20 – Antoni Mena / Fra Jaume Torres,27,13:03
33 – Av. Libertat / l’Aljub,43 – Palmerars – Ciutat de la Justícia,27,16:32
53 – C.P. Victor Pradera,111 – Avenida Alicante 38,27,05:00
23 – Conrado del Campo / Trinquet,105 – Almansa con Avda. Novelda,27,16:47
46 – UMH / Rectorado,109 – Parque Huerto del Torreret,27,06:57
72 – Plaza de madrid,3 – Plaça de la Llotja,27,15:05
91 – Centro social el Pla,6 – Ajuntament,27,09:59
32 – Centre de Salut d’Altabix,99 – IES La Asunción,27,09:30
67 – Calle Grao con Victoria Kent,93 – Parque Rey Jaume I,27,06:47
21 – C.P. Mariano Benlliure,48 – Av. Corts Valencianes,27,11:41
79 – Intercambiador pasarela,47 – C.P. Virgen de la Asunción,27,06:16
112 – CEIP San Fernando,53 – C.P. Victor Pradera,27,05:50
82 – Antonio Machado 73,77 – Plaza Obispo Siuri,27,04:55
55 – Pere Joan Perpinyà,32 – Centre de Salut d’Altabix,27,19:36
44 – Portes Encarnades,90 – Centro salud el Pla,27,05:53
32 – Centre de Salut d’Altabix,112 – CEIP San Fernando,27,05:34
34 – Hospital General,81 – C.S. Doctor Sapena,27,13:21
111 – Avenida Alicante 38,17 – Plaça de Castella,27,10:33
35 – Hospital del Vinalopó,98 – IES Sixto Marco,27,23:35
1 – Estació d’Autobusos,108 – José Ferrández Cruz,26,14:17
37 – Hort de Travaló,99 – IES La Asunción,26,13:03
73 – Plaza de la aparadora,23 – Conrado del Campo / Trinquet,26,08:55
63 – CEIP Eugeni d’Ors,101 – UMH-La Galia,26,09:20
73 – Plaza de la aparadora,84 – Fernanda Santa María 64,26,08:53
111 – Avenida Alicante 38,34 – Hospital General,26,10:50
104 – UMH-Arenals,69 – Olegario Domarco Seller 44,26,11:39
85 – Sor Josefa Alcorta 34,77 – Plaza Obispo Siuri,26,08:49
74 – IES Nit de l´Albà,6 – Ajuntament,26,09:35
109 – Parque Huerto del Torreret,104 – UMH-Arenals,26,06:57
15 – Av. Llibertat / Reina Victòria,108 – José Ferrández Cruz,26,19:51
73 – Plaza de la aparadora,80 – Reina Victoria con Gabriel Miró,26,05:44
20 – Antoni Mena / Fra Jaume Torres,52 – Centro salud el Toscar,26,11:58
100 – C.S. Raval,3 – Plaça de la Llotja,26,11:16
12 – Ambulatori de Sant Fermí,83 – Conrado del campo 35,26,06:53
63 – CEIP Eugeni d’Ors,52 – Centro salud el Toscar,26,09:19
6 – Ajuntament,79 – Intercambiador pasarela,26,07:27
104 – UMH-Arenals,51 – Ciudad deportiva zona sur,26,07:30
79 – Intercambiador pasarela,2 – Oficina de Turisme,26,05:33
21 – C.P. Mariano Benlliure,88 – Pistas del Pla,26,04:19
47 – C.P. Virgen de la Asunción,29 – Casablanca,26,12:03
113 – Alcalde Juan Hernández,32 – Centre de Salut d’Altabix,26,07:36
74 – IES Nit de l´Albà,75 – L´aljub,26,05:17
25 – Cor de Jesús,77 – Plaza Obispo Siuri,26,07:04
110 – Avda Novelda con Obispo Barrachina,32 – Centre de Salut d’Altabix,26,14:48
44 – Portes Encarnades,46 – UMH / Rectorado,26,17:57
89 – CEIP Dama d´Elx,3 – Plaça de la Llotja,26,15:43
100 – C.S. Raval,47 – C.P. Virgen de la Asunción,26,10:28
78 – Jorge Juan 24,75 – L´aljub,26,10:20
47 – C.P. Virgen de la Asunción,78 – Jorge Juan 24,26,04:20
96 – Puente de Santa Teresa,89 – CEIP Dama d´Elx,26,09:17
71 – IES Carrús,79 – Intercambiador pasarela,26,08:39
48 – Av. Corts Valencianes,4 – Plaça del Raval,26,14:48
46 – UMH / Rectorado,71 – IES Carrús,26,12:35
91 – Centro social el Pla,50 – Borreguet,26,08:54
91 – Centro social el Pla,85 – Sor Josefa Alcorta 34,26,06:32
24 – Policia Local,22 – Av. Llauradors / Eslava,26,22:44
71 – IES Carrús,21 – C.P. Mariano Benlliure,26,07:19
88 – Pistas del Pla,83 – Conrado del campo 35,26,05:09
89 – CEIP Dama d´Elx,44 – Portes Encarnades,26,05:40
98 – IES Sixto Marco,2 – Oficina de Turisme,26,07:42
26 – UMH / Escola Oficial d’Idiomes,52 – Centro salud el Toscar,26,15:30
75 – L´aljub,73 – Plaza de la aparadora,26,07:51
15 – Av. Llibertat / Reina Victòria,90 – Centro salud el Pla,26,10:50
21 – C.P. Mariano Benlliure,111 – Avenida Alicante 38,26,20:27
75 – L´aljub,87 – CEIP Sanchis Guarner,26,06:47
80 – Reina Victoria con Gabriel Miró,75 – L´aljub,26,11:58
75 – L´aljub,111 – Avenida Alicante 38,26,24:31
16 – Jardí d’Asp,56 – UMH / Torre Vaillo,26,11:25
8 – Polivalent de Carrús,46 – UMH / Rectorado,26,16:40
50 – Borreguet,84 – Fernanda Santa María 64,26,07:14
19 – Jesuïtines,75 – L´aljub,26,17:14
78 – Jorge Juan 24,100 – C.S. Raval,26,10:04
41 – Dipòsit Municipal de Carrús,70 – Libertad-Diagonal,26,07:46
89 – CEIP Dama d´Elx,102 – UMH-Altabix,26,16:44
83 – Conrado del campo 35,2 – Oficina de Turisme,26,10:17
41 – Dipòsit Municipal de Carrús,102 – UMH-Altabix,26,09:26
96 – Puente de Santa Teresa,50 – Borreguet,26,05:19
2 – Oficina de Turisme,101 – UMH-La Galia,26,12:32
52 – Centro salud el Toscar,17 – Plaça de Castella,26,21:57
106 – Estadio Manolo Jaén,70 – Libertad-Diagonal,26,11:36
102 – UMH-Altabix,49 – Av. Alicante 59,26,10:31
81 – C.S. Doctor Sapena,88 – Pistas del Pla,26,07:14
11 – Plaça de Crevillent,56 – UMH / Torre Vaillo,26,16:19
113 – Alcalde Juan Hernández,51 – Ciudad deportiva zona sur,26,09:56
48 – Av. Corts Valencianes,75 – L´aljub,26,06:14
9 – Biblioteca de Sant Josep,78 – Jorge Juan 24,26,07:28
48 – Av. Corts Valencianes,78 – Jorge Juan 24,26,06:11
52 – Centro salud el Toscar,27 – UMH / Pavelló d’Esports,26,19:07
4 – Plaça del Raval,99 – IES La Asunción,26,12:13
113 – Alcalde Juan Hernández,106 – Estadio Manolo Jaén,26,08:26
86 – El Corte Inglés,20 – Antoni Mena / Fra Jaume Torres,26,03:49
87 – CEIP Sanchis Guarner,74 – IES Nit de l´Albà,26,05:16
11 – Plaça de Crevillent,95 – IES Vicente Verdu,26,07:00
70 – Libertad-Diagonal,92 – Parking Candalix,25,03:47
115 – Passeig d´Atzavares,32 – Centre de Salut d’Altabix,25,12:45
51 – Ciudad deportiva zona sur,80 – Reina Victoria con Gabriel Miró,25,13:57
69 – Olegario Domarco Seller 44,79 – Intercambiador pasarela,25,06:15
36 – I.E.S. Victoria Kent,108 – José Ferrández Cruz,25,12:11
110 – Avda Novelda con Obispo Barrachina,22 – Av. Llauradors / Eslava,25,10:05
41 – Dipòsit Municipal de Carrús,20 – Antoni Mena / Fra Jaume Torres,25,13:56
96 – Puente de Santa Teresa,26 – UMH / Escola Oficial d’Idiomes,25,10:58
76 – Puente Altamira,19 – Jesuïtines,25,08:08
93 – Parque Rey Jaume I,75 – L´aljub,25,17:27
94 – Parking Gran Teatre,40 – C.P. Baix Vinalopó,25,12:08
105 – Almansa con Avda. Novelda,69 – Olegario Domarco Seller 44,25,06:31
83 – Conrado del campo 35,35 – Hospital del Vinalopó,25,10:44
15 – Av. Llibertat / Reina Victòria,102 – UMH-Altabix,25,11:26
7 – Pavelló Municipal,93 – Parque Rey Jaume I,25,10:36
96 – Puente de Santa Teresa,10 – L’Escorxador,25,07:37
54 – Plaza de Benidorm,16 – Jardí d’Asp,25,18:58
66 – Jardín escritor Juan Fuster,28 – Passeig de les Germanies,25,10:51
96 – Puente de Santa Teresa,22 – Av. Llauradors / Eslava,25,07:06
3 – Plaça de la Llotja,104 – UMH-Arenals,25,13:46
88 – Pistas del Pla,23 – Conrado del Campo / Trinquet,25,03:15
24 – Policia Local,21 – C.P. Mariano Benlliure,25,24:37
84 – Fernanda Santa María 64,80 – Reina Victoria con Gabriel Miró,25,08:10
81 – C.S. Doctor Sapena,5 – Centre de Congressos,25,08:54
54 – Plaza de Benidorm,102 – UMH-Altabix,25,06:38
80 – Reina Victoria con Gabriel Miró,92 – Parking Candalix,25,08:44
85 – Sor Josefa Alcorta 34,36 – I.E.S. Victoria Kent,25,15:23
42 – Multi Aventura Travaló,20 – Antoni Mena / Fra Jaume Torres,25,22:31
67 – Calle Grao con Victoria Kent,51 – Ciudad deportiva zona sur,25,14:17
10 – L’Escorxador,42 – Multi Aventura Travaló,25,11:29
93 – Parque Rey Jaume I,25 – Cor de Jesús,25,11:45
29 – Casablanca,76 – Puente Altamira,25,04:41
72 – Plaza de madrid,80 – Reina Victoria con Gabriel Miró,25,06:24
42 – Multi Aventura Travaló,55 – Pere Joan Perpinyà,25,16:30
52 – Centro salud el Toscar,63 – CEIP Eugeni d’Ors,25,09:47
44 – Portes Encarnades,112 – CEIP San Fernando,25,10:33
31 – Sant Antoni,39 – Francesc Cantó,25,20:09
102 – UMH-Altabix,51 – Ciudad deportiva zona sur,25,11:15
79 – Intercambiador pasarela,77 – Plaza Obispo Siuri,25,05:16
48 – Av. Corts Valencianes,17 – Plaça de Castella,25,22:16
79 – Intercambiador pasarela,35 – Hospital del Vinalopó,25,09:37
48 – Av. Corts Valencianes,52 – Centro salud el Toscar,25,10:20
38 – Poliesportiu de Carrús,84 – Fernanda Santa María 64,25,14:31
92 – Parking Candalix,70 – Libertad-Diagonal,25,05:08
91 – Centro social el Pla,94 – Parking Gran Teatre,25,09:37
41 – Dipòsit Municipal de Carrús,10 – L’Escorxador,25,19:13
70 – Libertad-Diagonal,76 – Puente Altamira,25,06:07
34 – Hospital General,56 – UMH / Torre Vaillo,25,14:33
9 – Biblioteca de Sant Josep,77 – Plaza Obispo Siuri,25,08:49
72 – Plaza de madrid,78 – Jorge Juan 24,25,04:30
70 – Libertad-Diagonal,4 – Plaça del Raval,25,08:53
11 – Plaça de Crevillent,111 – Avenida Alicante 38,25,15:58
2 – Oficina de Turisme,110 – Avda Novelda con Obispo Barrachina,25,08:48
23 – Conrado del Campo / Trinquet,88 – Pistas del Pla,25,06:43
90 – Centro salud el Pla,70 – Libertad-Diagonal,25,14:02
89 – CEIP Dama d´Elx,72 – Plaza de madrid,25,12:55
78 – Jorge Juan 24,104 – UMH-Arenals,25,15:36
35 – Hospital del Vinalopó,45 – Plaça de Barcelona,25,15:32
35 – Hospital del Vinalopó,48 – Av. Corts Valencianes,25,13:41
52 – Centro salud el Toscar,45 – Plaça de Barcelona,25,08:13
111 – Avenida Alicante 38,10 – L’Escorxador,25,11:11
91 – Centro social el Pla,2 – Oficina de Turisme,25,11:57
28 – Passeig de les Germanies,90 – Centro salud el Pla,25,06:08
78 – Jorge Juan 24,88 – Pistas del Pla,25,10:21
53 – C.P. Victor Pradera,112 – CEIP San Fernando,25,05:46
64 – Jardín 25 de abril,26 – UMH / Escola Oficial d’Idiomes,25,13:22
19 – Jesuïtines,112 – CEIP San Fernando,25,06:21
85 – Sor Josefa Alcorta 34,28 – Passeig de les Germanies,25,06:32
99 – IES La Asunción,50 – Borreguet,25,07:28
111 – Avenida Alicante 38,88 – Pistas del Pla,25,14:27
104 – UMH-Arenals,106 – Estadio Manolo Jaén,24,06:18
5 – Centre de Congressos,109 – Parque Huerto del Torreret,24,13:04
54 – Plaza de Benidorm,70 – Libertad-Diagonal,24,13:55
109 – Parque Huerto del Torreret,115 – Passeig d´Atzavares,24,08:14
80 – Reina Victoria con Gabriel Miró,91 – Centro social el Pla,24,07:52
36 – I.E.S. Victoria Kent,72 – Plaza de madrid,24,20:08
50 – Borreguet,78 – Jorge Juan 24,24,09:36
47 – C.P. Virgen de la Asunción,30 – Squash,24,19:25
40 – C.P. Baix Vinalopó,81 – C.S. Doctor Sapena,24,09:22
94 – Parking Gran Teatre,26 – UMH / Escola Oficial d’Idiomes,24,09:17
100 – C.S. Raval,30 – Squash,24,17:01
69 – Olegario Domarco Seller 44,19 – Jesuïtines,24,11:24
36 – I.E.S. Victoria Kent,96 – Puente de Santa Teresa,24,13:40
94 – Parking Gran Teatre,71 – IES Carrús,24,11:09
45 – Plaça de Barcelona,52 – Centro salud el Toscar,24,07:21
40 – C.P. Baix Vinalopó,99 – IES La Asunción,24,11:47
82 – Antonio Machado 73,47 – C.P. Virgen de la Asunción,24,04:44
7 – Pavelló Municipal,56 – UMH / Torre Vaillo,24,10:13
111 – Avenida Alicante 38,25 – Cor de Jesús,24,10:24
103 – UMH-Altet,27 – UMH / Pavelló d’Esports,24,07:12
2 – Oficina de Turisme,67 – Calle Grao con Victoria Kent,24,09:17
53 – C.P. Victor Pradera,97 – Huerto del cura,24,10:23
100 – C.S. Raval,90 – Centro salud el Pla,24,07:23
48 – Av. Corts Valencianes,72 – Plaza de madrid,24,04:20
48 – Av. Corts Valencianes,40 – C.P. Baix Vinalopó,24,10:17
7 – Pavelló Municipal,35 – Hospital del Vinalopó,24,26:45
48 – Av. Corts Valencianes,35 – Hospital del Vinalopó,24,10:08
48 – Av. Corts Valencianes,24 – Policia Local,24,20:04
61 – Avenida Novelda 191,66 – Jardín escritor Juan Fuster,24,05:51
101 – UMH-La Galia,21 – C.P. Mariano Benlliure,24,15:31
101 – UMH-La Galia,25 – Cor de Jesús,24,11:24
101 – UMH-La Galia,24 – Policia Local,24,11:57
70 – Libertad-Diagonal,54 – Plaza de Benidorm,24,11:21
96 – Puente de Santa Teresa,93 – Parque Rey Jaume I,24,07:15
73 – Plaza de la aparadora,28 – Passeig de les Germanies,24,07:31
21 – C.P. Mariano Benlliure,49 – Av. Alicante 59,24,17:50
23 – Conrado del Campo / Trinquet,73 – Plaza de la aparadora,24,10:58
34 – Hospital General,99 – IES La Asunción,24,02:57
78 – Jorge Juan 24,108 – José Ferrández Cruz,24,18:35
78 – Jorge Juan 24,16 – Jardí d’Asp,24,09:20
3 – Plaça de la Llotja,83 – Conrado del campo 35,24,17:14
110 – Avda Novelda con Obispo Barrachina,70 – Libertad-Diagonal,24,05:27
96 – Puente de Santa Teresa,34 – Hospital General,24,09:37
26 – UMH / Escola Oficial d’Idiomes,103 – UMH-Altet,24,08:36
44 – Portes Encarnades,52 – Centro salud el Toscar,24,15:50
76 – Puente Altamira,49 – Av. Alicante 59,24,12:34
97 – Huerto del cura,10 – L’Escorxador,24,05:53
47 – C.P. Virgen de la Asunción,77 – Plaza Obispo Siuri,24,04:51
105 – Almansa con Avda. Novelda,72 – Plaza de madrid,24,06:34
105 – Almansa con Avda. Novelda,74 – IES Nit de l´Albà,24,09:23
70 – Libertad-Diagonal,96 – Puente de Santa Teresa,24,08:55
105 – Almansa con Avda. Novelda,17 – Plaça de Castella,24,19:58
41 – Dipòsit Municipal de Carrús,7 – Pavelló Municipal,24,17:34
104 – UMH-Arenals,36 – I.E.S. Victoria Kent,24,07:31
81 – C.S. Doctor Sapena,55 – Pere Joan Perpinyà,24,05:57
29 – Casablanca,47 – C.P. Virgen de la Asunción,24,09:05
41 – Dipòsit Municipal de Carrús,36 – I.E.S. Victoria Kent,24,17:53
24 – Policia Local,38 – Poliesportiu de Carrús,24,22:15
109 – Parque Huerto del Torreret,6 – Ajuntament,24,15:47
93 – Parque Rey Jaume I,12 – Ambulatori de Sant Fermí,24,08:12
97 – Huerto del cura,50 – Borreguet,24,06:16
46 – UMH / Rectorado,77 – Plaza Obispo Siuri,24,14:21
85 – Sor Josefa Alcorta 34,91 – Centro social el Pla,24,08:13
69 – Olegario Domarco Seller 44,54 – Plaza de Benidorm,24,13:06
85 – Sor Josefa Alcorta 34,22 – Av. Llauradors / Eslava,24,05:24
33 – Av. Libertat / l’Aljub,93 – Parque Rey Jaume I,24,16:04
46 – UMH / Rectorado,31 – Sant Antoni,24,10:04
32 – Centre de Salut d’Altabix,77 – Plaza Obispo Siuri,24,19:12
24 – Policia Local,101 – UMH-La Galia,24,12:19
14 – Comissaria,76 – Puente Altamira,24,07:51
96 – Puente de Santa Teresa,67 – Calle Grao con Victoria Kent,24,08:45
76 – Puente Altamira,94 – Parking Gran Teatre,24,05:35
47 – C.P. Virgen de la Asunción,74 – IES Nit de l´Albà,24,06:26
75 – L´aljub,1 – Estació d’Autobusos,23,17:52
39 – Francesc Cantó,107 – Josefina Manresa,23,14:16
11 – Plaça de Crevillent,82 – Antonio Machado 73,23,09:34
94 – Parking Gran Teatre,84 – Fernanda Santa María 64,23,07:32
94 – Parking Gran Teatre,99 – IES La Asunción,23,05:07
94 – Parking Gran Teatre,90 – Centro salud el Pla,23,10:11
56 – UMH / Torre Vaillo,109 – Parque Huerto del Torreret,23,11:30
9 – Biblioteca de Sant Josep,89 – CEIP Dama d´Elx,23,07:14
110 – Avda Novelda con Obispo Barrachina,1 – Estació d’Autobusos,23,09:34
4 – Plaça del Raval,65 – C.P. El toscar,23,17:38
47 – C.P. Virgen de la Asunción,38 – Poliesportiu de Carrús,23,12:06
55 – Pere Joan Perpinyà,8 – Polivalent de Carrús,23,12:34
69 – Olegario Domarco Seller 44,67 – Calle Grao con Victoria Kent,23,04:58
76 – Puente Altamira,71 – IES Carrús,23,05:01
72 – Plaza de madrid,93 – Parque Rey Jaume I,23,11:01
3 – Plaça de la Llotja,88 – Pistas del Pla,23,15:33
21 – C.P. Mariano Benlliure,43 – Palmerars – Ciutat de la Justícia,23,14:39
46 – UMH / Rectorado,20 – Antoni Mena / Fra Jaume Torres,23,17:39
107 – Josefina Manresa,2 – Oficina de Turisme,23,12:09
97 – Huerto del cura,98 – IES Sixto Marco,23,07:16
76 – Puente Altamira,3 – Plaça de la Llotja,23,10:05
98 – IES Sixto Marco,115 – Passeig d´Atzavares,23,13:00
47 – C.P. Virgen de la Asunción,42 – Multi Aventura Travaló,23,28:39
102 – UMH-Altabix,72 – Plaza de madrid,23,15:18
104 – UMH-Arenals,12 – Ambulatori de Sant Fermí,23,13:10
3 – Plaça de la Llotja,71 – IES Carrús,23,16:20
81 – C.S. Doctor Sapena,89 – CEIP Dama d´Elx,23,06:40
29 – Casablanca,55 – Pere Joan Perpinyà,23,14:02
26 – UMH / Escola Oficial d’Idiomes,69 – Olegario Domarco Seller 44,23,09:31
42 – Multi Aventura Travaló,47 – C.P. Virgen de la Asunción,23,30:35
12 – Ambulatori de Sant Fermí,103 – UMH-Altet,23,12:38
82 – Antonio Machado 73,40 – C.P. Baix Vinalopó,23,12:26
45 – Plaça de Barcelona,71 – IES Carrús,23,04:21
47 – C.P. Virgen de la Asunción,64 – Jardín 25 de abril,23,12:27
37 – Hort de Travaló,29 – Casablanca,23,24:24
78 – Jorge Juan 24,72 – Plaza de madrid,23,05:28
90 – Centro salud el Pla,6 – Ajuntament,23,09:44
111 – Avenida Alicante 38,24 – Policia Local,23,10:24
90 – Centro salud el Pla,28 – Passeig de les Germanies,23,07:06
84 – Fernanda Santa María 64,33 – Av. Libertat / l’Aljub,23,07:16
71 – IES Carrús,5 – Centre de Congressos,23,11:16
94 – Parking Gran Teatre,5 – Centre de Congressos,23,06:26
101 – UMH-La Galia,103 – UMH-Altet,23,05:18
54 – Plaza de Benidorm,103 – UMH-Altet,23,09:27
65 – C.P. El toscar,9 – Biblioteca de Sant Josep,23,10:29
72 – Plaza de madrid,55 – Pere Joan Perpinyà,23,08:32
56 – UMH / Torre Vaillo,21 – C.P. Mariano Benlliure,23,17:20
33 – Av. Libertat / l’Aljub,78 – Jorge Juan 24,23,14:54
2 – Oficina de Turisme,111 – Avenida Alicante 38,23,08:51
83 – Conrado del campo 35,70 – Libertad-Diagonal,23,07:54
86 – El Corte Inglés,88 – Pistas del Pla,23,08:34
69 – Olegario Domarco Seller 44,41 – Dipòsit Municipal de Carrús,23,08:56
31 – Sant Antoni,70 – Libertad-Diagonal,23,16:28
102 – UMH-Altabix,26 – UMH / Escola Oficial d’Idiomes,23,04:24
46 – UMH / Rectorado,76 – Puente Altamira,23,11:04
38 – Poliesportiu de Carrús,76 – Puente Altamira,23,07:50
111 – Avenida Alicante 38,46 – UMH / Rectorado,23,07:31
23 – Conrado del Campo / Trinquet,46 – UMH / Rectorado,23,15:53
85 – Sor Josefa Alcorta 34,90 – Centro salud el Pla,23,04:47
71 – IES Carrús,22 – Av. Llauradors / Eslava,23,12:11
6 – Ajuntament,109 – Parque Huerto del Torreret,23,16:04
91 – Centro social el Pla,88 – Pistas del Pla,23,05:26
83 – Conrado del campo 35,7 – Pavelló Municipal,23,19:07
48 – Av. Corts Valencianes,55 – Pere Joan Perpinyà,23,11:39
53 – C.P. Victor Pradera,95 – IES Vicente Verdu,23,17:01
4 – Plaça del Raval,80 – Reina Victoria con Gabriel Miró,23,06:56
72 – Plaza de madrid,47 – C.P. Virgen de la Asunción,23,05:58
56 – UMH / Torre Vaillo,96 – Puente de Santa Teresa,23,13:33
110 – Avda Novelda con Obispo Barrachina,16 – Jardí d’Asp,23,06:31
62 – Calle Inca con brea,26 – UMH / Escola Oficial d’Idiomes,23,16:38
88 – Pistas del Pla,89 – CEIP Dama d´Elx,23,05:36
97 – Huerto del cura,30 – Squash,23,14:18
25 – Cor de Jesús,74 – IES Nit de l´Albà,23,08:57
74 – IES Nit de l´Albà,73 – Plaza de la aparadora,23,04:44
95 – IES Vicente Verdu,20 – Antoni Mena / Fra Jaume Torres,23,04:06
65 – C.P. El toscar,86 – El Corte Inglés,22,13:03
26 – UMH / Escola Oficial d’Idiomes,74 – IES Nit de l´Albà,22,13:27
84 – Fernanda Santa María 64,28 – Passeig de les Germanies,22,06:07
88 – Pistas del Pla,102 – UMH-Altabix,22,18:37
1 – Estació d’Autobusos,84 – Fernanda Santa María 64,22,12:21
80 – Reina Victoria con Gabriel Miró,17 – Plaça de Castella,22,16:41
77 – Plaza Obispo Siuri,5 – Centre de Congressos,22,09:49
66 – Jardín escritor Juan Fuster,105 – Almansa con Avda. Novelda,22,05:55
39 – Francesc Cantó,73 – Plaza de la aparadora,22,05:34
93 – Parque Rey Jaume I,33 – Av. Libertat / l’Aljub,22,14:54
10 – L’Escorxador,96 – Puente de Santa Teresa,22,08:13
2 – Oficina de Turisme,108 – José Ferrández Cruz,22,16:16
1 – Estació d’Autobusos,89 – CEIP Dama d´Elx,22,14:36
45 – Plaça de Barcelona,69 – Olegario Domarco Seller 44,22,02:35
100 – C.S. Raval,21 – C.P. Mariano Benlliure,22,08:29
19 – Jesuïtines,76 – Puente Altamira,22,07:26
4 – Plaça del Raval,86 – El Corte Inglés,22,09:50
36 – I.E.S. Victoria Kent,93 – Parque Rey Jaume I,22,10:58
83 – Conrado del campo 35,55 – Pere Joan Perpinyà,22,04:40
96 – Puente de Santa Teresa,45 – Plaça de Barcelona,22,10:08
21 – C.P. Mariano Benlliure,71 – IES Carrús,22,07:43
10 – L’Escorxador,100 – C.S. Raval,22,06:23
55 – Pere Joan Perpinyà,99 – IES La Asunción,22,11:18
98 – IES Sixto Marco,14 – Comissaria,22,04:22
76 – Puente Altamira,14 – Comissaria,22,08:02
49 – Av. Alicante 59,77 – Plaza Obispo Siuri,22,12:43
87 – CEIP Sanchis Guarner,86 – El Corte Inglés,22,15:35
101 – UMH-La Galia,102 – UMH-Altabix,22,19:17
86 – El Corte Inglés,8 – Polivalent de Carrús,22,10:50
16 – Jardí d’Asp,105 – Almansa con Avda. Novelda,22,05:02
109 – Parque Huerto del Torreret,51 – Ciudad deportiva zona sur,22,04:23
35 – Hospital del Vinalopó,96 – Puente de Santa Teresa,22,10:56
105 – Almansa con Avda. Novelda,93 – Parque Rey Jaume I,22,12:55
44 – Portes Encarnades,39 – Francesc Cantó,22,16:11
14 – Comissaria,16 – Jardí d’Asp,22,19:20
73 – Plaza de la aparadora,8 – Polivalent de Carrús,22,02:53
20 – Antoni Mena / Fra Jaume Torres,88 – Pistas del Pla,22,16:05
25 – Cor de Jesús,99 – IES La Asunción,22,09:31
96 – Puente de Santa Teresa,17 – Plaça de Castella,22,15:07
108 – José Ferrández Cruz,46 – UMH / Rectorado,22,13:13
78 – Jorge Juan 24,26 – UMH / Escola Oficial d’Idiomes,22,10:44
46 – UMH / Rectorado,14 – Comissaria,22,14:27
88 – Pistas del Pla,28 – Passeig de les Germanies,22,07:59
45 – Plaça de Barcelona,80 – Reina Victoria con Gabriel Miró,22,06:33
80 – Reina Victoria con Gabriel Miró,76 – Puente Altamira,22,10:00
19 – Jesuïtines,94 – Parking Gran Teatre,22,08:52
28 – Passeig de les Germanies,89 – CEIP Dama d´Elx,22,05:55
78 – Jorge Juan 24,99 – IES La Asunción,22,14:01
108 – José Ferrández Cruz,1 – Estació d’Autobusos,22,11:23
103 – UMH-Altet,7 – Pavelló Municipal,22,06:32
9 – Biblioteca de Sant Josep,76 – Puente Altamira,22,07:06
70 – Libertad-Diagonal,23 – Conrado del Campo / Trinquet,22,12:26
28 – Passeig de les Germanies,79 – Intercambiador pasarela,22,04:16
98 – IES Sixto Marco,46 – UMH / Rectorado,22,07:43
48 – Av. Corts Valencianes,45 – Plaça de Barcelona,22,09:46
47 – C.P. Virgen de la Asunción,31 – Sant Antoni,22,17:42
111 – Avenida Alicante 38,98 – IES Sixto Marco,22,08:07
27 – UMH / Pavelló d’Esports,41 – Dipòsit Municipal de Carrús,22,15:07
106 – Estadio Manolo Jaén,5 – Centre de Congressos,22,13:59
35 – Hospital del Vinalopó,82 – Antonio Machado 73,22,06:22
77 – Plaza Obispo Siuri,85 – Sor Josefa Alcorta 34,22,08:16
105 – Almansa con Avda. Novelda,15 – Av. Llibertat / Reina Victòria,22,09:24
74 – IES Nit de l´Albà,25 – Cor de Jesús,22,07:30
12 – Ambulatori de Sant Fermí,82 – Antonio Machado 73,22,07:48
104 – UMH-Arenals,94 – Parking Gran Teatre,22,16:20
32 – Centre de Salut d’Altabix,75 – L´aljub,22,20:42
38 – Poliesportiu de Carrús,100 – C.S. Raval,22,13:33
80 – Reina Victoria con Gabriel Miró,85 – Sor Josefa Alcorta 34,22,05:43
36 – I.E.S. Victoria Kent,35 – Hospital del Vinalopó,22,21:30
99 – IES La Asunción,94 – Parking Gran Teatre,22,06:42
22 – Av. Llauradors / Eslava,87 – CEIP Sanchis Guarner,22,05:29
109 – Parque Huerto del Torreret,5 – Centre de Congressos,22,14:17
94 – Parking Gran Teatre,77 – Plaza Obispo Siuri,22,10:14
5 – Centre de Congressos,114 – Jardin Biólogo Antonio de Zulueta,22,10:06
74 – IES Nit de l´Albà,52 – Centro salud el Toscar,22,07:46
69 – Olegario Domarco Seller 44,32 – Centre de Salut d’Altabix,22,13:26
84 – Fernanda Santa María 64,71 – IES Carrús,22,09:53
38 – Poliesportiu de Carrús,105 – Almansa con Avda. Novelda,22,07:38
71 – IES Carrús,46 – UMH / Rectorado,22,12:00
112 – CEIP San Fernando,104 – UMH-Arenals,22,08:31
11 – Plaça de Crevillent,84 – Fernanda Santa María 64,22,08:35
72 – Plaza de madrid,94 – Parking Gran Teatre,21,08:55
83 – Conrado del campo 35,25 – Cor de Jesús,21,04:53
45 – Plaça de Barcelona,110 – Avda Novelda con Obispo Barrachina,21,06:39
70 – Libertad-Diagonal,45 – Plaça de Barcelona,21,04:31
83 – Conrado del campo 35,88 – Pistas del Pla,21,04:52
90 – Centro salud el Pla,81 – C.S. Doctor Sapena,21,09:19
90 – Centro salud el Pla,33 – Av. Libertat / l’Aljub,21,10:24
102 – UMH-Altabix,106 – Estadio Manolo Jaén,21,09:39
102 – UMH-Altabix,101 – UMH-La Galia,21,13:39
94 – Parking Gran Teatre,12 – Ambulatori de Sant Fermí,21,09:10
44 – Portes Encarnades,100 – C.S. Raval,21,14:50
56 – UMH / Torre Vaillo,39 – Francesc Cantó,21,13:52
95 – IES Vicente Verdu,47 – C.P. Virgen de la Asunción,21,07:15
37 – Hort de Travaló,114 – Jardin Biólogo Antonio de Zulueta,21,10:01
74 – IES Nit de l´Albà,18 – Poliesportiu d’Altabix,21,21:33
15 – Av. Llibertat / Reina Victòria,107 – Josefina Manresa,21,16:45
82 – Antonio Machado 73,28 – Passeig de les Germanies,21,05:47
101 – UMH-La Galia,100 – C.S. Raval,21,09:00
104 – UMH-Arenals,84 – Fernanda Santa María 64,21,15:41
43 – Palmerars – Ciutat de la Justícia,38 – Poliesportiu de Carrús,21,16:46
84 – Fernanda Santa María 64,72 – Plaza de madrid,21,07:27
45 – Plaça de Barcelona,64 – Jardín 25 de abril,21,05:49
88 – Pistas del Pla,76 – Puente Altamira,21,13:26
73 – Plaza de la aparadora,33 – Av. Libertat / l’Aljub,21,04:50
26 – UMH / Escola Oficial d’Idiomes,88 – Pistas del Pla,21,15:06
51 – Ciudad deportiva zona sur,115 – Passeig d´Atzavares,21,10:18
88 – Pistas del Pla,20 – Antoni Mena / Fra Jaume Torres,21,05:38
96 – Puente de Santa Teresa,115 – Passeig d´Atzavares,21,17:10
41 – Dipòsit Municipal de Carrús,37 – Hort de Travaló,21,28:10
55 – Pere Joan Perpinyà,48 – Av. Corts Valencianes,21,12:59
100 – C.S. Raval,36 – I.E.S. Victoria Kent,21,12:55
98 – IES Sixto Marco,51 – Ciudad deportiva zona sur,21,08:26
24 – Policia Local,48 – Av. Corts Valencianes,21,18:24
51 – Ciudad deportiva zona sur,102 – UMH-Altabix,21,10:34
89 – CEIP Dama d´Elx,28 – Passeig de les Germanies,21,05:24
43 – Palmerars – Ciutat de la Justícia,98 – IES Sixto Marco,21,05:14
97 – Huerto del cura,4 – Plaça del Raval,21,05:52
90 – Centro salud el Pla,31 – Sant Antoni,21,16:31
102 – UMH-Altabix,100 – C.S. Raval,21,10:07
39 – Francesc Cantó,48 – Av. Corts Valencianes,21,07:59
42 – Multi Aventura Travaló,113 – Alcalde Juan Hernández,21,06:19
67 – Calle Grao con Victoria Kent,75 – L´aljub,21,12:17
22 – Av. Llauradors / Eslava,52 – Centro salud el Toscar,21,13:50
17 – Plaça de Castella,96 – Puente de Santa Teresa,21,15:20
78 – Jorge Juan 24,40 – C.P. Baix Vinalopó,21,08:17
91 – Centro social el Pla,35 – Hospital del Vinalopó,21,07:04
96 – Puente de Santa Teresa,72 – Plaza de madrid,21,09:31
110 – Avda Novelda con Obispo Barrachina,15 – Av. Llibertat / Reina Victòria,21,06:10
100 – C.S. Raval,51 – Ciudad deportiva zona sur,21,16:12
112 – CEIP San Fernando,44 – Portes Encarnades,21,10:56
35 – Hospital del Vinalopó,52 – Centro salud el Toscar,21,18:23
52 – Centro salud el Toscar,81 – C.S. Doctor Sapena,21,05:57
67 – Calle Grao con Victoria Kent,46 – UMH / Rectorado,21,10:29
76 – Puente Altamira,80 – Reina Victoria con Gabriel Miró,21,04:19
93 – Parque Rey Jaume I,28 – Passeig de les Germanies,21,07:18
5 – Centre de Congressos,78 – Jorge Juan 24,21,09:03
45 – Plaça de Barcelona,42 – Multi Aventura Travaló,21,25:22
55 – Pere Joan Perpinyà,81 – C.S. Doctor Sapena,21,06:06
68 – Arturo Salvetti Pardo,75 – L´aljub,21,12:56
13 – Jardí del 1r de Maig,74 – IES Nit de l´Albà,21,07:54
15 – Av. Llibertat / Reina Victòria,82 – Antonio Machado 73,21,06:20
4 – Plaça del Raval,110 – Avda Novelda con Obispo Barrachina,21,17:56
49 – Av. Alicante 59,21 – C.P. Mariano Benlliure,21,19:21
66 – Jardín escritor Juan Fuster,91 – Centro social el Pla,21,19:41
76 – Puente Altamira,55 – Pere Joan Perpinyà,21,08:17
98 – IES Sixto Marco,100 – C.S. Raval,21,10:34
34 – Hospital General,38 – Poliesportiu de Carrús,21,22:03
49 – Av. Alicante 59,13 – Jardí del 1r de Maig,21,22:31
5 – Centre de Congressos,41 – Dipòsit Municipal de Carrús,21,19:52
48 – Av. Corts Valencianes,81 – C.S. Doctor Sapena,21,07:16
38 – Poliesportiu de Carrús,85 – Sor Josefa Alcorta 34,21,15:10
96 – Puente de Santa Teresa,43 – Palmerars – Ciutat de la Justícia,21,08:04
96 – Puente de Santa Teresa,3 – Plaça de la Llotja,21,11:55
104 – UMH-Arenals,85 – Sor Josefa Alcorta 34,21,17:43
33 – Av. Libertat / l’Aljub,65 – C.P. El toscar,21,08:22
56 – UMH / Torre Vaillo,37 – Hort de Travaló,21,13:53
76 – Puente Altamira,97 – Huerto del cura,21,07:36
79 – Intercambiador pasarela,44 – Portes Encarnades,21,07:33
108 – José Ferrández Cruz,6 – Ajuntament,21,16:29
47 – C.P. Virgen de la Asunción,13 – Jardí del 1r de Maig,21,10:48
51 – Ciudad deportiva zona sur,22 – Av. Llauradors / Eslava,21,18:43
74 – IES Nit de l´Albà,80 – Reina Victoria con Gabriel Miró,21,13:35
74 – IES Nit de l´Albà,82 – Antonio Machado 73,21,17:32
71 – IES Carrús,86 – El Corte Inglés,21,09:33
35 – Hospital del Vinalopó,36 – I.E.S. Victoria Kent,21,21:49
1 – Estació d’Autobusos,48 – Av. Corts Valencianes,20,15:21
69 – Olegario Domarco Seller 44,34 – Hospital General,20,15:27
93 – Parque Rey Jaume I,38 – Poliesportiu de Carrús,20,11:44
41 – Dipòsit Municipal de Carrús,43 – Palmerars – Ciutat de la Justícia,20,17:16
55 – Pere Joan Perpinyà,43 – Palmerars – Ciutat de la Justícia,20,15:33
93 – Parque Rey Jaume I,35 – Hospital del Vinalopó,20,14:28
82 – Antonio Machado 73,15 – Av. Llibertat / Reina Victòria,20,08:47
77 – Plaza Obispo Siuri,32 – Centre de Salut d’Altabix,20,15:37
7 – Pavelló Municipal,114 – Jardin Biólogo Antonio de Zulueta,20,15:30
51 – Ciudad deportiva zona sur,20 – Antoni Mena / Fra Jaume Torres,20,23:05
94 – Parking Gran Teatre,51 – Ciudad deportiva zona sur,20,18:38
110 – Avda Novelda con Obispo Barrachina,31 – Sant Antoni,20,19:31
16 – Jardí d’Asp,41 – Dipòsit Municipal de Carrús,20,08:29
50 – Borreguet,99 – IES La Asunción,20,06:40
75 – L´aljub,49 – Av. Alicante 59,20,22:31
10 – L’Escorxador,51 – Ciudad deportiva zona sur,20,14:34
97 – Huerto del cura,42 – Multi Aventura Travaló,20,10:07
1 – Estació d’Autobusos,75 – L´aljub,20,21:40
99 – IES La Asunción,89 – CEIP Dama d´Elx,20,11:22
70 – Libertad-Diagonal,93 – Parque Rey Jaume I,20,06:18
115 – Passeig d´Atzavares,106 – Estadio Manolo Jaén,20,10:46
94 – Parking Gran Teatre,104 – UMH-Arenals,20,15:25
43 – Palmerars – Ciutat de la Justícia,8 – Polivalent de Carrús,20,17:30
112 – CEIP San Fernando,42 – Multi Aventura Travaló,20,07:30
29 – Casablanca,96 – Puente de Santa Teresa,20,10:13
29 – Casablanca,46 – UMH / Rectorado,20,11:57
95 – IES Vicente Verdu,11 – Plaça de Crevillent,20,06:04
91 – Centro social el Pla,20 – Antoni Mena / Fra Jaume Torres,20,08:37
14 – Comissaria,90 – Centro salud el Pla,20,15:53
44 – Portes Encarnades,81 – C.S. Doctor Sapena,20,09:21
107 – Josefina Manresa,7 – Pavelló Municipal,20,05:09
70 – Libertad-Diagonal,47 – C.P. Virgen de la Asunción,20,06:30
98 – IES Sixto Marco,76 – Puente Altamira,20,08:38
48 – Av. Corts Valencianes,19 – Jesuïtines,20,13:40
86 – El Corte Inglés,87 – CEIP Sanchis Guarner,20,12:00
103 – UMH-Altet,15 – Av. Llibertat / Reina Victòria,20,14:50
53 – C.P. Victor Pradera,13 – Jardí del 1r de Maig,20,15:29
30 – Squash,113 – Alcalde Juan Hernández,20,08:22
2 – Oficina de Turisme,68 – Arturo Salvetti Pardo,20,10:08
99 – IES La Asunción,17 – Plaça de Castella,20,16:04
22 – Av. Llauradors / Eslava,24 – Policia Local,20,22:57
103 – UMH-Altet,56 – UMH / Torre Vaillo,20,07:17
52 – Centro salud el Toscar,44 – Portes Encarnades,20,16:05
26 – UMH / Escola Oficial d’Idiomes,114 – Jardin Biólogo Antonio de Zulueta,20,12:45
93 – Parque Rey Jaume I,90 – Centro salud el Pla,20,10:58
108 – José Ferrández Cruz,53 – C.P. Victor Pradera,20,10:12
42 – Multi Aventura Travaló,35 – Hospital del Vinalopó,20,27:48
87 – CEIP Sanchis Guarner,6 – Ajuntament,20,11:16
81 – C.S. Doctor Sapena,69 – Olegario Domarco Seller 44,20,13:17
83 – Conrado del campo 35,80 – Reina Victoria con Gabriel Miró,20,04:20
108 – José Ferrández Cruz,12 – Ambulatori de Sant Fermí,20,15:20
90 – Centro salud el Pla,85 – Sor Josefa Alcorta 34,20,02:56
72 – Plaza de madrid,5 – Centre de Congressos,20,11:48
79 – Intercambiador pasarela,70 – Libertad-Diagonal,20,05:16
14 – Comissaria,35 – Hospital del Vinalopó,20,16:36
98 – IES Sixto Marco,109 – Parque Huerto del Torreret,20,10:11
98 – IES Sixto Marco,112 – CEIP San Fernando,20,04:46
73 – Plaza de la aparadora,16 – Jardí d’Asp,20,07:48
45 – Plaça de Barcelona,41 – Dipòsit Municipal de Carrús,20,10:21
18 – Poliesportiu d’Altabix,74 – IES Nit de l´Albà,20,20:52
93 – Parque Rey Jaume I,72 – Plaza de madrid,20,09:40
3 – Plaça de la Llotja,115 – Passeig d´Atzavares,20,13:26
49 – Av. Alicante 59,74 – IES Nit de l´Albà,20,25:21
99 – IES La Asunción,11 – Plaça de Crevillent,20,13:05
102 – UMH-Altabix,73 – Plaza de la aparadora,20,12:13
94 – Parking Gran Teatre,15 – Av. Llibertat / Reina Victòria,20,13:10
102 – UMH-Altabix,18 – Poliesportiu d’Altabix,20,16:22
13 – Jardí del 1r de Maig,80 – Reina Victoria con Gabriel Miró,20,09:29
83 – Conrado del campo 35,97 – Huerto del cura,20,08:05
83 – Conrado del campo 35,54 – Plaza de Benidorm,20,10:46
85 – Sor Josefa Alcorta 34,35 – Hospital del Vinalopó,20,09:14
81 – C.S. Doctor Sapena,4 – Plaça del Raval,20,09:33
41 – Dipòsit Municipal de Carrús,52 – Centro salud el Toscar,20,08:12
20 – Antoni Mena / Fra Jaume Torres,69 – Olegario Domarco Seller 44,20,09:45
37 – Hort de Travaló,35 – Hospital del Vinalopó,20,26:26
25 – Cor de Jesús,111 – Avenida Alicante 38,20,13:28
17 – Plaça de Castella,111 – Avenida Alicante 38,20,10:27
11 – Plaça de Crevillent,76 – Puente Altamira,20,09:50
81 – C.S. Doctor Sapena,48 – Av. Corts Valencianes,20,10:07
69 – Olegario Domarco Seller 44,22 – Av. Llauradors / Eslava,20,10:54
31 – Sant Antoni,94 – Parking Gran Teatre,20,14:53
106 – Estadio Manolo Jaén,38 – Poliesportiu de Carrús,20,16:01
27 – UMH / Pavelló d’Esports,94 – Parking Gran Teatre,20,12:09
80 – Reina Victoria con Gabriel Miró,22 – Av. Llauradors / Eslava,20,06:18
105 – Almansa con Avda. Novelda,41 – Dipòsit Municipal de Carrús,20,08:44
105 – Almansa con Avda. Novelda,25 – Cor de Jesús,20,08:04
56 – UMH / Torre Vaillo,103 – UMH-Altet,20,04:54
6 – Ajuntament,72 – Plaza de madrid,20,12:20
97 – Huerto del cura,5 – Centre de Congressos,20,20:26
32 – Centre de Salut d’Altabix,97 – Huerto del cura,20,10:03
35 – Hospital del Vinalopó,38 – Poliesportiu de Carrús,20,21:55
39 – Francesc Cantó,43 – Palmerars – Ciutat de la Justícia,20,17:30
78 – Jorge Juan 24,73 – Plaza de la aparadora,20,07:13
6 – Ajuntament,69 – Olegario Domarco Seller 44,20,07:48
35 – Hospital del Vinalopó,85 – Sor Josefa Alcorta 34,20,09:42
4 – Plaça del Raval,100 – C.S. Raval,20,09:23
99 – IES La Asunción,32 – Centre de Salut d’Altabix,19,10:37
115 – Passeig d´Atzavares,5 – Centre de Congressos,19,16:43
68 – Arturo Salvetti Pardo,16 – Jardí d’Asp,19,07:19
84 – Fernanda Santa María 64,23 – Conrado del Campo / Trinquet,19,03:03
115 – Passeig d´Atzavares,99 – IES La Asunción,19,10:51
75 – L´aljub,54 – Plaza de Benidorm,19,19:55
27 – UMH / Pavelló d’Esports,98 – IES Sixto Marco,19,10:12
1 – Estació d’Autobusos,74 – IES Nit de l´Albà,19,11:22
110 – Avda Novelda con Obispo Barrachina,23 – Conrado del Campo / Trinquet,19,09:33
74 – IES Nit de l´Albà,17 – Plaça de Castella,19,21:06
51 – Ciudad deportiva zona sur,38 – Poliesportiu de Carrús,19,21:34
83 – Conrado del campo 35,11 – Plaça de Crevillent,19,08:38
2 – Oficina de Turisme,107 – Josefina Manresa,19,14:38
27 – UMH / Pavelló d’Esports,80 – Reina Victoria con Gabriel Miró,19,15:22
16 – Jardí d’Asp,71 – IES Carrús,19,05:52
19 – Jesuïtines,99 – IES La Asunción,19,07:51
74 – IES Nit de l´Albà,83 – Conrado del campo 35,19,12:33
74 – IES Nit de l´Albà,94 – Parking Gran Teatre,19,12:28
95 – IES Vicente Verdu,9 – Biblioteca de Sant Josep,19,08:33
36 – I.E.S. Victoria Kent,101 – UMH-La Galia,19,11:29
110 – Avda Novelda con Obispo Barrachina,5 – Centre de Congressos,19,13:18
8 – Polivalent de Carrús,55 – Pere Joan Perpinyà,19,11:12
98 – IES Sixto Marco,50 – Borreguet,19,07:33
112 – CEIP San Fernando,100 – C.S. Raval,19,08:35
82 – Antonio Machado 73,12 – Ambulatori de Sant Fermí,19,08:36
11 – Plaça de Crevillent,73 – Plaza de la aparadora,19,06:52
49 – Av. Alicante 59,113 – Alcalde Juan Hernández,19,07:02
100 – C.S. Raval,85 – Sor Josefa Alcorta 34,19,04:14
75 – L´aljub,88 – Pistas del Pla,19,07:31
56 – UMH / Torre Vaillo,30 – Squash,19,11:15
66 – Jardín escritor Juan Fuster,21 – C.P. Mariano Benlliure,19,15:49
101 – UMH-La Galia,1 – Estació d’Autobusos,19,07:52
101 – UMH-La Galia,11 – Plaça de Crevillent,19,14:25
105 – Almansa con Avda. Novelda,80 – Reina Victoria con Gabriel Miró,19,13:03
106 – Estadio Manolo Jaén,3 – Plaça de la Llotja,19,09:41
29 – Casablanca,64 – Jardín 25 de abril,19,06:01
101 – UMH-La Galia,70 – Libertad-Diagonal,19,06:48
31 – Sant Antoni,47 – C.P. Virgen de la Asunción,19,19:45
76 – Puente Altamira,18 – Poliesportiu d’Altabix,19,17:02
72 – Plaza de madrid,71 – IES Carrús,19,06:01
15 – Av. Llibertat / Reina Victòria,97 – Huerto del cura,19,16:06
48 – Av. Corts Valencianes,84 – Fernanda Santa María 64,19,13:23
109 – Parque Huerto del Torreret,30 – Squash,19,10:36
107 – Josefina Manresa,46 – UMH / Rectorado,19,07:10
55 – Pere Joan Perpinyà,17 – Plaça de Castella,19,21:19
65 – C.P. El toscar,11 – Plaça de Crevillent,19,14:57
107 – Josefina Manresa,15 – Av. Llibertat / Reina Victòria,19,16:35
39 – Francesc Cantó,50 – Borreguet,19,11:05
88 – Pistas del Pla,55 – Pere Joan Perpinyà,19,04:57
103 – UMH-Altet,54 – Plaza de Benidorm,19,06:47
17 – Plaça de Castella,83 – Conrado del campo 35,19,14:57
6 – Ajuntament,103 – UMH-Altet,19,13:51
6 – Ajuntament,106 – Estadio Manolo Jaén,19,15:59
107 – Josefina Manresa,1 – Estació d’Autobusos,19,11:42
79 – Intercambiador pasarela,20 – Antoni Mena / Fra Jaume Torres,19,07:51
89 – CEIP Dama d´Elx,47 – C.P. Virgen de la Asunción,19,07:47
71 – IES Carrús,20 – Antoni Mena / Fra Jaume Torres,19,09:30
71 – IES Carrús,17 – Plaça de Castella,19,15:40
71 – IES Carrús,15 – Av. Llibertat / Reina Victòria,19,07:01
63 – CEIP Eugeni d’Ors,19 – Jesuïtines,19,18:14
74 – IES Nit de l´Albà,50 – Borreguet,19,07:20
104 – UMH-Arenals,77 – Plaza Obispo Siuri,19,13:09
89 – CEIP Dama d´Elx,33 – Av. Libertat / l’Aljub,19,09:13
43 – Palmerars – Ciutat de la Justícia,18 – Poliesportiu d’Altabix,19,17:23
42 – Multi Aventura Travaló,112 – CEIP San Fernando,19,07:49
56 – UMH / Torre Vaillo,13 – Jardí del 1r de Maig,19,12:13
66 – Jardín escritor Juan Fuster,13 – Jardí del 1r de Maig,19,02:55
80 – Reina Victoria con Gabriel Miró,21 – C.P. Mariano Benlliure,19,13:42
26 – UMH / Escola Oficial d’Idiomes,77 – Plaza Obispo Siuri,19,09:59
50 – Borreguet,93 – Parque Rey Jaume I,19,05:40
91 – Centro social el Pla,28 – Passeig de les Germanies,19,08:30
77 – Plaza Obispo Siuri,107 – Josefina Manresa,19,17:00
90 – Centro salud el Pla,100 – C.S. Raval,19,07:27
78 – Jorge Juan 24,13 – Jardí del 1r de Maig,19,12:44
67 – Calle Grao con Victoria Kent,24 – Policia Local,19,23:11
39 – Francesc Cantó,54 – Plaza de Benidorm,19,12:51
39 – Francesc Cantó,70 – Libertad-Diagonal,19,06:25
5 – Centre de Congressos,72 – Plaza de madrid,19,12:03
47 – C.P. Virgen de la Asunción,111 – Avenida Alicante 38,19,13:25
108 – José Ferrández Cruz,104 – UMH-Arenals,19,07:26
78 – Jorge Juan 24,81 – C.S. Doctor Sapena,19,07:52
65 – C.P. El toscar,39 – Francesc Cantó,19,07:50
80 – Reina Victoria con Gabriel Miró,86 – El Corte Inglés,19,10:31
100 – C.S. Raval,31 – Sant Antoni,19,12:39
2 – Oficina de Turisme,69 – Olegario Domarco Seller 44,19,08:47
47 – C.P. Virgen de la Asunción,37 – Hort de Travaló,19,22:59
108 – José Ferrández Cruz,7 – Pavelló Municipal,19,07:33
52 – Centro salud el Toscar,70 – Libertad-Diagonal,19,10:50
87 – CEIP Sanchis Guarner,71 – IES Carrús,19,13:03
78 – Jorge Juan 24,11 – Plaça de Crevillent,19,05:33
41 – Dipòsit Municipal de Carrús,21 – C.P. Mariano Benlliure,19,15:53
22 – Av. Llauradors / Eslava,42 – Multi Aventura Travaló,19,22:12
22 – Av. Llauradors / Eslava,46 – UMH / Rectorado,19,19:31
98 – IES Sixto Marco,30 – Squash,19,09:38
92 – Parking Candalix,32 – Centre de Salut d’Altabix,19,10:46
92 – Parking Candalix,26 – UMH / Escola Oficial d’Idiomes,19,06:42
33 – Av. Libertat / l’Aljub,111 – Avenida Alicante 38,19,22:11
92 – Parking Candalix,34 – Hospital General,19,09:23
72 – Plaza de madrid,42 – Multi Aventura Travaló,19,22:33
35 – Hospital del Vinalopó,83 – Conrado del campo 35,19,10:35
66 – Jardín escritor Juan Fuster,96 – Puente de Santa Teresa,19,10:37
104 – UMH-Arenals,72 – Plaza de madrid,19,14:55
12 – Ambulatori de Sant Fermí,77 – Plaza Obispo Siuri,19,07:36
64 – Jardín 25 de abril,110 – Avda Novelda con Obispo Barrachina,19,02:41
105 – Almansa con Avda. Novelda,20 – Antoni Mena / Fra Jaume Torres,19,15:21
47 – C.P. Virgen de la Asunción,83 – Conrado del campo 35,19,06:26
25 – Cor de Jesús,101 – UMH-La Galia,19,08:36
67 – Calle Grao con Victoria Kent,19 – Jesuïtines,19,11:24
78 – Jorge Juan 24,76 – Puente Altamira,19,04:39
47 – C.P. Virgen de la Asunción,79 – Intercambiador pasarela,19,10:03
46 – UMH / Rectorado,108 – José Ferrández Cruz,19,11:09
93 – Parque Rey Jaume I,76 – Puente Altamira,18,08:23
93 – Parque Rey Jaume I,70 – Libertad-Diagonal,18,07:28
94 – Parking Gran Teatre,20 – Antoni Mena / Fra Jaume Torres,18,12:20
27 – UMH / Pavelló d’Esports,103 – UMH-Altet,18,11:26
23 – Conrado del Campo / Trinquet,75 – L´aljub,18,08:23
76 – Puente Altamira,67 – Calle Grao con Victoria Kent,18,06:57
44 – Portes Encarnades,74 – IES Nit de l´Albà,18,14:05
82 – Antonio Machado 73,30 – Squash,18,20:01
98 – IES Sixto Marco,45 – Plaça de Barcelona,18,13:59
112 – CEIP San Fernando,98 – IES Sixto Marco,18,03:31
82 – Antonio Machado 73,33 – Av. Libertat / l’Aljub,18,02:49
21 – C.P. Mariano Benlliure,52 – Centro salud el Toscar,18,10:50
21 – C.P. Mariano Benlliure,53 – C.P. Victor Pradera,18,17:32
50 – Borreguet,16 – Jardí d’Asp,18,20:18
51 – Ciudad deportiva zona sur,109 – Parque Huerto del Torreret,18,03:24
110 – Avda Novelda con Obispo Barrachina,34 – Hospital General,18,19:44
76 – Puente Altamira,30 – Squash,18,21:52
21 – C.P. Mariano Benlliure,90 – Centro salud el Pla,18,06:57
11 – Plaça de Crevillent,74 – IES Nit de l´Albà,18,03:49
41 – Dipòsit Municipal de Carrús,22 – Av. Llauradors / Eslava,18,17:18
82 – Antonio Machado 73,4 – Plaça del Raval,18,08:21
17 – Plaça de Castella,107 – Josefina Manresa,18,04:51
55 – Pere Joan Perpinyà,76 – Puente Altamira,18,09:36
83 – Conrado del campo 35,20 – Antoni Mena / Fra Jaume Torres,18,05:45
70 – Libertad-Diagonal,30 – Squash,18,16:48
33 – Av. Libertat / l’Aljub,88 – Pistas del Pla,18,09:46
18 – Poliesportiu d’Altabix,35 – Hospital del Vinalopó,18,24:50
41 – Dipòsit Municipal de Carrús,47 – C.P. Virgen de la Asunción,18,16:42
15 – Av. Llibertat / Reina Victòria,76 – Puente Altamira,18,07:12
7 – Pavelló Municipal,92 – Parking Candalix,18,12:12
41 – Dipòsit Municipal de Carrús,54 – Plaza de Benidorm,18,13:54
21 – C.P. Mariano Benlliure,46 – UMH / Rectorado,18,18:01
36 – I.E.S. Victoria Kent,83 – Conrado del campo 35,18,15:58
50 – Borreguet,113 – Alcalde Juan Hernández,18,14:57
94 – Parking Gran Teatre,76 – Puente Altamira,18,04:44
73 – Plaza de la aparadora,75 – L´aljub,18,05:31
94 – Parking Gran Teatre,75 – L´aljub,18,16:10
50 – Borreguet,45 – Plaça de Barcelona,18,13:01
33 – Av. Libertat / l’Aljub,42 – Multi Aventura Travaló,18,24:57
25 – Cor de Jesús,83 – Conrado del campo 35,18,05:06
99 – IES La Asunción,84 – Fernanda Santa María 64,18,09:55
33 – Av. Libertat / l’Aljub,74 – IES Nit de l´Albà,18,15:30
85 – Sor Josefa Alcorta 34,20 – Antoni Mena / Fra Jaume Torres,18,07:41
83 – Conrado del campo 35,45 – Plaça de Barcelona,18,08:35
83 – Conrado del campo 35,28 – Passeig de les Germanies,18,03:59
43 – Palmerars – Ciutat de la Justícia,85 – Sor Josefa Alcorta 34,18,11:23
51 – Ciudad deportiva zona sur,84 – Fernanda Santa María 64,18,16:37
74 – IES Nit de l´Albà,3 – Plaça de la Llotja,18,16:10
66 – Jardín escritor Juan Fuster,26 – UMH / Escola Oficial d’Idiomes,18,09:30
100 – C.S. Raval,113 – Alcalde Juan Hernández,18,13:40
37 – Hort de Travaló,47 – C.P. Virgen de la Asunción,18,22:54
19 – Jesuïtines,93 – Parque Rey Jaume I,18,06:20
94 – Parking Gran Teatre,45 – Plaça de Barcelona,18,08:28
49 – Av. Alicante 59,112 – CEIP San Fernando,18,04:02
4 – Plaça del Raval,91 – Centro social el Pla,18,07:35
109 – Parque Huerto del Torreret,11 – Plaça de Crevillent,18,20:49
67 – Calle Grao con Victoria Kent,15 – Av. Llibertat / Reina Victòria,18,07:52
32 – Centre de Salut d’Altabix,78 – Jorge Juan 24,18,16:24
34 – Hospital General,113 – Alcalde Juan Hernández,18,08:51
70 – Libertad-Diagonal,108 – José Ferrández Cruz,18,15:27
87 – CEIP Sanchis Guarner,53 – C.P. Victor Pradera,18,22:50
80 – Reina Victoria con Gabriel Miró,93 – Parque Rey Jaume I,18,08:49
70 – Libertad-Diagonal,90 – Centro salud el Pla,18,14:05
4 – Plaça del Raval,71 – IES Carrús,18,12:32
39 – Francesc Cantó,56 – UMH / Torre Vaillo,18,12:50
78 – Jorge Juan 24,5 – Centre de Congressos,18,08:34
4 – Plaça del Raval,72 – Plaza de madrid,18,11:33
98 – IES Sixto Marco,1 – Estació d’Autobusos,18,09:24
32 – Centre de Salut d’Altabix,48 – Av. Corts Valencianes,18,20:12
67 – Calle Grao con Victoria Kent,1 – Estació d’Autobusos,18,06:00
9 – Biblioteca de Sant Josep,56 – UMH / Torre Vaillo,18,16:06
14 – Comissaria,103 – UMH-Altet,18,16:27
93 – Parque Rey Jaume I,2 – Oficina de Turisme,18,06:17
77 – Plaza Obispo Siuri,96 – Puente de Santa Teresa,18,05:27
38 – Poliesportiu de Carrús,63 – CEIP Eugeni d’Ors,18,04:46
35 – Hospital del Vinalopó,75 – L´aljub,18,10:56
87 – CEIP Sanchis Guarner,22 – Av. Llauradors / Eslava,18,03:51
10 – L’Escorxador,112 – CEIP San Fernando,18,09:56
10 – L’Escorxador,91 – Centro social el Pla,18,09:41
21 – C.P. Mariano Benlliure,83 – Conrado del campo 35,18,05:20
13 – Jardí del 1r de Maig,56 – UMH / Torre Vaillo,18,13:27
30 – Squash,56 – UMH / Torre Vaillo,18,17:09
110 – Avda Novelda con Obispo Barrachina,97 – Huerto del cura,18,13:13
20 – Antoni Mena / Fra Jaume Torres,86 – El Corte Inglés,18,03:06
20 – Antoni Mena / Fra Jaume Torres,78 – Jorge Juan 24,18,07:35
48 – Av. Corts Valencianes,39 – Francesc Cantó,18,08:04
70 – Libertad-Diagonal,20 – Antoni Mena / Fra Jaume Torres,18,08:42
20 – Antoni Mena / Fra Jaume Torres,91 – Centro social el Pla,18,06:44
72 – Plaza de madrid,17 – Plaça de Castella,18,16:00
52 – Centro salud el Toscar,90 – Centro salud el Pla,18,13:25
41 – Dipòsit Municipal de Carrús,4 – Plaça del Raval,18,13:43
89 – CEIP Dama d´Elx,55 – Pere Joan Perpinyà,18,04:09
46 – UMH / Rectorado,74 – IES Nit de l´Albà,18,15:49
98 – IES Sixto Marco,15 – Av. Llibertat / Reina Victòria,18,12:50
32 – Centre de Salut d’Altabix,92 – Parking Candalix,18,08:56
47 – C.P. Virgen de la Asunción,43 – Palmerars – Ciutat de la Justícia,18,16:09
80 – Reina Victoria con Gabriel Miró,70 – Libertad-Diagonal,18,07:10
40 – C.P. Baix Vinalopó,95 – IES Vicente Verdu,18,12:49
80 – Reina Victoria con Gabriel Miró,74 – IES Nit de l´Albà,18,07:19
90 – Centro salud el Pla,40 – C.P. Baix Vinalopó,18,13:14
47 – C.P. Virgen de la Asunción,41 – Dipòsit Municipal de Carrús,18,20:07
78 – Jorge Juan 24,94 – Parking Gran Teatre,18,06:04
17 – Plaça de Castella,52 – Centro salud el Toscar,18,19:13
84 – Fernanda Santa María 64,104 – UMH-Arenals,18,15:48
46 – UMH / Rectorado,48 – Av. Corts Valencianes,18,20:27
79 – Intercambiador pasarela,38 – Poliesportiu de Carrús,18,10:18
97 – Huerto del cura,95 – IES Vicente Verdu,18,16:07
80 – Reina Victoria con Gabriel Miró,33 – Av. Libertat / l’Aljub,18,10:48
28 – Passeig de les Germanies,83 – Conrado del campo 35,18,06:22
80 – Reina Victoria con Gabriel Miró,14 – Comissaria,18,11:38
84 – Fernanda Santa María 64,73 – Plaza de la aparadora,18,09:33
42 – Multi Aventura Travaló,33 – Av. Libertat / l’Aljub,18,24:23
62 – Calle Inca con brea,25 – Cor de Jesús,18,15:19
51 – Ciudad deportiva zona sur,10 – L’Escorxador,18,13:21
31 – Sant Antoni,112 – CEIP San Fernando,18,10:10
95 – IES Vicente Verdu,40 – C.P. Baix Vinalopó,18,17:37
63 – CEIP Eugeni d’Ors,40 – C.P. Baix Vinalopó,18,07:35
63 – CEIP Eugeni d’Ors,12 – Ambulatori de Sant Fermí,18,08:18
64 – Jardín 25 de abril,39 – Francesc Cantó,17,06:38
62 – Calle Inca con brea,105 – Almansa con Avda. Novelda,17,06:48
110 – Avda Novelda con Obispo Barrachina,28 – Passeig de les Germanies,17,07:55
7 – Pavelló Municipal,107 – Josefina Manresa,17,05:33
19 – Jesuïtines,107 – Josefina Manresa,17,16:07
51 – Ciudad deportiva zona sur,14 – Comissaria,17,10:17
74 – IES Nit de l´Albà,55 – Pere Joan Perpinyà,17,08:11
85 – Sor Josefa Alcorta 34,80 – Reina Victoria con Gabriel Miró,17,06:02
12 – Ambulatori de Sant Fermí,108 – José Ferrández Cruz,17,17:39
104 – UMH-Arenals,98 – IES Sixto Marco,17,11:08
42 – Multi Aventura Travaló,115 – Passeig d´Atzavares,17,09:11
85 – Sor Josefa Alcorta 34,25 – Cor de Jesús,17,06:52
62 – Calle Inca con brea,3 – Plaça de la Llotja,17,20:07
40 – C.P. Baix Vinalopó,48 – Av. Corts Valencianes,17,15:32
79 – Intercambiador pasarela,100 – C.S. Raval,17,06:09
89 – CEIP Dama d´Elx,21 – C.P. Mariano Benlliure,17,06:23
40 – C.P. Baix Vinalopó,73 – Plaza de la aparadora,17,08:16
80 – Reina Victoria con Gabriel Miró,16 – Jardí d’Asp,17,14:08
78 – Jorge Juan 24,102 – UMH-Altabix,17,10:33
79 – Intercambiador pasarela,23 – Conrado del Campo / Trinquet,17,07:30
79 – Intercambiador pasarela,25 – Cor de Jesús,17,04:36
13 – Jardí del 1r de Maig,110 – Avda Novelda con Obispo Barrachina,17,05:24
79 – Intercambiador pasarela,50 – Borreguet,17,05:59
46 – UMH / Rectorado,63 – CEIP Eugeni d’Ors,17,15:45
80 – Reina Victoria con Gabriel Miró,43 – Palmerars – Ciutat de la Justícia,17,10:41
30 – Squash,94 – Parking Gran Teatre,17,17:15
103 – UMH-Altet,80 – Reina Victoria con Gabriel Miró,17,13:02
45 – Plaça de Barcelona,77 – Plaza Obispo Siuri,17,07:01
17 – Plaça de Castella,85 – Sor Josefa Alcorta 34,17,17:50
6 – Ajuntament,101 – UMH-La Galia,17,09:35
107 – Josefina Manresa,3 – Plaça de la Llotja,17,10:15
5 – Centre de Congressos,77 – Plaza Obispo Siuri,17,12:19
107 – Josefina Manresa,51 – Ciudad deportiva zona sur,17,07:17
107 – Josefina Manresa,110 – Avda Novelda con Obispo Barrachina,17,17:10
89 – CEIP Dama d´Elx,110 – Avda Novelda con Obispo Barrachina,17,18:55
32 – Centre de Salut d’Altabix,98 – IES Sixto Marco,17,08:56
71 – IES Carrús,45 – Plaça de Barcelona,17,06:07
46 – UMH / Rectorado,100 – C.S. Raval,17,10:01
108 – José Ferrández Cruz,18 – Poliesportiu d’Altabix,17,31:27
96 – Puente de Santa Teresa,106 – Estadio Manolo Jaén,17,20:39
71 – IES Carrús,102 – UMH-Altabix,17,10:32
81 – C.S. Doctor Sapena,20 – Antoni Mena / Fra Jaume Torres,17,06:16
106 – Estadio Manolo Jaén,9 – Biblioteca de Sant Josep,17,16:32
103 – UMH-Altet,104 – UMH-Arenals,17,13:35
97 – Huerto del cura,115 – Passeig d´Atzavares,17,14:51
55 – Pere Joan Perpinyà,51 – Ciudad deportiva zona sur,17,21:05
91 – Centro social el Pla,55 – Pere Joan Perpinyà,17,08:58
114 – Jardin Biólogo Antonio de Zulueta,7 – Pavelló Municipal,17,15:32
9 – Biblioteca de Sant Josep,83 – Conrado del campo 35,17,05:42
91 – Centro social el Pla,5 – Centre de Congressos,17,09:44
47 – C.P. Virgen de la Asunción,104 – UMH-Arenals,17,18:35
5 – Centre de Congressos,87 – CEIP Sanchis Guarner,17,12:23
9 – Biblioteca de Sant Josep,85 – Sor Josefa Alcorta 34,17,21:16
20 – Antoni Mena / Fra Jaume Torres,77 – Plaza Obispo Siuri,17,07:06
102 – UMH-Altabix,88 – Pistas del Pla,17,18:38
91 – Centro social el Pla,83 – Conrado del campo 35,17,07:12
35 – Hospital del Vinalopó,86 – El Corte Inglés,17,08:12
100 – C.S. Raval,40 – C.P. Baix Vinalopó,17,13:07
96 – Puente de Santa Teresa,77 – Plaza Obispo Siuri,17,06:52
30 – Squash,70 – Libertad-Diagonal,17,16:34
13 – Jardí del 1r de Maig,43 – Palmerars – Ciutat de la Justícia,17,21:06
104 – UMH-Arenals,6 – Ajuntament,17,11:35
1 – Estació d’Autobusos,88 – Pistas del Pla,17,12:58
38 – Poliesportiu de Carrús,111 – Avenida Alicante 38,17,13:38
77 – Plaza Obispo Siuri,84 – Fernanda Santa María 64,17,05:26
72 – Plaza de madrid,46 – UMH / Rectorado,17,13:46
91 – Centro social el Pla,23 – Conrado del Campo / Trinquet,17,05:16
5 – Centre de Congressos,97 – Huerto del cura,17,07:54
69 – Olegario Domarco Seller 44,53 – C.P. Victor Pradera,17,12:09
77 – Plaza Obispo Siuri,20 – Antoni Mena / Fra Jaume Torres,17,05:55
77 – Plaza Obispo Siuri,26 – UMH / Escola Oficial d’Idiomes,17,10:41
2 – Oficina de Turisme,104 – UMH-Arenals,17,13:10
69 – Olegario Domarco Seller 44,109 – Parque Huerto del Torreret,17,16:53
32 – Centre de Salut d’Altabix,79 – Intercambiador pasarela,17,17:32
15 – Av. Llibertat / Reina Victòria,91 – Centro social el Pla,17,11:12
93 – Parque Rey Jaume I,78 – Jorge Juan 24,17,07:02
76 – Puente Altamira,15 – Av. Llibertat / Reina Victòria,17,09:26
49 – Av. Alicante 59,78 – Jorge Juan 24,17,13:40
72 – Plaza de madrid,75 – L´aljub,17,07:50
81 – C.S. Doctor Sapena,40 – C.P. Baix Vinalopó,17,11:49
87 – CEIP Sanchis Guarner,5 – Centre de Congressos,17,13:06
73 – Plaza de la aparadora,19 – Jesuïtines,17,12:25
110 – Avda Novelda con Obispo Barrachina,45 – Plaça de Barcelona,17,04:34
76 – Puente Altamira,20 – Antoni Mena / Fra Jaume Torres,17,08:54
15 – Av. Llibertat / Reina Victòria,93 – Parque Rey Jaume I,17,11:31
102 – UMH-Altabix,4 – Plaça del Raval,17,12:52
102 – UMH-Altabix,9 – Biblioteca de Sant Josep,17,14:11
101 – UMH-La Galia,36 – I.E.S. Victoria Kent,17,11:34
37 – Hort de Travaló,85 – Sor Josefa Alcorta 34,17,20:21
8 – Polivalent de Carrús,71 – IES Carrús,17,03:41
66 – Jardín escritor Juan Fuster,16 – Jardí d’Asp,17,06:40
73 – Plaza de la aparadora,30 – Squash,17,20:51
73 – Plaza de la aparadora,47 – C.P. Virgen de la Asunción,17,06:12
73 – Plaza de la aparadora,55 – Pere Joan Perpinyà,17,08:39
105 – Almansa con Avda. Novelda,73 – Plaza de la aparadora,17,07:31
83 – Conrado del campo 35,5 – Centre de Congressos,17,07:02
69 – Olegario Domarco Seller 44,5 – Centre de Congressos,17,12:21
51 – Ciudad deportiva zona sur,39 – Francesc Cantó,17,17:32
69 – Olegario Domarco Seller 44,73 – Plaza de la aparadora,17,06:33
20 – Antoni Mena / Fra Jaume Torres,71 – IES Carrús,17,11:35
94 – Parking Gran Teatre,52 – Centro salud el Toscar,17,12:31
73 – Plaza de la aparadora,74 – IES Nit de l´Albà,17,04:22
73 – Plaza de la aparadora,81 – C.S. Doctor Sapena,17,07:08
94 – Parking Gran Teatre,103 – UMH-Altet,17,11:04
110 – Avda Novelda con Obispo Barrachina,13 – Jardí del 1r de Maig,17,05:36
27 – UMH / Pavelló d’Esports,77 – Plaza Obispo Siuri,17,12:50
11 – Plaça de Crevillent,92 – Parking Candalix,17,11:10
11 – Plaça de Crevillent,99 – IES La Asunción,17,11:50
86 – El Corte Inglés,1 – Estació d’Autobusos,17,25:07
42 – Multi Aventura Travaló,50 – Borreguet,17,14:28
99 – IES La Asunción,14 – Comissaria,17,12:13
6 – Ajuntament,65 – C.P. El toscar,17,15:04
42 – Multi Aventura Travaló,104 – UMH-Arenals,17,27:23
115 – Passeig d´Atzavares,31 – Sant Antoni,17,08:16
64 – Jardín 25 de abril,25 – Cor de Jesús,17,10:16
115 – Passeig d´Atzavares,51 – Ciudad deportiva zona sur,16,16:19
63 – CEIP Eugeni d’Ors,67 – Calle Grao con Victoria Kent,16,05:28
62 – Calle Inca con brea,74 – IES Nit de l´Albà,16,10:09
6 – Ajuntament,68 – Arturo Salvetti Pardo,16,12:17
24 – Policia Local,111 – Avenida Alicante 38,16,11:25
112 – CEIP San Fernando,4 – Plaça del Raval,16,09:28
24 – Policia Local,106 – Estadio Manolo Jaén,16,06:23
53 – C.P. Victor Pradera,110 – Avda Novelda con Obispo Barrachina,16,12:48
51 – Ciudad deportiva zona sur,56 – UMH / Torre Vaillo,16,13:04
53 – C.P. Victor Pradera,103 – UMH-Altet,16,07:27
70 – Libertad-Diagonal,77 – Plaza Obispo Siuri,16,03:53
70 – Libertad-Diagonal,88 – Pistas del Pla,16,09:51
111 – Avenida Alicante 38,38 – Poliesportiu de Carrús,16,16:02
4 – Plaça del Raval,82 – Antonio Machado 73,16,09:13
7 – Pavelló Municipal,76 – Puente Altamira,16,14:15
7 – Pavelló Municipal,43 – Palmerars – Ciutat de la Justícia,16,13:40
72 – Plaza de madrid,81 – C.S. Doctor Sapena,16,05:06
69 – Olegario Domarco Seller 44,93 – Parque Rey Jaume I,16,08:12
73 – Plaza de la aparadora,44 – Portes Encarnades,16,10:19
73 – Plaza de la aparadora,38 – Poliesportiu de Carrús,16,10:39
73 – Plaza de la aparadora,71 – IES Carrús,16,08:18
110 – Avda Novelda con Obispo Barrachina,66 – Jardín escritor Juan Fuster,16,10:14
110 – Avda Novelda con Obispo Barrachina,69 – Olegario Domarco Seller 44,16,04:53
52 – Centro salud el Toscar,29 – Casablanca,16,10:36
108 – José Ferrández Cruz,70 – Libertad-Diagonal,16,15:32
48 – Av. Corts Valencianes,13 – Jardí del 1r de Maig,16,07:16
49 – Av. Alicante 59,29 – Casablanca,16,14:27
113 – Alcalde Juan Hernández,91 – Centro social el Pla,16,22:45
77 – Plaza Obispo Siuri,79 – Intercambiador pasarela,16,06:36
108 – José Ferrández Cruz,115 – Passeig d´Atzavares,16,16:13
48 – Av. Corts Valencianes,53 – C.P. Victor Pradera,16,17:48
113 – Alcalde Juan Hernández,85 – Sor Josefa Alcorta 34,16,16:37
76 – Puente Altamira,85 – Sor Josefa Alcorta 34,16,08:09
5 – Centre de Congressos,89 – CEIP Dama d´Elx,16,09:15
8 – Polivalent de Carrús,49 – Av. Alicante 59,16,18:45
75 – L´aljub,46 – UMH / Rectorado,16,26:18
75 – L´aljub,13 – Jardí del 1r de Maig,16,14:21
4 – Plaça del Raval,42 – Multi Aventura Travaló,16,23:19
50 – Borreguet,81 – C.S. Doctor Sapena,16,08:01
75 – L´aljub,17 – Plaça de Castella,16,23:17
78 – Jorge Juan 24,97 – Huerto del cura,16,08:26
79 – Intercambiador pasarela,15 – Av. Llibertat / Reina Victòria,16,12:41
79 – Intercambiador pasarela,53 – C.P. Victor Pradera,16,11:42
113 – Alcalde Juan Hernández,17 – Plaça de Castella,16,09:38
80 – Reina Victoria con Gabriel Miró,31 – Sant Antoni,16,13:57
80 – Reina Victoria con Gabriel Miró,26 – UMH / Escola Oficial d’Idiomes,16,10:25
45 – Plaça de Barcelona,70 – Libertad-Diagonal,16,04:35
10 – L’Escorxador,38 – Poliesportiu de Carrús,16,22:01
78 – Jorge Juan 24,86 – El Corte Inglés,16,09:43
107 – Josefina Manresa,49 – Av. Alicante 59,16,07:19
114 – Jardin Biólogo Antonio de Zulueta,37 – Hort de Travaló,16,08:38
102 – UMH-Altabix,98 – IES Sixto Marco,16,08:11
2 – Oficina de Turisme,90 – Centro salud el Pla,16,12:43
56 – UMH / Torre Vaillo,24 – Policia Local,16,12:21
92 – Parking Candalix,17 – Plaça de Castella,16,10:25
92 – Parking Candalix,46 – UMH / Rectorado,16,08:07
17 – Plaça de Castella,77 – Plaza Obispo Siuri,16,15:32
100 – C.S. Raval,49 – Av. Alicante 59,16,13:34
17 – Plaça de Castella,71 – IES Carrús,16,15:56
99 – IES La Asunción,115 – Passeig d´Atzavares,16,11:05
100 – C.S. Raval,25 – Cor de Jesús,16,11:50
17 – Plaça de Castella,94 – Parking Gran Teatre,16,17:15
91 – Centro social el Pla,100 – C.S. Raval,16,08:34
94 – Parking Gran Teatre,17 – Plaça de Castella,16,18:50
94 – Parking Gran Teatre,91 – Centro social el Pla,16,10:29
94 – Parking Gran Teatre,89 – CEIP Dama d´Elx,16,09:16
94 – Parking Gran Teatre,27 – UMH / Pavelló d’Esports,16,12:36
65 – C.P. El toscar,90 – Centro salud el Pla,16,16:00
96 – Puente de Santa Teresa,73 – Plaza de la aparadora,16,12:50
96 – Puente de Santa Teresa,29 – Casablanca,16,09:46
100 – C.S. Raval,86 – El Corte Inglés,16,10:50
19 – Jesuïtines,92 – Parking Candalix,16,04:43
91 – Centro social el Pla,11 – Plaça de Crevillent,16,10:10
2 – Oficina de Turisme,113 – Alcalde Juan Hernández,16,13:31
13 – Jardí del 1r de Maig,77 – Plaza Obispo Siuri,16,06:09
67 – Calle Grao con Victoria Kent,39 – Francesc Cantó,16,07:52
88 – Pistas del Pla,75 – L´aljub,16,07:34
91 – Centro social el Pla,80 – Reina Victoria con Gabriel Miró,16,11:13
90 – Centro salud el Pla,21 – C.P. Mariano Benlliure,16,06:17
90 – Centro salud el Pla,12 – Ambulatori de Sant Fermí,16,15:17
90 – Centro salud el Pla,52 – Centro salud el Toscar,16,18:00
39 – Francesc Cantó,41 – Dipòsit Municipal de Carrús,16,10:06
11 – Plaça de Crevillent,91 – Centro social el Pla,16,09:32
30 – Squash,76 – Puente Altamira,16,17:22
85 – Sor Josefa Alcorta 34,32 – Centre de Salut d’Altabix,16,16:15
104 – UMH-Arenals,56 – UMH / Torre Vaillo,16,04:57
55 – Pere Joan Perpinyà,103 – UMH-Altet,16,18:25
85 – Sor Josefa Alcorta 34,50 – Borreguet,16,08:52
12 – Ambulatori de Sant Fermí,73 – Plaza de la aparadora,16,04:40
105 – Almansa con Avda. Novelda,40 – C.P. Baix Vinalopó,16,18:08
84 – Fernanda Santa María 64,55 – Pere Joan Perpinyà,16,15:51
43 – Palmerars – Ciutat de la Justícia,97 – Huerto del cura,16,07:15
43 – Palmerars – Ciutat de la Justícia,39 – Francesc Cantó,16,17:50
105 – Almansa con Avda. Novelda,8 – Polivalent de Carrús,16,07:58
21 – C.P. Mariano Benlliure,70 – Libertad-Diagonal,16,11:56
3 – Plaça de la Llotja,52 – Centro salud el Toscar,16,17:11
44 – Portes Encarnades,82 – Antonio Machado 73,16,07:21
82 – Antonio Machado 73,35 – Hospital del Vinalopó,16,04:44
45 – Plaça de Barcelona,48 – Av. Corts Valencianes,16,09:33
55 – Pere Joan Perpinyà,91 – Centro social el Pla,16,06:26
55 – Pere Joan Perpinyà,84 – Fernanda Santa María 64,16,08:08
21 – C.P. Mariano Benlliure,89 – CEIP Dama d´Elx,16,07:39
10 – L’Escorxador,99 – IES La Asunción,16,06:48
111 – Avenida Alicante 38,47 – C.P. Virgen de la Asunción,15,14:05
81 – C.S. Doctor Sapena,1 – Estació d’Autobusos,15,11:08
81 – C.S. Doctor Sapena,15 – Av. Llibertat / Reina Victòria,15,06:11
45 – Plaça de Barcelona,78 – Jorge Juan 24,15,06:39
80 – Reina Victoria con Gabriel Miró,109 – Parque Huerto del Torreret,15,16:37
79 – Intercambiador pasarela,114 – Jardin Biólogo Antonio de Zulueta,15,17:39
80 – Reina Victoria con Gabriel Miró,111 – Avenida Alicante 38,15,10:04
79 – Intercambiador pasarela,8 – Polivalent de Carrús,15,07:40
46 – UMH / Rectorado,41 – Dipòsit Municipal de Carrús,15,19:21
78 – Jorge Juan 24,91 – Centro social el Pla,15,09:42
28 – Passeig de les Germanies,72 – Plaza de madrid,15,07:20
47 – C.P. Virgen de la Asunción,82 – Antonio Machado 73,15,06:32
22 – Av. Llauradors / Eslava,80 – Reina Victoria con Gabriel Miró,15,09:22
113 – Alcalde Juan Hernández,34 – Hospital General,15,06:57
113 – Alcalde Juan Hernández,26 – UMH / Escola Oficial d’Idiomes,15,18:18
5 – Centre de Congressos,75 – L´aljub,15,13:49
78 – Jorge Juan 24,103 – UMH-Altet,15,15:03
47 – C.P. Virgen de la Asunción,114 – Jardin Biólogo Antonio de Zulueta,15,21:35
78 – Jorge Juan 24,31 – Sant Antoni,15,16:11
47 – C.P. Virgen de la Asunción,103 – UMH-Altet,15,14:35
47 – C.P. Virgen de la Asunción,71 – IES Carrús,15,03:39
49 – Av. Alicante 59,102 – UMH-Altabix,15,08:58
109 – Parque Huerto del Torreret,94 – Parking Gran Teatre,15,17:00
77 – Plaza Obispo Siuri,27 – UMH / Pavelló d’Esports,15,12:57
109 – Parque Huerto del Torreret,27 – UMH / Pavelló d’Esports,15,09:32
109 – Parque Huerto del Torreret,4 – Plaça del Raval,15,16:32
77 – Plaza Obispo Siuri,39 – Francesc Cantó,15,05:36
23 – Conrado del Campo / Trinquet,51 – Ciudad deportiva zona sur,15,20:40
77 – Plaza Obispo Siuri,15 – Av. Llibertat / Reina Victòria,15,05:02
77 – Plaza Obispo Siuri,17 – Plaça de Castella,15,17:45
77 – Plaza Obispo Siuri,47 – C.P. Virgen de la Asunción,15,08:01
48 – Av. Corts Valencianes,41 – Dipòsit Municipal de Carrús,15,11:08
77 – Plaza Obispo Siuri,110 – Avda Novelda con Obispo Barrachina,15,06:12
8 – Polivalent de Carrús,42 – Multi Aventura Travaló,15,20:09
49 – Av. Alicante 59,108 – José Ferrández Cruz,15,11:55
69 – Olegario Domarco Seller 44,40 – C.P. Baix Vinalopó,15,04:11
27 – UMH / Pavelló d’Esports,109 – Parque Huerto del Torreret,15,10:14
76 – Puente Altamira,86 – El Corte Inglés,15,12:17
76 – Puente Altamira,81 – C.S. Doctor Sapena,15,08:19
71 – IES Carrús,3 – Plaça de la Llotja,15,15:53
111 – Avenida Alicante 38,21 – C.P. Mariano Benlliure,15,18:25
74 – IES Nit de l´Albà,11 – Plaça de Crevillent,15,06:17
72 – Plaza de madrid,79 – Intercambiador pasarela,15,08:23
74 – IES Nit de l´Albà,39 – Francesc Cantó,15,10:15
74 – IES Nit de l´Albà,8 – Polivalent de Carrús,15,07:56
50 – Borreguet,106 – Estadio Manolo Jaén,15,16:02
74 – IES Nit de l´Albà,78 – Jorge Juan 24,15,07:56
69 – Olegario Domarco Seller 44,80 – Reina Victoria con Gabriel Miró,15,07:39
69 – Olegario Domarco Seller 44,75 – L´aljub,15,17:26
64 – Jardín 25 de abril,12 – Ambulatori de Sant Fermí,15,06:21
110 – Avda Novelda con Obispo Barrachina,79 – Intercambiador pasarela,15,08:37
53 – C.P. Victor Pradera,35 – Hospital del Vinalopó,15,19:28
72 – Plaza de madrid,28 – Passeig de les Germanies,15,08:07
53 – C.P. Victor Pradera,73 – Plaza de la aparadora,15,15:33
85 – Sor Josefa Alcorta 34,84 – Fernanda Santa María 64,15,04:45
55 – Pere Joan Perpinyà,95 – IES Vicente Verdu,15,04:34
83 – Conrado del campo 35,48 – Av. Corts Valencianes,15,10:22
44 – Portes Encarnades,89 – CEIP Dama d´Elx,15,09:58
1 – Estació d’Autobusos,98 – IES Sixto Marco,15,08:45
83 – Conrado del campo 35,100 – C.S. Raval,15,06:31
84 – Fernanda Santa María 64,94 – Parking Gran Teatre,15,08:27
21 – C.P. Mariano Benlliure,101 – UMH-La Galia,15,16:15
83 – Conrado del campo 35,4 – Plaça del Raval,15,06:40
55 – Pere Joan Perpinyà,83 – Conrado del campo 35,15,03:36
81 – C.S. Doctor Sapena,35 – Hospital del Vinalopó,15,06:24
39 – Francesc Cantó,71 – IES Carrús,15,04:33
39 – Francesc Cantó,89 – CEIP Dama d´Elx,15,10:59
39 – Francesc Cantó,88 – Pistas del Pla,15,09:39
90 – Centro salud el Pla,94 – Parking Gran Teatre,15,09:54
89 – CEIP Dama d´Elx,94 – Parking Gran Teatre,15,10:19
89 – CEIP Dama d´Elx,49 – Av. Alicante 59,15,17:06
39 – Francesc Cantó,105 – Almansa con Avda. Novelda,15,08:07
90 – Centro salud el Pla,3 – Plaça de la Llotja,15,18:41
89 – CEIP Dama d´Elx,19 – Jesuïtines,15,09:43
88 – Pistas del Pla,80 – Reina Victoria con Gabriel Miró,15,08:59
88 – Pistas del Pla,22 – Av. Llauradors / Eslava,15,05:24
13 – Jardí del 1r de Maig,49 – Av. Alicante 59,15,14:08
103 – UMH-Altet,33 – Av. Libertat / l’Aljub,15,18:40
30 – Squash,82 – Antonio Machado 73,15,22:46
40 – C.P. Baix Vinalopó,83 – Conrado del campo 35,15,08:28
56 – UMH / Torre Vaillo,16 – Jardí d’Asp,15,12:15
87 – CEIP Sanchis Guarner,83 – Conrado del campo 35,15,06:43
41 – Dipòsit Municipal de Carrús,31 – Sant Antoni,15,16:45
87 – CEIP Sanchis Guarner,47 – C.P. Virgen de la Asunción,15,07:40
104 – UMH-Arenals,2 – Oficina de Turisme,15,13:10
40 – C.P. Baix Vinalopó,110 – Avda Novelda con Obispo Barrachina,15,08:34
81 – C.S. Doctor Sapena,39 – Francesc Cantó,15,07:56
1 – Estació d’Autobusos,110 – Avda Novelda con Obispo Barrachina,15,10:40
38 – Poliesportiu de Carrús,80 – Reina Victoria con Gabriel Miró,15,09:27
66 – Jardín escritor Juan Fuster,75 – L´aljub,15,13:31
67 – Calle Grao con Victoria Kent,13 – Jardí del 1r de Maig,15,04:29
2 – Oficina de Turisme,97 – Huerto del cura,15,12:08
93 – Parque Rey Jaume I,4 – Plaça del Raval,15,07:01
14 – Comissaria,94 – Parking Gran Teatre,15,05:56
20 – Antoni Mena / Fra Jaume Torres,81 – C.S. Doctor Sapena,15,04:57
14 – Comissaria,77 – Plaza Obispo Siuri,15,15:36
91 – Centro social el Pla,87 – CEIP Sanchis Guarner,15,06:59
66 – Jardín escritor Juan Fuster,25 – Cor de Jesús,15,11:10
66 – Jardín escritor Juan Fuster,69 – Olegario Domarco Seller 44,15,05:24
36 – I.E.S. Victoria Kent,48 – Av. Corts Valencianes,15,26:38
16 – Jardí d’Asp,64 – Jardín 25 de abril,15,03:26
36 – I.E.S. Victoria Kent,76 – Puente Altamira,15,11:56
36 – I.E.S. Victoria Kent,100 – C.S. Raval,15,13:12
94 – Parking Gran Teatre,78 – Jorge Juan 24,15,07:00
36 – I.E.S. Victoria Kent,105 – Almansa con Avda. Novelda,15,21:55
31 – Sant Antoni,38 – Poliesportiu de Carrús,15,21:08
37 – Hort de Travaló,8 – Polivalent de Carrús,15,19:48
38 – Poliesportiu de Carrús,64 – Jardín 25 de abril,15,03:13
16 – Jardí d’Asp,111 – Avenida Alicante 38,15,15:14
96 – Puente de Santa Teresa,82 – Antonio Machado 73,15,08:40
100 – C.S. Raval,80 – Reina Victoria con Gabriel Miró,15,08:42
100 – C.S. Raval,91 – Centro social el Pla,15,06:26
16 – Jardí d’Asp,68 – Arturo Salvetti Pardo,15,08:51
65 – C.P. El toscar,47 – C.P. Virgen de la Asunción,15,07:26
2 – Oficina de Turisme,65 – C.P. El toscar,15,11:21
97 – Huerto del cura,15 – Av. Llibertat / Reina Victòria,15,15:51
96 – Puente de Santa Teresa,95 – IES Vicente Verdu,15,08:38
33 – Av. Libertat / l’Aljub,110 – Avda Novelda con Obispo Barrachina,15,10:12
98 – IES Sixto Marco,26 – UMH / Escola Oficial d’Idiomes,15,10:17
17 – Plaça de Castella,106 – Estadio Manolo Jaén,15,12:25
17 – Plaça de Castella,100 – C.S. Raval,15,14:48
33 – Av. Libertat / l’Aljub,100 – C.S. Raval,15,12:43
99 – IES La Asunción,53 – C.P. Victor Pradera,15,09:21
99 – IES La Asunción,23 – Conrado del Campo / Trinquet,15,10:04
18 – Poliesportiu d’Altabix,70 – Libertad-Diagonal,15,13:31
18 – Poliesportiu d’Altabix,101 – UMH-La Galia,15,12:54
18 – Poliesportiu d’Altabix,94 – Parking Gran Teatre,15,12:18
99 – IES La Asunción,97 – Huerto del cura,15,04:37
114 – Jardin Biólogo Antonio de Zulueta,96 – Puente de Santa Teresa,15,20:38
7 – Pavelló Municipal,81 – C.S. Doctor Sapena,14,21:44
26 – UMH / Escola Oficial d’Idiomes,90 – Centro salud el Pla,14,14:13
29 – Casablanca,52 – Centro salud el Toscar,14,08:59
67 – Calle Grao con Victoria Kent,94 – Parking Gran Teatre,14,10:08
84 – Fernanda Santa María 64,47 – C.P. Virgen de la Asunción,14,04:34
102 – UMH-Altabix,94 – Parking Gran Teatre,14,11:07
115 – Passeig d´Atzavares,3 – Plaça de la Llotja,14,13:32
102 – UMH-Altabix,28 – Passeig de les Germanies,14,11:41
13 – Jardí del 1r de Maig,79 – Intercambiador pasarela,14,08:07
88 – Pistas del Pla,77 – Plaza Obispo Siuri,14,08:32
89 – CEIP Dama d´Elx,99 – IES La Asunción,14,11:43
102 – UMH-Altabix,38 – Poliesportiu de Carrús,14,09:49
80 – Reina Victoria con Gabriel Miró,98 – IES Sixto Marco,14,08:40
80 – Reina Victoria con Gabriel Miró,101 – UMH-La Galia,14,14:32
46 – UMH / Rectorado,92 – Parking Candalix,14,06:25
30 – Squash,85 – Sor Josefa Alcorta 34,14,16:14
26 – UMH / Escola Oficial d’Idiomes,98 – IES Sixto Marco,14,07:01
18 – Poliesportiu d’Altabix,84 – Fernanda Santa María 64,14,20:57
92 – Parking Candalix,19 – Jesuïtines,14,04:41
73 – Plaza de la aparadora,88 – Pistas del Pla,14,11:31
67 – Calle Grao con Victoria Kent,69 – Olegario Domarco Seller 44,14,03:18
8 – Polivalent de Carrús,78 – Jorge Juan 24,14,06:47
93 – Parque Rey Jaume I,85 – Sor Josefa Alcorta 34,14,09:58
7 – Pavelló Municipal,80 – Reina Victoria con Gabriel Miró,14,14:34
52 – Centro salud el Toscar,105 – Almansa con Avda. Novelda,14,08:43
98 – IES Sixto Marco,4 – Plaça del Raval,14,11:12
3 – Plaça de la Llotja,106 – Estadio Manolo Jaén,14,10:43
76 – Puente Altamira,44 – Portes Encarnades,14,09:46
49 – Av. Alicante 59,71 – IES Carrús,14,12:58
110 – Avda Novelda con Obispo Barrachina,18 – Poliesportiu d’Altabix,14,20:37
92 – Parking Candalix,95 – IES Vicente Verdu,14,16:32
79 – Intercambiador pasarela,36 – I.E.S. Victoria Kent,14,14:46
56 – UMH / Torre Vaillo,8 – Polivalent de Carrús,14,16:48
92 – Parking Candalix,1 – Estació d’Autobusos,14,04:08
67 – Calle Grao con Victoria Kent,12 – Ambulatori de Sant Fermí,14,06:29
88 – Pistas del Pla,19 – Jesuïtines,14,14:08
40 – C.P. Baix Vinalopó,82 – Antonio Machado 73,14,10:40
114 – Jardin Biólogo Antonio de Zulueta,71 – IES Carrús,14,13:44
28 – Passeig de les Germanies,93 – Parque Rey Jaume I,14,08:05
90 – Centro salud el Pla,2 – Oficina de Turisme,14,13:21
97 – Huerto del cura,28 – Passeig de les Germanies,14,07:45
37 – Hort de Travaló,56 – UMH / Torre Vaillo,14,13:01
33 – Av. Libertat / l’Aljub,51 – Ciudad deportiva zona sur,14,20:19
83 – Conrado del campo 35,38 – Poliesportiu de Carrús,14,13:53
105 – Almansa con Avda. Novelda,48 – Av. Corts Valencianes,14,08:06
97 – Huerto del cura,55 – Pere Joan Perpinyà,14,17:09
32 – Centre de Salut d’Altabix,89 – CEIP Dama d´Elx,14,22:07
92 – Parking Candalix,9 – Biblioteca de Sant Josep,14,09:57
47 – C.P. Virgen de la Asunción,72 – Plaza de madrid,14,05:03
78 – Jorge Juan 24,32 – Centre de Salut d’Altabix,14,15:50
94 – Parking Gran Teatre,93 – Parque Rey Jaume I,14,07:19
104 – UMH-Arenals,103 – UMH-Altet,14,12:00
98 – IES Sixto Marco,49 – Av. Alicante 59,14,05:47
30 – Squash,78 – Jorge Juan 24,14,16:33
81 – C.S. Doctor Sapena,22 – Av. Llauradors / Eslava,14,09:43
70 – Libertad-Diagonal,94 – Parking Gran Teatre,14,10:59
83 – Conrado del campo 35,47 – C.P. Virgen de la Asunción,14,05:58
55 – Pere Joan Perpinyà,71 – IES Carrús,14,10:50
48 – Av. Corts Valencianes,10 – L’Escorxador,14,19:17
48 – Av. Corts Valencianes,27 – UMH / Pavelló d’Esports,14,17:25
78 – Jorge Juan 24,54 – Plaza de Benidorm,14,09:14
113 – Alcalde Juan Hernández,25 – Cor de Jesús,14,15:36
113 – Alcalde Juan Hernández,30 – Squash,14,04:39
42 – Multi Aventura Travaló,46 – UMH / Rectorado,14,15:50
42 – Multi Aventura Travaló,27 – UMH / Pavelló d’Esports,14,20:29
72 – Plaza de madrid,102 – UMH-Altabix,14,14:21
46 – UMH / Rectorado,69 – Olegario Domarco Seller 44,14,13:50
109 – Parque Huerto del Torreret,107 – Josefina Manresa,14,05:57
39 – Francesc Cantó,77 – Plaza Obispo Siuri,14,04:28
70 – Libertad-Diagonal,110 – Avda Novelda con Obispo Barrachina,14,07:07
63 – CEIP Eugeni d’Ors,64 – Jardín 25 de abril,14,02:58
63 – CEIP Eugeni d’Ors,75 – L´aljub,14,11:08
87 – CEIP Sanchis Guarner,110 – Avda Novelda con Obispo Barrachina,14,12:39
78 – Jorge Juan 24,25 – Cor de Jesús,14,07:39
48 – Av. Corts Valencianes,3 – Plaça de la Llotja,14,24:07
83 – Conrado del campo 35,19 – Jesuïtines,14,10:17
108 – José Ferrández Cruz,102 – UMH-Altabix,14,10:43
32 – Centre de Salut d’Altabix,68 – Arturo Salvetti Pardo,14,16:18
103 – UMH-Altet,20 – Antoni Mena / Fra Jaume Torres,14,17:02
66 – Jardín escritor Juan Fuster,6 – Ajuntament,14,11:29
72 – Plaza de madrid,48 – Av. Corts Valencianes,14,06:02
52 – Centro salud el Toscar,49 – Av. Alicante 59,14,20:32
26 – UMH / Escola Oficial d’Idiomes,73 – Plaza de la aparadora,14,12:43
4 – Plaça del Raval,81 – C.S. Doctor Sapena,14,08:26
53 – C.P. Victor Pradera,78 – Jorge Juan 24,14,11:45
53 – C.P. Victor Pradera,86 – El Corte Inglés,14,16:54
10 – L’Escorxador,90 – Centro salud el Pla,14,07:25
8 – Polivalent de Carrús,103 – UMH-Altet,14,11:54
75 – L´aljub,45 – Plaça de Barcelona,14,17:50
101 – UMH-La Galia,113 – Alcalde Juan Hernández,14,11:31
54 – Plaza de Benidorm,79 – Intercambiador pasarela,14,09:09
77 – Plaza Obispo Siuri,78 – Jorge Juan 24,14,05:39
19 – Jesuïtines,83 – Conrado del campo 35,14,10:52
86 – El Corte Inglés,32 – Centre de Salut d’Altabix,14,23:26
65 – C.P. El toscar,73 – Plaza de la aparadora,14,03:43
98 – IES Sixto Marco,108 – José Ferrández Cruz,14,15:55
38 – Poliesportiu de Carrús,42 – Multi Aventura Travaló,14,19:28
113 – Alcalde Juan Hernández,115 – Passeig d´Atzavares,14,08:38
34 – Hospital General,16 – Jardí d’Asp,14,21:18
98 – IES Sixto Marco,80 – Reina Victoria con Gabriel Miró,14,09:55
80 – Reina Victoria con Gabriel Miró,36 – I.E.S. Victoria Kent,14,15:45
87 – CEIP Sanchis Guarner,75 – L´aljub,14,08:28
110 – Avda Novelda con Obispo Barrachina,36 – I.E.S. Victoria Kent,14,19:58
27 – UMH / Pavelló d’Esports,35 – Hospital del Vinalopó,14,20:56
39 – Francesc Cantó,51 – Ciudad deportiva zona sur,14,18:25
15 – Av. Llibertat / Reina Victòria,94 – Parking Gran Teatre,14,11:29
56 – UMH / Torre Vaillo,101 – UMH-La Galia,14,04:57
65 – C.P. El toscar,8 – Polivalent de Carrús,14,02:24
101 – UMH-La Galia,26 – UMH / Escola Oficial d’Idiomes,14,11:21
110 – Avda Novelda con Obispo Barrachina,44 – Portes Encarnades,14,13:55
93 – Parque Rey Jaume I,22 – Av. Llauradors / Eslava,14,12:15
54 – Plaza de Benidorm,85 – Sor Josefa Alcorta 34,14,18:18
27 – UMH / Pavelló d’Esports,113 – Alcalde Juan Hernández,14,08:53
21 – C.P. Mariano Benlliure,77 – Plaza Obispo Siuri,14,07:37
87 – CEIP Sanchis Guarner,21 – C.P. Mariano Benlliure,14,09:02
41 – Dipòsit Municipal de Carrús,50 – Borreguet,14,19:20
20 – Antoni Mena / Fra Jaume Torres,51 – Ciudad deportiva zona sur,14,21:16
107 – Josefina Manresa,30 – Squash,14,06:56
41 – Dipòsit Municipal de Carrús,42 – Multi Aventura Travaló,14,25:01
49 – Av. Alicante 59,39 – Francesc Cantó,14,16:12
49 – Av. Alicante 59,16 – Jardí d’Asp,14,19:31
20 – Antoni Mena / Fra Jaume Torres,46 – UMH / Rectorado,14,22:37
80 – Reina Victoria con Gabriel Miró,30 – Squash,14,17:13
81 – C.S. Doctor Sapena,72 – Plaza de madrid,14,05:47
81 – C.S. Doctor Sapena,73 – Plaza de la aparadora,14,07:17
11 – Plaça de Crevillent,69 – Olegario Domarco Seller 44,14,12:01
30 – Squash,100 – C.S. Raval,14,15:40
16 – Jardí d’Asp,65 – C.P. El toscar,14,03:25
2 – Oficina de Turisme,86 – El Corte Inglés,14,15:52
49 – Av. Alicante 59,100 – C.S. Raval,14,12:07
89 – CEIP Dama d´Elx,25 – Cor de Jesús,14,08:13
45 – Plaça de Barcelona,84 – Fernanda Santa María 64,14,07:27
25 – Cor de Jesús,70 – Libertad-Diagonal,14,05:36
115 – Passeig d´Atzavares,113 – Alcalde Juan Hernández,14,05:59
25 – Cor de Jesús,86 – El Corte Inglés,14,11:11
115 – Passeig d´Atzavares,94 – Parking Gran Teatre,13,16:19
115 – Passeig d´Atzavares,97 – Huerto del cura,13,14:46
25 – Cor de Jesús,82 – Antonio Machado 73,13,07:51
89 – CEIP Dama d´Elx,88 – Pistas del Pla,13,06:55
13 – Jardí del 1r de Maig,84 – Fernanda Santa María 64,13,09:40
115 – Passeig d´Atzavares,91 – Centro social el Pla,13,22:06
30 – Squash,97 – Huerto del cura,13,14:37
30 – Squash,98 – IES Sixto Marco,13,09:05
84 – Fernanda Santa María 64,2 – Oficina de Turisme,13,15:43
46 – UMH / Rectorado,111 – Avenida Alicante 38,13,07:28
92 – Parking Candalix,28 – Passeig de les Germanies,13,07:50
110 – Avda Novelda con Obispo Barrachina,53 – C.P. Victor Pradera,13,11:02
110 – Avda Novelda con Obispo Barrachina,55 – Pere Joan Perpinyà,13,10:32
110 – Avda Novelda con Obispo Barrachina,38 – Poliesportiu de Carrús,13,06:56
50 – Borreguet,83 – Conrado del campo 35,13,07:38
109 – Parque Huerto del Torreret,98 – IES Sixto Marco,13,10:30
70 – Libertad-Diagonal,100 – C.S. Raval,13,11:07
30 – Squash,104 – UMH-Arenals,13,08:54
49 – Av. Alicante 59,98 – IES Sixto Marco,13,05:42
108 – José Ferrández Cruz,27 – UMH / Pavelló d’Esports,13,07:17
14 – Comissaria,93 – Parque Rey Jaume I,13,06:59
52 – Centro salud el Toscar,110 – Avda Novelda con Obispo Barrachina,13,05:22
98 – IES Sixto Marco,3 – Plaça de la Llotja,13,05:34
49 – Av. Alicante 59,104 – UMH-Arenals,13,05:37
11 – Plaça de Crevillent,71 – IES Carrús,13,06:30
11 – Plaça de Crevillent,81 – C.S. Doctor Sapena,13,04:15
35 – Hospital del Vinalopó,81 – C.S. Doctor Sapena,13,07:31
50 – Borreguet,77 – Plaza Obispo Siuri,13,12:06
96 – Puente de Santa Teresa,36 – I.E.S. Victoria Kent,13,15:48
49 – Av. Alicante 59,35 – Hospital del Vinalopó,13,19:52
76 – Puente Altamira,98 – IES Sixto Marco,13,11:39
93 – Parque Rey Jaume I,19 – Jesuïtines,13,12:02
14 – Comissaria,113 – Alcalde Juan Hernández,13,08:39
104 – UMH-Arenals,42 – Multi Aventura Travaló,13,25:34
100 – C.S. Raval,23 – Conrado del Campo / Trinquet,13,06:24
67 – Calle Grao con Victoria Kent,14 – Comissaria,13,22:21
95 – IES Vicente Verdu,96 – Puente de Santa Teresa,13,09:07
16 – Jardí d’Asp,76 – Puente Altamira,13,12:08
88 – Pistas del Pla,25 – Cor de Jesús,13,10:10
40 – C.P. Baix Vinalopó,88 – Pistas del Pla,13,13:16
48 – Av. Corts Valencianes,89 – CEIP Dama d´Elx,13,10:48
35 – Hospital del Vinalopó,74 – IES Nit de l´Albà,13,09:56
65 – C.P. El toscar,2 – Oficina de Turisme,13,10:14
110 – Avda Novelda con Obispo Barrachina,96 – Puente de Santa Teresa,13,11:00
39 – Francesc Cantó,67 – Calle Grao con Victoria Kent,13,09:05
48 – Av. Corts Valencianes,86 – El Corte Inglés,13,07:10
93 – Parque Rey Jaume I,23 – Conrado del Campo / Trinquet,13,11:24
28 – Passeig de les Germanies,99 – IES La Asunción,13,09:10
13 – Jardí del 1r de Maig,67 – Calle Grao con Victoria Kent,13,06:49
63 – CEIP Eugeni d’Ors,35 – Hospital del Vinalopó,13,13:38
88 – Pistas del Pla,44 – Portes Encarnades,13,06:59
79 – Intercambiador pasarela,54 – Plaza de Benidorm,13,09:21
97 – Huerto del cura,53 – C.P. Victor Pradera,13,10:05
12 – Ambulatori de Sant Fermí,71 – IES Carrús,13,12:09
83 – Conrado del campo 35,9 – Biblioteca de Sant Josep,13,06:56
95 – IES Vicente Verdu,44 – Portes Encarnades,13,15:27
27 – UMH / Pavelló d’Esports,55 – Pere Joan Perpinyà,13,18:11
52 – Centro salud el Toscar,67 – Calle Grao con Victoria Kent,13,09:35
104 – UMH-Arenals,27 – UMH / Pavelló d’Esports,13,10:12
34 – Hospital General,82 – Antonio Machado 73,13,14:12
67 – Calle Grao con Victoria Kent,22 – Av. Llauradors / Eslava,13,17:28
103 – UMH-Altet,72 – Plaza de madrid,13,14:58
85 – Sor Josefa Alcorta 34,53 – C.P. Victor Pradera,13,19:08
85 – Sor Josefa Alcorta 34,54 – Plaza de Benidorm,13,17:30
14 – Comissaria,97 – Huerto del cura,13,11:35
113 – Alcalde Juan Hernández,49 – Av. Alicante 59,13,07:59
100 – C.S. Raval,26 – UMH / Escola Oficial d’Idiomes,13,15:24
67 – Calle Grao con Victoria Kent,4 – Plaça del Raval,13,09:08
12 – Ambulatori de Sant Fermí,97 – Huerto del cura,13,15:25
85 – Sor Josefa Alcorta 34,15 – Av. Llibertat / Reina Victòria,13,15:43
51 – Ciudad deportiva zona sur,77 – Plaza Obispo Siuri,13,16:37
36 – I.E.S. Victoria Kent,94 – Parking Gran Teatre,13,12:07
63 – CEIP Eugeni d’Ors,3 – Plaça de la Llotja,13,15:43
3 – Plaça de la Llotja,97 – Huerto del cura,13,07:23
45 – Plaça de Barcelona,74 – IES Nit de l´Albà,13,07:19
31 – Sant Antoni,109 – Parque Huerto del Torreret,13,08:11
20 – Antoni Mena / Fra Jaume Torres,48 – Av. Corts Valencianes,13,12:14
25 – Cor de Jesús,100 – C.S. Raval,13,08:29
107 – Josefina Manresa,17 – Plaça de Castella,13,10:22
86 – El Corte Inglés,82 – Antonio Machado 73,13,03:53
86 – El Corte Inglés,71 – IES Carrús,13,09:37
14 – Comissaria,80 – Reina Victoria con Gabriel Miró,13,17:43
48 – Av. Corts Valencianes,73 – Plaza de la aparadora,13,04:50
96 – Puente de Santa Teresa,87 – CEIP Sanchis Guarner,13,08:51
70 – Libertad-Diagonal,83 – Conrado del campo 35,13,07:12
37 – Hort de Travaló,106 – Estadio Manolo Jaén,13,10:35
66 – Jardín escritor Juan Fuster,110 – Avda Novelda con Obispo Barrachina,13,05:29
83 – Conrado del campo 35,77 – Plaza Obispo Siuri,13,07:38
112 – CEIP San Fernando,32 – Centre de Salut d’Altabix,13,06:20
86 – El Corte Inglés,36 – I.E.S. Victoria Kent,13,21:17
107 – Josefina Manresa,98 – IES Sixto Marco,13,12:04
18 – Poliesportiu d’Altabix,78 – Jorge Juan 24,13,19:22
38 – Poliesportiu de Carrús,56 – UMH / Torre Vaillo,13,08:24
101 – UMH-La Galia,88 – Pistas del Pla,13,13:38
111 – Avenida Alicante 38,100 – C.S. Raval,13,12:09
55 – Pere Joan Perpinyà,42 – Multi Aventura Travaló,13,18:14
21 – C.P. Mariano Benlliure,84 – Fernanda Santa María 64,13,05:10
22 – Av. Llauradors / Eslava,43 – Palmerars – Ciutat de la Justícia,13,15:00
80 – Reina Victoria con Gabriel Miró,69 – Olegario Domarco Seller 44,13,08:14
80 – Reina Victoria con Gabriel Miró,71 – IES Carrús,13,07:43
80 – Reina Victoria con Gabriel Miró,114 – Jardin Biólogo Antonio de Zulueta,13,21:02
48 – Av. Corts Valencianes,44 – Portes Encarnades,13,18:04
66 – Jardín escritor Juan Fuster,33 – Av. Libertat / l’Aljub,13,13:13
66 – Jardín escritor Juan Fuster,38 – Poliesportiu de Carrús,13,14:57
44 – Portes Encarnades,48 – Av. Corts Valencianes,13,18:37
69 – Olegario Domarco Seller 44,30 – Squash,13,14:34
30 – Squash,109 – Parque Huerto del Torreret,13,08:24
109 – Parque Huerto del Torreret,56 – UMH / Torre Vaillo,13,15:14
34 – Hospital General,115 – Passeig d´Atzavares,13,11:24
17 – Plaça de Castella,48 – Av. Corts Valencianes,13,27:04
2 – Oficina de Turisme,114 – Jardin Biólogo Antonio de Zulueta,13,14:43
82 – Antonio Machado 73,94 – Parking Gran Teatre,13,09:50
112 – CEIP San Fernando,19 – Jesuïtines,13,08:36
111 – Avenida Alicante 38,115 – Passeig d´Atzavares,13,11:39
42 – Multi Aventura Travaló,15 – Av. Llibertat / Reina Victòria,13,22:00
52 – Centro salud el Toscar,48 – Av. Corts Valencianes,13,04:49
52 – Centro salud el Toscar,78 – Jorge Juan 24,13,07:37
26 – UMH / Escola Oficial d’Idiomes,67 – Calle Grao con Victoria Kent,13,07:20
72 – Plaza de madrid,33 – Av. Libertat / l’Aljub,13,10:05
44 – Portes Encarnades,76 – Puente Altamira,13,09:21
107 – Josefina Manresa,18 – Poliesportiu d’Altabix,13,04:16
53 – C.P. Victor Pradera,79 – Intercambiador pasarela,13,11:15
84 – Fernanda Santa María 64,20 – Antoni Mena / Fra Jaume Torres,13,03:58
29 – Casablanca,70 – Libertad-Diagonal,13,05:30
92 – Parking Candalix,49 – Av. Alicante 59,13,09:34
18 – Poliesportiu d’Altabix,107 – Josefina Manresa,13,03:27
88 – Pistas del Pla,85 – Sor Josefa Alcorta 34,13,08:38
114 – Jardin Biólogo Antonio de Zulueta,79 – Intercambiador pasarela,13,18:12
40 – C.P. Baix Vinalopó,78 – Jorge Juan 24,13,07:05
71 – IES Carrús,35 – Hospital del Vinalopó,13,12:38
71 – IES Carrús,39 – Francesc Cantó,13,04:16
80 – Reina Victoria con Gabriel Miró,103 – UMH-Altet,13,13:51
99 – IES La Asunción,91 – Centro social el Pla,13,16:36
115 – Passeig d´Atzavares,42 – Multi Aventura Travaló,13,07:01
76 – Puente Altamira,29 – Casablanca,13,08:16
8 – Polivalent de Carrús,73 – Plaza de la aparadora,13,02:32
89 – CEIP Dama d´Elx,81 – C.S. Doctor Sapena,13,08:46
20 – Antoni Mena / Fra Jaume Torres,73 – Plaza de la aparadora,13,10:48
45 – Plaça de Barcelona,75 – L´aljub,13,11:53
80 – Reina Victoria con Gabriel Miró,77 – Plaza Obispo Siuri,13,06:32
102 – UMH-Altabix,71 – IES Carrús,13,11:24
102 – UMH-Altabix,76 – Puente Altamira,13,08:40
45 – Plaça de Barcelona,81 – C.S. Doctor Sapena,12,06:50
23 – Conrado del Campo / Trinquet,70 – Libertad-Diagonal,12,11:46
31 – Sant Antoni,41 – Dipòsit Municipal de Carrús,12,20:03
8 – Polivalent de Carrús,74 – IES Nit de l´Albà,12,06:23
76 – Puente Altamira,27 – UMH / Pavelló d’Esports,12,12:10
88 – Pistas del Pla,101 – UMH-La Galia,12,18:41
89 – CEIP Dama d´Elx,5 – Centre de Congressos,12,10:57
102 – UMH-Altabix,85 – Sor Josefa Alcorta 34,12,15:22
84 – Fernanda Santa María 64,38 – Poliesportiu de Carrús,12,11:34
84 – Fernanda Santa María 64,91 – Centro social el Pla,12,04:24
67 – Calle Grao con Victoria Kent,90 – Centro salud el Pla,12,11:46
29 – Casablanca,54 – Plaza de Benidorm,12,12:06
7 – Pavelló Municipal,71 – IES Carrús,12,17:58
94 – Parking Gran Teatre,6 – Ajuntament,12,06:04
80 – Reina Victoria con Gabriel Miró,39 – Francesc Cantó,12,10:17
13 – Jardí del 1r de Maig,51 – Ciudad deportiva zona sur,12,17:31
87 – CEIP Sanchis Guarner,91 – Centro social el Pla,12,05:23
103 – UMH-Altet,96 – Puente de Santa Teresa,12,11:45
4 – Plaça del Raval,76 – Puente Altamira,12,10:24
4 – Plaça del Raval,75 – L´aljub,12,12:52
77 – Plaza Obispo Siuri,90 – Centro salud el Pla,12,10:41
74 – IES Nit de l´Albà,88 – Pistas del Pla,12,07:29
74 – IES Nit de l´Albà,86 – El Corte Inglés,12,07:22
69 – Olegario Domarco Seller 44,77 – Plaza Obispo Siuri,12,08:34
107 – Josefina Manresa,106 – Estadio Manolo Jaén,12,04:16
34 – Hospital General,112 – CEIP San Fernando,12,06:44
96 – Puente de Santa Teresa,102 – UMH-Altabix,12,13:37
25 – Cor de Jesús,93 – Parque Rey Jaume I,12,07:46
110 – Avda Novelda con Obispo Barrachina,76 – Puente Altamira,12,06:38
66 – Jardín escritor Juan Fuster,7 – Pavelló Municipal,12,14:50
91 – Centro social el Pla,25 – Cor de Jesús,12,11:46
5 – Centre de Congressos,94 – Parking Gran Teatre,12,05:22
91 – Centro social el Pla,70 – Libertad-Diagonal,12,13:52
91 – Centro social el Pla,64 – Jardín 25 de abril,12,23:28
48 – Av. Corts Valencianes,50 – Borreguet,12,15:27
24 – Policia Local,115 – Passeig d´Atzavares,12,21:27
15 – Av. Llibertat / Reina Victòria,101 – UMH-La Galia,12,14:24
17 – Plaça de Castella,74 – IES Nit de l´Albà,12,21:22
80 – Reina Victoria con Gabriel Miró,67 – Calle Grao con Victoria Kent,12,13:06
46 – UMH / Rectorado,10 – L’Escorxador,12,14:27
39 – Francesc Cantó,86 – El Corte Inglés,12,11:25
105 – Almansa con Avda. Novelda,81 – C.S. Doctor Sapena,12,11:02
11 – Plaça de Crevillent,89 – CEIP Dama d´Elx,12,05:51
46 – UMH / Rectorado,79 – Intercambiador pasarela,12,10:30
46 – UMH / Rectorado,75 – L´aljub,12,20:05
79 – Intercambiador pasarela,92 – Parking Candalix,12,05:12
22 – Av. Llauradors / Eslava,78 – Jorge Juan 24,12,14:21
22 – Av. Llauradors / Eslava,71 – IES Carrús,12,13:04
22 – Av. Llauradors / Eslava,70 – Libertad-Diagonal,12,11:34
93 – Parque Rey Jaume I,69 – Olegario Domarco Seller 44,12,17:52
81 – C.S. Doctor Sapena,46 – UMH / Rectorado,12,14:15
86 – El Corte Inglés,80 – Reina Victoria con Gabriel Miró,12,11:17
54 – Plaza de Benidorm,97 – Huerto del cura,12,05:46
82 – Antonio Machado 73,55 – Pere Joan Perpinyà,12,05:01
70 – Libertad-Diagonal,18 – Poliesportiu d’Altabix,12,16:39
54 – Plaza de Benidorm,88 – Pistas del Pla,12,14:24
18 – Poliesportiu d’Altabix,73 – Plaza de la aparadora,12,17:04
65 – C.P. El toscar,53 – C.P. Victor Pradera,12,15:04
105 – Almansa con Avda. Novelda,13 – Jardí del 1r de Maig,12,10:41
97 – Huerto del cura,19 – Jesuïtines,12,12:04
24 – Policia Local,45 – Plaça de Barcelona,12,16:20
24 – Policia Local,41 – Dipòsit Municipal de Carrús,12,22:30
98 – IES Sixto Marco,102 – UMH-Altabix,12,08:37
69 – Olegario Domarco Seller 44,23 – Conrado del Campo / Trinquet,12,10:23
33 – Av. Libertat / l’Aljub,72 – Plaza de madrid,12,09:00
112 – CEIP San Fernando,31 – Sant Antoni,12,07:41
55 – Pere Joan Perpinyà,89 – CEIP Dama d´Elx,12,06:02
45 – Plaça de Barcelona,94 – Parking Gran Teatre,12,10:09
45 – Plaça de Barcelona,93 – Parque Rey Jaume I,12,10:48
81 – C.S. Doctor Sapena,25 – Cor de Jesús,12,06:55
77 – Plaza Obispo Siuri,50 – Borreguet,12,10:46
25 – Cor de Jesús,110 – Avda Novelda con Obispo Barrachina,12,10:47
86 – El Corte Inglés,90 – Centro salud el Pla,12,07:06
86 – El Corte Inglés,83 – Conrado del campo 35,12,07:30
98 – IES Sixto Marco,32 – Centre de Salut d’Altabix,12,12:17
98 – IES Sixto Marco,86 – El Corte Inglés,12,18:47
70 – Libertad-Diagonal,78 – Jorge Juan 24,12,05:03
81 – C.S. Doctor Sapena,70 – Libertad-Diagonal,12,07:23
8 – Polivalent de Carrús,87 – CEIP Sanchis Guarner,12,09:53
63 – CEIP Eugeni d’Ors,5 – Centre de Congressos,12,15:35
73 – Plaza de la aparadora,97 – Huerto del cura,12,13:06
73 – Plaza de la aparadora,89 – CEIP Dama d´Elx,12,10:06
36 – I.E.S. Victoria Kent,91 – Centro social el Pla,12,17:31
47 – C.P. Virgen de la Asunción,76 – Puente Altamira,12,11:12
26 – UMH / Escola Oficial d’Idiomes,113 – Alcalde Juan Hernández,12,11:09
96 – Puente de Santa Teresa,99 – IES La Asunción,12,09:20
85 – Sor Josefa Alcorta 34,14 – Comissaria,12,10:08
92 – Parking Candalix,5 – Centre de Congressos,12,06:25
32 – Centre de Salut d’Altabix,86 – El Corte Inglés,12,21:20
22 – Av. Llauradors / Eslava,82 – Antonio Machado 73,12,08:47
4 – Plaça del Raval,112 – CEIP San Fernando,12,10:35
66 – Jardín escritor Juan Fuster,72 – Plaza de madrid,12,07:53
67 – Calle Grao con Victoria Kent,20 – Antoni Mena / Fra Jaume Torres,12,13:00
85 – Sor Josefa Alcorta 34,30 – Squash,12,17:06
9 – Biblioteca de Sant Josep,69 – Olegario Domarco Seller 44,12,10:57
109 – Parque Huerto del Torreret,24 – Policia Local,12,07:59
72 – Plaza de madrid,19 – Jesuïtines,12,14:09
72 – Plaza de madrid,15 – Av. Llibertat / Reina Victòria,12,03:46
37 – Hort de Travaló,98 – IES Sixto Marco,12,14:28
10 – L’Escorxador,48 – Av. Corts Valencianes,12,19:58
90 – Centro salud el Pla,93 – Parque Rey Jaume I,12,11:28
31 – Sant Antoni,115 – Passeig d´Atzavares,12,14:59
31 – Sant Antoni,111 – Avenida Alicante 38,12,06:53
19 – Jesuïtines,115 – Passeig d´Atzavares,12,14:13
95 – IES Vicente Verdu,3 – Plaça de la Llotja,12,18:13
12 – Ambulatori de Sant Fermí,72 – Plaza de madrid,12,04:42
99 – IES La Asunción,34 – Hospital General,12,02:46
99 – IES La Asunción,28 – Passeig de les Germanies,12,11:50
27 – UMH / Pavelló d’Esports,85 – Sor Josefa Alcorta 34,12,18:58
73 – Plaza de la aparadora,83 – Conrado del campo 35,12,07:30
51 – Ciudad deportiva zona sur,94 – Parking Gran Teatre,12,12:00
97 – Huerto del cura,6 – Ajuntament,12,10:22
31 – Sant Antoni,76 – Puente Altamira,12,12:33
5 – Centre de Congressos,108 – José Ferrández Cruz,12,21:18
38 – Poliesportiu de Carrús,71 – IES Carrús,12,09:22
110 – Avda Novelda con Obispo Barrachina,39 – Francesc Cantó,12,11:02
39 – Francesc Cantó,64 – Jardín 25 de abril,12,05:54
87 – CEIP Sanchis Guarner,19 – Jesuïtines,12,16:39
50 – Borreguet,70 – Libertad-Diagonal,12,10:55
35 – Hospital del Vinalopó,18 – Poliesportiu d’Altabix,12,26:57
19 – Jesuïtines,90 – Centro salud el Pla,12,11:39
65 – C.P. El toscar,25 – Cor de Jesús,12,07:23
106 – Estadio Manolo Jaén,37 – Hort de Travaló,12,11:51
8 – Polivalent de Carrús,81 – C.S. Doctor Sapena,12,08:38
97 – Huerto del cura,3 – Plaça de la Llotja,12,07:19
83 – Conrado del campo 35,99 – IES La Asunción,12,12:31
38 – Poliesportiu de Carrús,108 – José Ferrández Cruz,12,15:43
68 – Arturo Salvetti Pardo,1 – Estació d’Autobusos,12,08:57
78 – Jorge Juan 24,109 – Parque Huerto del Torreret,12,20:43
106 – Estadio Manolo Jaén,27 – UMH / Pavelló d’Esports,12,08:58
87 – CEIP Sanchis Guarner,44 – Portes Encarnades,12,11:58
107 – Josefina Manresa,40 – C.P. Baix Vinalopó,12,12:55
77 – Plaza Obispo Siuri,29 – Casablanca,12,09:01
114 – Jardin Biólogo Antonio de Zulueta,5 – Centre de Congressos,12,12:44
4 – Plaça del Raval,48 – Av. Corts Valencianes,12,18:10
69 – Olegario Domarco Seller 44,96 – Puente de Santa Teresa,12,09:40
70 – Libertad-Diagonal,29 – Casablanca,12,06:05
53 – C.P. Victor Pradera,83 – Conrado del campo 35,12,19:03
75 – L´aljub,72 – Plaza de madrid,12,10:33
75 – L´aljub,91 – Centro social el Pla,12,10:45
110 – Avda Novelda con Obispo Barrachina,81 – C.S. Doctor Sapena,12,07:30
71 – IES Carrús,23 – Conrado del Campo / Trinquet,12,12:03
111 – Avenida Alicante 38,76 – Puente Altamira,12,10:09
9 – Biblioteca de Sant Josep,98 – IES Sixto Marco,12,09:31
9 – Biblioteca de Sant Josep,95 – IES Vicente Verdu,12,08:08
12 – Ambulatori de Sant Fermí,99 – IES La Asunción,12,14:03
92 – Parking Candalix,12 – Ambulatori de Sant Fermí,12,05:58
14 – Comissaria,85 – Sor Josefa Alcorta 34,12,11:58
113 – Alcalde Juan Hernández,7 – Pavelló Municipal,12,07:57
76 – Puente Altamira,32 – Centre de Salut d’Altabix,12,14:28
33 – Av. Libertat / l’Aljub,84 – Fernanda Santa María 64,12,07:27
70 – Libertad-Diagonal,50 – Borreguet,12,10:21
26 – UMH / Escola Oficial d’Idiomes,41 – Dipòsit Municipal de Carrús,12,17:38
21 – C.P. Mariano Benlliure,24 – Policia Local,12,21:15
17 – Plaça de Castella,86 – El Corte Inglés,12,21:39
30 – Squash,77 – Plaza Obispo Siuri,12,21:13
75 – L´aljub,35 – Hospital del Vinalopó,12,07:04
43 – Palmerars – Ciutat de la Justícia,51 – Ciudad deportiva zona sur,12,11:16
79 – Intercambiador pasarela,6 – Ajuntament,12,14:20
79 – Intercambiador pasarela,3 – Plaça de la Llotja,12,11:54
92 – Parking Candalix,79 – Intercambiador pasarela,12,04:58
84 – Fernanda Santa María 64,11 – Plaça de Crevillent,12,03:31
30 – Squash,96 – Puente de Santa Teresa,12,17:05
36 – I.E.S. Victoria Kent,110 – Avda Novelda con Obispo Barrachina,12,22:10
37 – Hort de Travaló,13 – Jardí del 1r de Maig,12,29:43
73 – Plaza de la aparadora,48 – Av. Corts Valencianes,12,04:17
73 – Plaza de la aparadora,35 – Hospital del Vinalopó,12,09:59
73 – Plaza de la aparadora,26 – UMH / Escola Oficial d’Idiomes,12,15:28
26 – UMH / Escola Oficial d’Idiomes,92 – Parking Candalix,12,04:28
73 – Plaza de la aparadora,21 – C.P. Mariano Benlliure,12,07:33
73 – Plaza de la aparadora,15 – Av. Llibertat / Reina Victòria,12,06:09
16 – Jardí d’Asp,96 – Puente de Santa Teresa,12,18:14
115 – Passeig d´Atzavares,34 – Hospital General,12,13:26
106 – Estadio Manolo Jaén,77 – Plaza Obispo Siuri,11,13:56
16 – Jardí d’Asp,94 – Parking Gran Teatre,11,11:00
49 – Av. Alicante 59,88 – Pistas del Pla,11,16:42
49 – Av. Alicante 59,95 – IES Vicente Verdu,11,18:26
14 – Comissaria,38 – Poliesportiu de Carrús,11,19:54
89 – CEIP Dama d´Elx,31 – Sant Antoni,11,19:42
89 – CEIP Dama d´Elx,71 – IES Carrús,11,13:40
76 – Puente Altamira,39 – Francesc Cantó,11,09:47
76 – Puente Altamira,84 – Fernanda Santa María 64,11,07:39
53 – C.P. Victor Pradera,69 – Olegario Domarco Seller 44,11,11:31
7 – Pavelló Municipal,78 – Jorge Juan 24,11,14:58
37 – Hort de Travaló,111 – Avenida Alicante 38,11,11:20
8 – Polivalent de Carrús,79 – Intercambiador pasarela,11,07:14
28 – Passeig de les Germanies,84 – Fernanda Santa María 64,11,05:07
1 – Estació d’Autobusos,107 – Josefina Manresa,11,11:48
31 – Sant Antoni,85 – Sor Josefa Alcorta 34,11,15:06
19 – Jesuïtines,41 – Dipòsit Municipal de Carrús,11,19:51
84 – Fernanda Santa María 64,5 – Centre de Congressos,11,12:16
79 – Intercambiador pasarela,32 – Centre de Salut d’Altabix,11,13:54
10 – L’Escorxador,39 – Francesc Cantó,11,20:48
79 – Intercambiador pasarela,30 – Squash,11,16:48
110 – Avda Novelda con Obispo Barrachina,8 – Polivalent de Carrús,11,02:55
104 – UMH-Arenals,88 – Pistas del Pla,11,17:00
76 – Puente Altamira,65 – C.P. El toscar,11,08:06
71 – IES Carrús,9 – Biblioteca de Sant Josep,11,15:29
81 – C.S. Doctor Sapena,8 – Polivalent de Carrús,11,07:16
29 – Casablanca,77 – Plaza Obispo Siuri,11,08:00
100 – C.S. Raval,20 – Antoni Mena / Fra Jaume Torres,11,08:00
84 – Fernanda Santa María 64,1 – Estació d’Autobusos,11,16:00
83 – Conrado del campo 35,89 – CEIP Dama d´Elx,11,08:19
14 – Comissaria,112 – CEIP San Fernando,11,06:29
83 – Conrado del campo 35,46 – UMH / Rectorado,11,15:50
68 – Arturo Salvetti Pardo,2 – Oficina de Turisme,11,08:07
110 – Avda Novelda con Obispo Barrachina,20 – Antoni Mena / Fra Jaume Torres,11,07:49
67 – Calle Grao con Victoria Kent,78 – Jorge Juan 24,11,08:19
3 – Plaça de la Llotja,48 – Av. Corts Valencianes,11,18:35
114 – Jardin Biólogo Antonio de Zulueta,44 – Portes Encarnades,11,19:57
15 – Av. Llibertat / Reina Victòria,105 – Almansa con Avda. Novelda,11,11:23
34 – Hospital General,70 – Libertad-Diagonal,11,15:50
17 – Plaça de Castella,105 – Almansa con Avda. Novelda,11,22:24
71 – IES Carrús,55 – Pere Joan Perpinyà,11,16:35
80 – Reina Victoria con Gabriel Miró,52 – Centro salud el Toscar,11,13:33
39 – Francesc Cantó,81 – C.S. Doctor Sapena,11,08:13
13 – Jardí del 1r de Maig,64 – Jardín 25 de abril,11,04:54
79 – Intercambiador pasarela,80 – Reina Victoria con Gabriel Miró,11,07:30
55 – Pere Joan Perpinyà,88 – Pistas del Pla,11,08:17
55 – Pere Joan Perpinyà,82 – Antonio Machado 73,11,06:34
33 – Av. Libertat / l’Aljub,56 – UMH / Torre Vaillo,11,17:56
112 – CEIP San Fernando,49 – Av. Alicante 59,11,04:22
99 – IES La Asunción,12 – Ambulatori de Sant Fermí,11,16:29
97 – Huerto del cura,25 – Cor de Jesús,11,08:25
43 – Palmerars – Ciutat de la Justícia,24 – Policia Local,11,15:40
96 – Puente de Santa Teresa,31 – Sant Antoni,11,14:11
23 – Conrado del Campo / Trinquet,82 – Antonio Machado 73,11,07:08
45 – Plaça de Barcelona,24 – Policia Local,11,20:37
3 – Plaça de la Llotja,74 – IES Nit de l´Albà,11,17:32
94 – Parking Gran Teatre,16 – Jardí d’Asp,11,18:17
46 – UMH / Rectorado,34 – Hospital General,11,13:22
96 – Puente de Santa Teresa,35 – Hospital del Vinalopó,11,11:10
25 – Cor de Jesús,91 – Centro social el Pla,11,08:11
64 – Jardín 25 de abril,1 – Estació d’Autobusos,11,09:29
103 – UMH-Altet,55 – Pere Joan Perpinyà,11,15:51
32 – Centre de Salut d’Altabix,110 – Avda Novelda con Obispo Barrachina,11,16:16
32 – Centre de Salut d’Altabix,103 – UMH-Altet,11,04:52
85 – Sor Josefa Alcorta 34,23 – Conrado del Campo / Trinquet,11,08:02
83 – Conrado del campo 35,10 – L’Escorxador,11,06:48
12 – Ambulatori de Sant Fermí,65 – C.P. El toscar,11,15:03
111 – Avenida Alicante 38,44 – Portes Encarnades,11,12:04
87 – CEIP Sanchis Guarner,82 – Antonio Machado 73,11,04:39
87 – CEIP Sanchis Guarner,77 – Plaza Obispo Siuri,11,18:15
10 – L’Escorxador,83 – Conrado del campo 35,11,08:24
98 – IES Sixto Marco,31 – Sant Antoni,11,05:28
105 – Almansa con Avda. Novelda,70 – Libertad-Diagonal,11,15:50
56 – UMH / Torre Vaillo,111 – Avenida Alicante 38,11,07:06
8 – Polivalent de Carrús,48 – Av. Corts Valencianes,11,05:46
56 – UMH / Torre Vaillo,45 – Plaça de Barcelona,11,09:17
36 – I.E.S. Victoria Kent,79 – Intercambiador pasarela,11,14:05
48 – Av. Corts Valencianes,29 – Casablanca,11,12:25
55 – Pere Joan Perpinyà,56 – UMH / Torre Vaillo,11,14:13
85 – Sor Josefa Alcorta 34,100 – C.S. Raval,11,06:56
85 – Sor Josefa Alcorta 34,13 – Jardí del 1r de Maig,11,16:09
77 – Plaza Obispo Siuri,12 – Ambulatori de Sant Fermí,11,05:54
16 – Jardí d’Asp,83 – Conrado del campo 35,11,10:47
50 – Borreguet,52 – Centro salud el Toscar,11,16:40
90 – Centro salud el Pla,86 – El Corte Inglés,11,09:55
90 – Centro salud el Pla,80 – Reina Victoria con Gabriel Miró,11,10:11
107 – Josefina Manresa,38 – Poliesportiu de Carrús,11,17:07
81 – C.S. Doctor Sapena,85 – Sor Josefa Alcorta 34,11,07:36
11 – Plaça de Crevillent,65 – C.P. El toscar,11,13:31
54 – Plaza de Benidorm,78 – Jorge Juan 24,11,12:56
93 – Parque Rey Jaume I,14 – Comissaria,11,08:18
66 – Jardín escritor Juan Fuster,40 – C.P. Baix Vinalopó,11,08:05
77 – Plaza Obispo Siuri,100 – C.S. Raval,11,09:32
105 – Almansa con Avda. Novelda,88 – Pistas del Pla,11,11:19
111 – Avenida Alicante 38,37 – Hort de Travaló,11,10:44
15 – Av. Llibertat / Reina Victòria,41 – Dipòsit Municipal de Carrús,11,15:25
104 – UMH-Arenals,24 – Policia Local,11,09:59
52 – Centro salud el Toscar,86 – El Corte Inglés,11,06:39
80 – Reina Victoria con Gabriel Miró,25 – Cor de Jesús,11,07:05
35 – Hospital del Vinalopó,87 – CEIP Sanchis Guarner,11,08:17
41 – Dipòsit Municipal de Carrús,56 – UMH / Torre Vaillo,11,09:17
41 – Dipòsit Municipal de Carrús,55 – Pere Joan Perpinyà,11,13:21
96 – Puente de Santa Teresa,53 – C.P. Victor Pradera,11,10:58
70 – Libertad-Diagonal,35 – Hospital del Vinalopó,11,14:36
82 – Antonio Machado 73,23 – Conrado del Campo / Trinquet,11,06:14
82 – Antonio Machado 73,5 – Centre de Congressos,11,11:48
48 – Av. Corts Valencianes,82 – Antonio Machado 73,11,07:02
64 – Jardín 25 de abril,76 – Puente Altamira,11,09:24
90 – Centro salud el Pla,73 – Plaza de la aparadora,11,16:59
39 – Francesc Cantó,74 – IES Nit de l´Albà,11,08:32
35 – Hospital del Vinalopó,42 – Multi Aventura Travaló,11,23:01
100 – C.S. Raval,89 – CEIP Dama d´Elx,11,07:16
113 – Alcalde Juan Hernández,80 – Reina Victoria con Gabriel Miró,11,19:02
106 – Estadio Manolo Jaén,15 – Av. Llibertat / Reina Victòria,11,15:48
69 – Olegario Domarco Seller 44,37 – Hort de Travaló,11,19:01
69 – Olegario Domarco Seller 44,36 – I.E.S. Victoria Kent,11,15:00
105 – Almansa con Avda. Novelda,75 – L´aljub,11,11:14
105 – Almansa con Avda. Novelda,71 – IES Carrús,11,08:58
2 – Oficina de Turisme,98 – IES Sixto Marco,11,08:52
100 – C.S. Raval,112 – CEIP San Fernando,11,09:00
65 – C.P. El toscar,19 – Jesuïtines,11,12:45
46 – UMH / Rectorado,42 – Multi Aventura Travaló,11,12:27
10 – L’Escorxador,46 – UMH / Rectorado,11,20:14
111 – Avenida Alicante 38,56 – UMH / Torre Vaillo,11,07:48
27 – UMH / Pavelló d’Esports,48 – Av. Corts Valencianes,11,22:31
110 – Avda Novelda con Obispo Barrachina,29 – Casablanca,11,05:08
86 – El Corte Inglés,10 – L’Escorxador,11,11:20
35 – Hospital del Vinalopó,70 – Libertad-Diagonal,11,14:41
74 – IES Nit de l´Albà,69 – Olegario Domarco Seller 44,11,12:07
51 – Ciudad deportiva zona sur,33 – Av. Libertat / l’Aljub,11,22:16
51 – Ciudad deportiva zona sur,13 – Jardí del 1r de Maig,11,16:55
65 – C.P. El toscar,77 – Plaza Obispo Siuri,11,05:39
4 – Plaça del Raval,83 – Conrado del campo 35,11,07:21
9 – Biblioteca de Sant Josep,72 – Plaza de madrid,11,12:23
9 – Biblioteca de Sant Josep,71 – IES Carrús,11,11:53
7 – Pavelló Municipal,108 – José Ferrández Cruz,11,07:34
74 – IES Nit de l´Albà,77 – Plaza Obispo Siuri,11,05:22
101 – UMH-La Galia,15 – Av. Llibertat / Reina Victòria,11,12:36
25 – Cor de Jesús,113 – Alcalde Juan Hernández,11,14:12
39 – Francesc Cantó,37 – Hort de Travaló,11,31:15
113 – Alcalde Juan Hernández,96 – Puente de Santa Teresa,11,15:09
54 – Plaza de Benidorm,98 – IES Sixto Marco,11,12:06
22 – Av. Llauradors / Eslava,85 – Sor Josefa Alcorta 34,11,05:55
69 – Olegario Domarco Seller 44,88 – Pistas del Pla,11,08:43
105 – Almansa con Avda. Novelda,5 – Centre de Congressos,11,14:11
5 – Centre de Congressos,106 – Estadio Manolo Jaén,11,14:57
54 – Plaza de Benidorm,111 – Avenida Alicante 38,11,10:39
54 – Plaza de Benidorm,104 – UMH-Arenals,11,14:21
4 – Plaça del Raval,98 – IES Sixto Marco,11,11:12
15 – Av. Llibertat / Reina Victòria,98 – IES Sixto Marco,11,09:57
114 – Jardin Biólogo Antonio de Zulueta,115 – Passeig d´Atzavares,11,06:14
89 – CEIP Dama d´Elx,93 – Parque Rey Jaume I,11,12:34
90 – Centro salud el Pla,23 – Conrado del Campo / Trinquet,11,03:51
13 – Jardí del 1r de Maig,78 – Jorge Juan 24,11,08:34
110 – Avda Novelda con Obispo Barrachina,77 – Plaza Obispo Siuri,11,05:51
84 – Fernanda Santa María 64,45 – Plaça de Barcelona,11,08:41
79 – Intercambiador pasarela,13 – Jardí del 1r de Maig,11,11:23
67 – Calle Grao con Victoria Kent,86 – El Corte Inglés,11,13:20
104 – UMH-Arenals,109 – Parque Huerto del Torreret,11,06:29
76 – Puente Altamira,23 – Conrado del Campo / Trinquet,11,09:36
76 – Puente Altamira,25 – Cor de Jesús,10,08:04
13 – Jardí del 1r de Maig,92 – Parking Candalix,10,08:28
106 – Estadio Manolo Jaén,92 – Parking Candalix,10,11:18
106 – Estadio Manolo Jaén,96 – Puente de Santa Teresa,10,18:24
106 – Estadio Manolo Jaén,97 – Huerto del cura,10,15:48
73 – Plaza de la aparadora,9 – Biblioteca de Sant Josep,10,09:16
51 – Ciudad deportiva zona sur,112 – CEIP San Fernando,10,07:47
108 – José Ferrández Cruz,77 – Plaza Obispo Siuri,10,18:18
108 – José Ferrández Cruz,30 – Squash,10,10:26
84 – Fernanda Santa María 64,69 – Olegario Domarco Seller 44,10,13:02
73 – Plaza de la aparadora,40 – C.P. Baix Vinalopó,10,09:02
76 – Puente Altamira,50 – Borreguet,10,06:21
102 – UMH-Altabix,99 – IES La Asunción,10,21:23
88 – Pistas del Pla,90 – Centro salud el Pla,10,06:33
25 – Cor de Jesús,79 – Intercambiador pasarela,10,08:24
88 – Pistas del Pla,78 – Jorge Juan 24,10,09:41
89 – CEIP Dama d´Elx,91 – Centro social el Pla,10,11:16
14 – Comissaria,41 – Dipòsit Municipal de Carrús,10,18:42
45 – Plaça de Barcelona,105 – Almansa con Avda. Novelda,10,09:57
20 – Antoni Mena / Fra Jaume Torres,79 – Intercambiador pasarela,10,13:38
76 – Puente Altamira,22 – Av. Llauradors / Eslava,10,12:33
2 – Oficina de Turisme,112 – CEIP San Fernando,10,11:05
4 – Plaça del Raval,90 – Centro salud el Pla,10,06:51
4 – Plaça del Raval,95 – IES Vicente Verdu,10,15:48
4 – Plaça del Raval,97 – Huerto del cura,10,06:30
69 – Olegario Domarco Seller 44,44 – Portes Encarnades,10,10:53
69 – Olegario Domarco Seller 44,47 – C.P. Virgen de la Asunción,10,07:27
112 – CEIP San Fernando,2 – Oficina de Turisme,10,07:47
69 – Olegario Domarco Seller 44,102 – UMH-Altabix,10,11:16
48 – Av. Corts Valencianes,77 – Plaza Obispo Siuri,10,07:30
77 – Plaza Obispo Siuri,83 – Conrado del campo 35,10,10:19
86 – El Corte Inglés,35 – Hospital del Vinalopó,10,03:37
86 – El Corte Inglés,70 – Libertad-Diagonal,10,11:15
103 – UMH-Altet,85 – Sor Josefa Alcorta 34,10,15:15
70 – Libertad-Diagonal,22 – Av. Llauradors / Eslava,10,11:35
82 – Antonio Machado 73,34 – Hospital General,10,14:26
82 – Antonio Machado 73,54 – Plaza de Benidorm,10,18:30
86 – El Corte Inglés,94 – Parking Gran Teatre,10,13:17
56 – UMH / Torre Vaillo,94 – Parking Gran Teatre,10,16:24
66 – Jardín escritor Juan Fuster,11 – Plaça de Crevillent,10,13:11
4 – Plaça del Raval,87 – CEIP Sanchis Guarner,10,22:28
72 – Plaza de madrid,30 – Squash,10,19:31
72 – Plaza de madrid,39 – Francesc Cantó,10,05:59
74 – IES Nit de l´Albà,35 – Hospital del Vinalopó,10,07:29
51 – Ciudad deportiva zona sur,73 – Plaza de la aparadora,10,17:53
35 – Hospital del Vinalopó,7 – Pavelló Municipal,10,24:02
27 – UMH / Pavelló d’Esports,42 – Multi Aventura Travaló,10,24:25
86 – El Corte Inglés,78 – Jorge Juan 24,10,09:42
98 – IES Sixto Marco,94 – Parking Gran Teatre,10,07:06
33 – Av. Libertat / l’Aljub,104 – UMH-Arenals,10,21:07
33 – Av. Libertat / l’Aljub,105 – Almansa con Avda. Novelda,10,15:06
109 – Parque Huerto del Torreret,28 – Passeig de les Germanies,10,20:18
77 – Plaza Obispo Siuri,13 – Jardí del 1r de Maig,10,12:40
77 – Plaza Obispo Siuri,14 – Comissaria,10,10:46
50 – Borreguet,109 – Parque Huerto del Torreret,10,18:12
108 – José Ferrández Cruz,103 – UMH-Altet,10,09:42
22 – Av. Llauradors / Eslava,89 – CEIP Dama d´Elx,10,04:16
69 – Olegario Domarco Seller 44,70 – Libertad-Diagonal,10,05:39
44 – Portes Encarnades,41 – Dipòsit Municipal de Carrús,10,19:57
22 – Av. Llauradors / Eslava,96 – Puente de Santa Teresa,10,08:32
106 – Estadio Manolo Jaén,17 – Plaça de Castella,10,12:16
65 – C.P. El toscar,110 – Avda Novelda con Obispo Barrachina,10,06:17
66 – Jardín escritor Juan Fuster,2 – Oficina de Turisme,10,11:12
4 – Plaça del Raval,41 – Dipòsit Municipal de Carrús,10,20:33
90 – Centro salud el Pla,77 – Plaza Obispo Siuri,10,12:20
90 – Centro salud el Pla,78 – Jorge Juan 24,10,10:28
64 – Jardín 25 de abril,77 – Plaza Obispo Siuri,10,06:05
82 – Antonio Machado 73,2 – Oficina de Turisme,10,13:19
82 – Antonio Machado 73,22 – Av. Llauradors / Eslava,10,08:46
113 – Alcalde Juan Hernández,98 – IES Sixto Marco,10,09:48
65 – C.P. El toscar,38 – Poliesportiu de Carrús,10,06:01
64 – Jardín 25 de abril,63 – CEIP Eugeni d’Ors,10,03:30
80 – Reina Victoria con Gabriel Miró,29 – Casablanca,10,09:44
7 – Pavelló Municipal,64 – Jardín 25 de abril,10,16:06
30 – Squash,41 – Dipòsit Municipal de Carrús,10,26:50
38 – Poliesportiu de Carrús,66 – Jardín escritor Juan Fuster,10,08:37
38 – Poliesportiu de Carrús,67 – Calle Grao con Victoria Kent,10,06:02
15 – Av. Llibertat / Reina Victòria,69 – Olegario Domarco Seller 44,10,07:42
27 – UMH / Pavelló d’Esports,108 – José Ferrández Cruz,10,12:03
72 – Plaza de madrid,74 – IES Nit de l´Albà,10,05:33
72 – Plaza de madrid,96 – Puente de Santa Teresa,10,08:29
79 – Intercambiador pasarela,91 – Centro social el Pla,10,06:58
1 – Estació d’Autobusos,86 – El Corte Inglés,10,15:33
11 – Plaça de Crevillent,90 – Centro salud el Pla,10,07:20
77 – Plaza Obispo Siuri,106 – Estadio Manolo Jaén,10,14:14
66 – Jardín escritor Juan Fuster,39 – Francesc Cantó,10,07:36
32 – Centre de Salut d’Altabix,74 – IES Nit de l´Albà,10,19:17
41 – Dipòsit Municipal de Carrús,105 – Almansa con Avda. Novelda,10,11:07
85 – Sor Josefa Alcorta 34,79 – Intercambiador pasarela,10,11:39
29 – Casablanca,48 – Av. Corts Valencianes,10,10:36
54 – Plaza de Benidorm,75 – L´aljub,10,21:59
54 – Plaza de Benidorm,39 – Francesc Cantó,10,14:59
70 – Libertad-Diagonal,95 – IES Vicente Verdu,10,15:57
44 – Portes Encarnades,114 – Jardin Biólogo Antonio de Zulueta,10,22:24
109 – Parque Huerto del Torreret,37 – Hort de Travaló,10,10:55
81 – C.S. Doctor Sapena,83 – Conrado del campo 35,10,04:43
102 – UMH-Altabix,108 – José Ferrández Cruz,10,11:05
22 – Av. Llauradors / Eslava,81 – C.S. Doctor Sapena,10,09:00
74 – IES Nit de l´Albà,1 – Estació d’Autobusos,10,15:19
94 – Parking Gran Teatre,88 – Pistas del Pla,10,10:25
73 – Plaza de la aparadora,94 – Parking Gran Teatre,10,09:06
83 – Conrado del campo 35,74 – IES Nit de l´Albà,10,06:15
112 – CEIP San Fernando,34 – Hospital General,10,06:52
33 – Av. Libertat / l’Aljub,73 – Plaza de la aparadora,10,05:54
55 – Pere Joan Perpinyà,78 – Jorge Juan 24,10,06:59
78 – Jorge Juan 24,36 – I.E.S. Victoria Kent,10,14:49
56 – UMH / Torre Vaillo,51 – Ciudad deportiva zona sur,10,13:32
96 – Puente de Santa Teresa,37 – Hort de Travaló,10,22:23
49 – Av. Alicante 59,8 – Polivalent de Carrús,10,21:05
57 – IES Torrellano,60 – Carrer de la Figuera 2 Torrellano,10,14:14
81 – C.S. Doctor Sapena,91 – Centro social el Pla,10,09:59
54 – Plaza de Benidorm,41 – Dipòsit Municipal de Carrús,10,19:18
81 – C.S. Doctor Sapena,52 – Centro salud el Toscar,10,07:11
93 – Parque Rey Jaume I,80 – Reina Victoria con Gabriel Miró,10,07:01
13 – Jardí del 1r de Maig,41 – Dipòsit Municipal de Carrús,10,07:50
87 – CEIP Sanchis Guarner,94 – Parking Gran Teatre,10,13:03
111 – Avenida Alicante 38,43 – Palmerars – Ciutat de la Justícia,10,08:05
72 – Plaza de madrid,73 – Plaza de la aparadora,10,02:30
11 – Plaça de Crevillent,110 – Avda Novelda con Obispo Barrachina,10,12:56
85 – Sor Josefa Alcorta 34,26 – UMH / Escola Oficial d’Idiomes,10,18:12
100 – C.S. Raval,32 – Centre de Salut d’Altabix,10,14:59
100 – C.S. Raval,4 – Plaça del Raval,10,11:52
19 – Jesuïtines,71 – IES Carrús,10,14:05
66 – Jardín escritor Juan Fuster,74 – IES Nit de l´Albà,10,10:49
103 – UMH-Altet,69 – Olegario Domarco Seller 44,10,19:51
114 – Jardin Biólogo Antonio de Zulueta,32 – Centre de Salut d’Altabix,10,09:54
94 – Parking Gran Teatre,18 – Poliesportiu d’Altabix,10,14:52
94 – Parking Gran Teatre,22 – Av. Llauradors / Eslava,10,10:34
71 – IES Carrús,88 – Pistas del Pla,10,09:28
93 – Parque Rey Jaume I,94 – Parking Gran Teatre,10,05:40
76 – Puente Altamira,103 – UMH-Altet,10,08:36
110 – Avda Novelda con Obispo Barrachina,93 – Parque Rey Jaume I,10,12:32
97 – Huerto del cura,2 – Oficina de Turisme,10,09:00
97 – Huerto del cura,12 – Ambulatori de Sant Fermí,10,17:59
105 – Almansa con Avda. Novelda,45 – Plaça de Barcelona,10,12:14
99 – IES La Asunción,10 – L’Escorxador,10,09:10
33 – Av. Libertat / l’Aljub,69 – Olegario Domarco Seller 44,10,12:38
97 – Huerto del cura,76 – Puente Altamira,10,10:40
79 – Intercambiador pasarela,84 – Fernanda Santa María 64,10,06:58
79 – Intercambiador pasarela,88 – Pistas del Pla,10,08:28
22 – Av. Llauradors / Eslava,41 – Dipòsit Municipal de Carrús,10,20:43
70 – Libertad-Diagonal,105 – Almansa con Avda. Novelda,10,19:55
45 – Plaça de Barcelona,111 – Avenida Alicante 38,10,15:17
53 – C.P. Victor Pradera,48 – Av. Corts Valencianes,10,18:40
63 – CEIP Eugeni d’Ors,9 – Biblioteca de Sant Josep,10,11:56
114 – Jardin Biólogo Antonio de Zulueta,43 – Palmerars – Ciutat de la Justícia,10,06:13
40 – C.P. Baix Vinalopó,112 – CEIP San Fernando,10,13:35
39 – Francesc Cantó,98 – IES Sixto Marco,10,13:12
47 – C.P. Virgen de la Asunción,91 – Centro social el Pla,10,08:44
47 – C.P. Virgen de la Asunción,69 – Olegario Domarco Seller 44,10,08:55
93 – Parque Rey Jaume I,18 – Poliesportiu d’Altabix,10,17:13
83 – Conrado del campo 35,94 – Parking Gran Teatre,10,07:52
79 – Intercambiador pasarela,33 – Av. Libertat / l’Aljub,10,11:52
100 – C.S. Raval,15 – Av. Llibertat / Reina Victòria,10,10:22
56 – UMH / Torre Vaillo,22 – Av. Llauradors / Eslava,10,19:02
20 – Antoni Mena / Fra Jaume Torres,99 – IES La Asunción,10,14:48
8 – Polivalent de Carrús,88 – Pistas del Pla,10,12:07
71 – IES Carrús,48 – Av. Corts Valencianes,10,06:45
81 – C.S. Doctor Sapena,11 – Plaça de Crevillent,10,08:19
23 – Conrado del Campo / Trinquet,93 – Parque Rey Jaume I,10,14:18
76 – Puente Altamira,73 – Plaza de la aparadora,10,08:11
76 – Puente Altamira,78 – Jorge Juan 24,10,07:11
96 – Puente de Santa Teresa,38 – Poliesportiu de Carrús,10,16:00
104 – UMH-Arenals,96 – Puente de Santa Teresa,10,17:12
20 – Antoni Mena / Fra Jaume Torres,90 – Centro salud el Pla,10,07:35
28 – Passeig de les Germanies,97 – Huerto del cura,10,06:45
97 – Huerto del cura,49 – Av. Alicante 59,10,11:11
46 – UMH / Rectorado,98 – IES Sixto Marco,10,14:49
79 – Intercambiador pasarela,17 – Plaça de Castella,10,13:54
46 – UMH / Rectorado,88 – Pistas del Pla,10,17:11
78 – Jorge Juan 24,110 – Avda Novelda con Obispo Barrachina,10,08:32
18 – Poliesportiu d’Altabix,110 – Avda Novelda con Obispo Barrachina,10,16:20
92 – Parking Candalix,25 – Cor de Jesús,10,07:35
84 – Fernanda Santa María 64,77 – Plaza Obispo Siuri,10,07:31
43 – Palmerars – Ciutat de la Justícia,26 – UMH / Escola Oficial d’Idiomes,10,10:58
43 – Palmerars – Ciutat de la Justícia,47 – C.P. Virgen de la Asunción,10,16:45
88 – Pistas del Pla,54 – Plaza de Benidorm,10,15:16
63 – CEIP Eugeni d’Ors,1 – Estació d’Autobusos,10,12:06
93 – Parque Rey Jaume I,86 – El Corte Inglés,10,13:58
1 – Estació d’Autobusos,64 – Jardín 25 de abril,10,11:36
1 – Estació d’Autobusos,67 – Calle Grao con Victoria Kent,10,08:54
17 – Plaça de Castella,75 – L´aljub,10,23:50
6 – Ajuntament,110 – Avda Novelda con Obispo Barrachina,10,11:29
115 – Passeig d´Atzavares,2 – Oficina de Turisme,10,21:15
25 – Cor de Jesús,88 – Pistas del Pla,10,08:45
62 – Calle Inca con brea,9 – Biblioteca de Sant Josep,10,20:22
102 – UMH-Altabix,54 – Plaza de Benidorm,9,09:09
89 – CEIP Dama d´Elx,100 – C.S. Raval,9,09:53
49 – Av. Alicante 59,107 – Josefina Manresa,9,09:48
76 – Puente Altamira,13 – Jardí del 1r de Maig,9,09:28
110 – Avda Novelda con Obispo Barrachina,84 – Fernanda Santa María 64,9,09:08
50 – Borreguet,39 – Francesc Cantó,9,23:28
102 – UMH-Altabix,89 – CEIP Dama d´Elx,9,15:49
88 – Pistas del Pla,94 – Parking Gran Teatre,9,09:26
28 – Passeig de les Germanies,110 – Avda Novelda con Obispo Barrachina,9,12:04
88 – Pistas del Pla,40 – C.P. Baix Vinalopó,9,12:34
81 – C.S. Doctor Sapena,13 – Jardí del 1r de Maig,9,15:46
70 – Libertad-Diagonal,79 – Intercambiador pasarela,9,04:02
71 – IES Carrús,78 – Jorge Juan 24,9,04:36
71 – IES Carrús,83 – Conrado del campo 35,9,08:13
7 – Pavelló Municipal,77 – Plaza Obispo Siuri,9,18:17
52 – Centro salud el Toscar,100 – C.S. Raval,9,14:03
98 – IES Sixto Marco,9 – Biblioteca de Sant Josep,9,11:16
53 – C.P. Victor Pradera,71 – IES Carrús,9,11:59
81 – C.S. Doctor Sapena,44 – Portes Encarnades,9,09:05
70 – Libertad-Diagonal,104 – UMH-Arenals,9,11:17
70 – Libertad-Diagonal,111 – Avenida Alicante 38,9,14:31
3 – Plaça de la Llotja,63 – CEIP Eugeni d’Ors,9,19:55
10 – L’Escorxador,106 – Estadio Manolo Jaén,9,20:51
15 – Av. Llibertat / Reina Victòria,77 – Plaza Obispo Siuri,9,05:40
28 – Passeig de les Germanies,92 – Parking Candalix,9,08:15
60 – Carrer de la Figuera 2 Torrellano,57 – IES Torrellano,9,13:42
102 – UMH-Altabix,30 – Squash,9,14:14
102 – UMH-Altabix,33 – Av. Libertat / l’Aljub,9,16:35
76 – Puente Altamira,56 – UMH / Torre Vaillo,9,07:56
31 – Sant Antoni,102 – UMH-Altabix,9,16:14
28 – Passeig de les Germanies,95 – IES Vicente Verdu,9,32:49
106 – Estadio Manolo Jaén,104 – UMH-Arenals,9,07:30
40 – C.P. Baix Vinalopó,108 – José Ferrández Cruz,9,15:30
20 – Antoni Mena / Fra Jaume Torres,92 – Parking Candalix,9,14:31
23 – Conrado del Campo / Trinquet,85 – Sor Josefa Alcorta 34,9,08:19
75 – L´aljub,63 – CEIP Eugeni d’Ors,9,18:37
96 – Puente de Santa Teresa,8 – Polivalent de Carrús,9,09:40
96 – Puente de Santa Teresa,16 – Jardí d’Asp,9,15:03
90 – Centro salud el Pla,49 – Av. Alicante 59,9,19:21
5 – Centre de Congressos,112 – CEIP San Fernando,9,07:18
70 – Libertad-Diagonal,43 – Palmerars – Ciutat de la Justícia,9,16:58
98 – IES Sixto Marco,42 – Multi Aventura Travaló,9,08:53
93 – Parque Rey Jaume I,77 – Plaza Obispo Siuri,9,08:10
52 – Centro salud el Toscar,71 – IES Carrús,9,06:04
72 – Plaza de madrid,10 – L’Escorxador,9,13:08
53 – C.P. Victor Pradera,91 – Centro social el Pla,9,13:44
39 – Francesc Cantó,93 – Parque Rey Jaume I,9,13:59
106 – Estadio Manolo Jaén,111 – Avenida Alicante 38,9,12:55
20 – Antoni Mena / Fra Jaume Torres,42 – Multi Aventura Travaló,9,32:04
41 – Dipòsit Municipal de Carrús,9 – Biblioteca de Sant Josep,9,13:02
64 – Jardín 25 de abril,2 – Oficina de Turisme,9,09:12
76 – Puente Altamira,93 – Parque Rey Jaume I,9,04:23
50 – Borreguet,42 – Multi Aventura Travaló,9,14:34
114 – Jardin Biólogo Antonio de Zulueta,12 – Ambulatori de Sant Fermí,9,21:03
114 – Jardin Biólogo Antonio de Zulueta,2 – Oficina de Turisme,9,15:14
64 – Jardín 25 de abril,6 – Ajuntament,9,11:47
56 – UMH / Torre Vaillo,104 – UMH-Arenals,9,09:55
59 – Calle San Crispín 1 Torrellano,58 – Polideportivo Torrellano,9,05:51
82 – Antonio Machado 73,9 – Biblioteca de Sant Josep,9,09:58
80 – Reina Victoria con Gabriel Miró,13 – Jardí del 1r de Maig,9,10:02
109 – Parque Huerto del Torreret,97 – Huerto del cura,9,11:42
70 – Libertad-Diagonal,52 – Centro salud el Toscar,9,14:04
70 – Libertad-Diagonal,68 – Arturo Salvetti Pardo,9,04:29
6 – Ajuntament,74 – IES Nit de l´Albà,9,12:00
41 – Dipòsit Municipal de Carrús,64 – Jardín 25 de abril,9,03:26
87 – CEIP Sanchis Guarner,35 – Hospital del Vinalopó,9,07:06
90 – Centro salud el Pla,83 – Conrado del campo 35,9,06:15
87 – CEIP Sanchis Guarner,51 – Ciudad deportiva zona sur,9,26:44
35 – Hospital del Vinalopó,93 – Parque Rey Jaume I,9,15:30
16 – Jardí d’Asp,81 – C.S. Doctor Sapena,9,09:36
105 – Almansa con Avda. Novelda,1 – Estació d’Autobusos,9,15:23
103 – UMH-Altet,89 – CEIP Dama d´Elx,9,16:22
69 – Olegario Domarco Seller 44,84 – Fernanda Santa María 64,9,08:55
82 – Antonio Machado 73,19 – Jesuïtines,9,14:04
4 – Plaça del Raval,70 – Libertad-Diagonal,9,07:42
21 – C.P. Mariano Benlliure,80 – Reina Victoria con Gabriel Miró,9,11:23
64 – Jardín 25 de abril,91 – Centro social el Pla,9,16:59
35 – Hospital del Vinalopó,79 – Intercambiador pasarela,9,12:21
50 – Borreguet,79 – Intercambiador pasarela,9,10:41
77 – Plaza Obispo Siuri,31 – Sant Antoni,9,19:33
107 – Josefina Manresa,55 – Pere Joan Perpinyà,9,23:36
39 – Francesc Cantó,72 – Plaza de madrid,9,07:25
101 – UMH-La Galia,18 – Poliesportiu d’Altabix,9,12:21
77 – Plaza Obispo Siuri,45 – Plaça de Barcelona,9,07:59
77 – Plaza Obispo Siuri,48 – Av. Corts Valencianes,9,09:59
65 – C.P. El toscar,29 – Casablanca,9,07:58
5 – Centre de Congressos,92 – Parking Candalix,9,05:36
105 – Almansa con Avda. Novelda,76 – Puente Altamira,9,12:10
69 – Olegario Domarco Seller 44,35 – Hospital del Vinalopó,9,14:00
97 – Huerto del cura,94 – Parking Gran Teatre,9,07:09
44 – Portes Encarnades,87 – CEIP Sanchis Guarner,9,09:26
109 – Parque Huerto del Torreret,7 – Pavelló Municipal,9,08:23
82 – Antonio Machado 73,86 – El Corte Inglés,9,13:40
69 – Olegario Domarco Seller 44,46 – UMH / Rectorado,9,12:10
98 – IES Sixto Marco,111 – Avenida Alicante 38,9,09:00
65 – C.P. El toscar,33 – Av. Libertat / l’Aljub,9,06:29
65 – C.P. El toscar,44 – Portes Encarnades,9,12:02
65 – C.P. El toscar,15 – Av. Llibertat / Reina Victòria,9,08:06
48 – Av. Corts Valencianes,71 – IES Carrús,9,05:50
77 – Plaza Obispo Siuri,93 – Parque Rey Jaume I,9,08:26
86 – El Corte Inglés,84 – Fernanda Santa María 64,9,05:39
33 – Av. Libertat / l’Aljub,94 – Parking Gran Teatre,9,13:33
24 – Policia Local,43 – Palmerars – Ciutat de la Justícia,9,15:41
55 – Pere Joan Perpinyà,67 – Calle Grao con Victoria Kent,9,13:16
72 – Plaza de madrid,103 – UMH-Altet,9,14:44
79 – Intercambiador pasarela,97 – Huerto del cura,9,07:40
5 – Centre de Congressos,84 – Fernanda Santa María 64,9,07:59
83 – Conrado del campo 35,23 – Conrado del Campo / Trinquet,9,07:10
65 – C.P. El toscar,84 – Fernanda Santa María 64,9,09:08
90 – Centro salud el Pla,91 – Centro social el Pla,9,02:28
48 – Av. Corts Valencianes,76 – Puente Altamira,9,08:01
95 – IES Vicente Verdu,23 – Conrado del Campo / Trinquet,9,07:44
29 – Casablanca,110 – Avda Novelda con Obispo Barrachina,9,05:02
74 – IES Nit de l´Albà,49 – Av. Alicante 59,9,20:51
19 – Jesuïtines,87 – CEIP Sanchis Guarner,9,13:30
100 – C.S. Raval,77 – Plaza Obispo Siuri,9,12:32
99 – IES La Asunción,1 – Estació d’Autobusos,9,09:17
99 – IES La Asunción,21 – C.P. Mariano Benlliure,9,14:46
68 – Arturo Salvetti Pardo,74 – IES Nit de l´Albà,9,14:05
97 – Huerto del cura,83 – Conrado del campo 35,9,08:59
105 – Almansa con Avda. Novelda,49 – Av. Alicante 59,9,17:12
72 – Plaza de madrid,68 – Arturo Salvetti Pardo,9,10:00
12 – Ambulatori de Sant Fermí,67 – Calle Grao con Victoria Kent,9,13:01
69 – Olegario Domarco Seller 44,20 – Antoni Mena / Fra Jaume Torres,9,10:19
86 – El Corte Inglés,39 – Francesc Cantó,9,11:50
65 – C.P. El toscar,78 – Jorge Juan 24,9,06:20
74 – IES Nit de l´Albà,62 – Calle Inca con brea,9,13:10
74 – IES Nit de l´Albà,23 – Conrado del Campo / Trinquet,9,14:02
96 – Puente de Santa Teresa,104 – UMH-Arenals,9,14:44
86 – El Corte Inglés,2 – Oficina de Turisme,9,18:42
2 – Oficina de Turisme,115 – Passeig d´Atzavares,9,20:17
107 – Josefina Manresa,108 – José Ferrández Cruz,9,05:12
41 – Dipòsit Municipal de Carrús,95 – IES Vicente Verdu,9,13:15
91 – Centro social el Pla,37 – Hort de Travaló,9,22:40
68 – Arturo Salvetti Pardo,19 – Jesuïtines,9,11:31
52 – Centro salud el Toscar,7 – Pavelló Municipal,9,21:02
97 – Huerto del cura,32 – Centre de Salut d’Altabix,9,12:06
105 – Almansa con Avda. Novelda,36 – I.E.S. Victoria Kent,9,21:37
105 – Almansa con Avda. Novelda,47 – C.P. Virgen de la Asunción,9,09:00
65 – C.P. El toscar,52 – Centro salud el Toscar,9,05:24
113 – Alcalde Juan Hernández,76 – Puente Altamira,9,14:26
20 – Antoni Mena / Fra Jaume Torres,89 – CEIP Dama d´Elx,9,06:23
86 – El Corte Inglés,19 – Jesuïtines,9,16:01
48 – Av. Corts Valencianes,32 – Centre de Salut d’Altabix,9,17:39
77 – Plaza Obispo Siuri,104 – UMH-Arenals,9,12:38
48 – Av. Corts Valencianes,7 – Pavelló Municipal,9,22:15
51 – Ciudad deportiva zona sur,83 – Conrado del campo 35,9,19:31
110 – Avda Novelda con Obispo Barrachina,106 – Estadio Manolo Jaén,9,16:24
29 – Casablanca,69 – Olegario Domarco Seller 44,9,04:20
67 – Calle Grao con Victoria Kent,92 – Parking Candalix,9,07:09
3 – Plaça de la Llotja,90 – Centro salud el Pla,9,18:14
46 – UMH / Rectorado,91 – Centro social el Pla,9,22:02
110 – Avda Novelda con Obispo Barrachina,3 – Plaça de la Llotja,9,13:05
103 – UMH-Altet,77 – Plaza Obispo Siuri,9,20:25
103 – UMH-Altet,78 – Jorge Juan 24,9,15:24
91 – Centro social el Pla,75 – L´aljub,9,11:13
1 – Estació d’Autobusos,99 – IES La Asunción,9,08:39
111 – Avenida Alicante 38,8 – Polivalent de Carrús,9,16:58
74 – IES Nit de l´Albà,32 – Centre de Salut d’Altabix,9,26:55
78 – Jorge Juan 24,12 – Ambulatori de Sant Fermí,9,05:20
36 – I.E.S. Victoria Kent,71 – IES Carrús,9,24:00
36 – I.E.S. Victoria Kent,80 – Reina Victoria con Gabriel Miró,9,17:38
78 – Jorge Juan 24,20 – Antoni Mena / Fra Jaume Torres,9,06:33
66 – Jardín escritor Juan Fuster,65 – C.P. El toscar,9,04:29
92 – Parking Candalix,68 – Arturo Salvetti Pardo,9,11:00
18 – Poliesportiu d’Altabix,108 – José Ferrández Cruz,9,19:24
33 – Av. Libertat / l’Aljub,41 – Dipòsit Municipal de Carrús,9,17:47
108 – José Ferrández Cruz,40 – C.P. Baix Vinalopó,9,15:11
42 – Multi Aventura Travaló,22 – Av. Llauradors / Eslava,9,21:29
107 – Josefina Manresa,114 – Jardin Biólogo Antonio de Zulueta,9,17:41
96 – Puente de Santa Teresa,97 – Huerto del cura,9,10:45
4 – Plaça del Raval,114 – Jardin Biólogo Antonio de Zulueta,9,17:52
42 – Multi Aventura Travaló,45 – Plaça de Barcelona,9,17:46
67 – Calle Grao con Victoria Kent,9 – Biblioteca de Sant Josep,9,09:20
85 – Sor Josefa Alcorta 34,8 – Polivalent de Carrús,9,13:08
66 – Jardín escritor Juan Fuster,70 – Libertad-Diagonal,9,08:11
100 – C.S. Raval,22 – Av. Llauradors / Eslava,9,07:23
67 – Calle Grao con Victoria Kent,65 – C.P. El toscar,9,05:42
67 – Calle Grao con Victoria Kent,27 – UMH / Pavelló d’Esports,9,09:51
56 – UMH / Torre Vaillo,20 – Antoni Mena / Fra Jaume Torres,9,18:05
12 – Ambulatori de Sant Fermí,107 – Josefina Manresa,9,13:39
91 – Centro social el Pla,99 – IES La Asunción,9,16:53
67 – Calle Grao con Victoria Kent,17 – Plaça de Castella,9,15:21
73 – Plaza de la aparadora,69 – Olegario Domarco Seller 44,9,08:03
51 – Ciudad deportiva zona sur,98 – IES Sixto Marco,9,08:58
26 – UMH / Escola Oficial d’Idiomes,87 – CEIP Sanchis Guarner,9,29:22
26 – UMH / Escola Oficial d’Idiomes,89 – CEIP Dama d´Elx,9,14:34
47 – C.P. Virgen de la Asunción,62 – Calle Inca con brea,9,17:28
43 – Palmerars – Ciutat de la Justícia,7 – Pavelló Municipal,9,13:50
92 – Parking Candalix,13 – Jardí del 1r de Maig,9,11:01
106 – Estadio Manolo Jaén,6 – Ajuntament,9,16:56
19 – Jesuïtines,48 – Av. Corts Valencianes,9,19:23
78 – Jorge Juan 24,83 – Conrado del campo 35,9,05:42
9 – Biblioteca de Sant Josep,92 – Parking Candalix,9,12:28
110 – Avda Novelda con Obispo Barrachina,17 – Plaça de Castella,9,16:40
46 – UMH / Rectorado,115 – Passeig d´Atzavares,9,16:51
115 – Passeig d´Atzavares,114 – Jardin Biólogo Antonio de Zulueta,9,08:48
104 – UMH-Arenals,112 – CEIP San Fernando,9,10:35
49 – Av. Alicante 59,89 – CEIP Dama d´Elx,9,16:13
76 – Puente Altamira,36 – I.E.S. Victoria Kent,9,15:19
62 – Calle Inca con brea,70 – Libertad-Diagonal,9,11:38
114 – Jardin Biólogo Antonio de Zulueta,91 – Centro social el Pla,9,25:12
25 – Cor de Jesús,76 – Puente Altamira,9,14:28
7 – Pavelló Municipal,47 – C.P. Virgen de la Asunción,9,17:15
15 – Av. Llibertat / Reina Victòria,100 – C.S. Raval,9,11:19
109 – Parque Huerto del Torreret,80 – Reina Victoria con Gabriel Miró,9,17:41
45 – Plaça de Barcelona,86 – El Corte Inglés,9,10:11
80 – Reina Victoria con Gabriel Miró,113 – Alcalde Juan Hernández,9,15:08
13 – Jardí del 1r de Maig,88 – Pistas del Pla,9,09:09
89 – CEIP Dama d´Elx,70 – Libertad-Diagonal,9,11:36
25 – Cor de Jesús,84 – Fernanda Santa María 64,9,05:31
13 – Jardí del 1r de Maig,96 – Puente de Santa Teresa,8,13:36
115 – Passeig d´Atzavares,19 – Jesuïtines,8,18:35
115 – Passeig d´Atzavares,37 – Hort de Travaló,8,10:57
115 – Passeig d´Atzavares,108 – José Ferrández Cruz,8,26:31
109 – Parque Huerto del Torreret,81 – C.S. Doctor Sapena,8,25:20
93 – Parque Rey Jaume I,89 – CEIP Dama d´Elx,8,09:56
111 – Avenida Alicante 38,80 – Reina Victoria con Gabriel Miró,8,12:11
111 – Avenida Alicante 38,79 – Intercambiador pasarela,8,10:44
89 – CEIP Dama d´Elx,4 – Plaça del Raval,8,07:23
114 – Jardin Biólogo Antonio de Zulueta,90 – Centro salud el Pla,8,16:09
8 – Polivalent de Carrús,85 – Sor Josefa Alcorta 34,8,10:08
49 – Av. Alicante 59,81 – C.S. Doctor Sapena,8,16:59
2 – Oficina de Turisme,87 – CEIP Sanchis Guarner,8,13:40
16 – Jardí d’Asp,67 – Calle Grao con Victoria Kent,8,07:34
62 – Calle Inca con brea,12 – Ambulatori de Sant Fermí,8,08:30
62 – Calle Inca con brea,16 – Jardí d’Asp,8,04:11
89 – CEIP Dama d´Elx,73 – Plaza de la aparadora,8,11:21
78 – Jorge Juan 24,74 – IES Nit de l´Albà,8,06:48
19 – Jesuïtines,73 – Plaza de la aparadora,8,12:21
21 – C.P. Mariano Benlliure,86 – El Corte Inglés,8,15:46
43 – Palmerars – Ciutat de la Justícia,16 – Jardí d’Asp,8,19:23
67 – Calle Grao con Victoria Kent,105 – Almansa con Avda. Novelda,8,09:14
51 – Ciudad deportiva zona sur,99 – IES La Asunción,8,08:59
51 – Ciudad deportiva zona sur,97 – Huerto del cura,8,08:54
91 – Centro social el Pla,115 – Passeig d´Atzavares,8,20:43
21 – C.P. Mariano Benlliure,87 – CEIP Sanchis Guarner,8,07:59
113 – Alcalde Juan Hernández,6 – Ajuntament,8,13:34
67 – Calle Grao con Victoria Kent,32 – Centre de Salut d’Altabix,8,11:41
19 – Jesuïtines,67 – Calle Grao con Victoria Kent,8,11:02
113 – Alcalde Juan Hernández,37 – Hort de Travaló,8,08:14
85 – Sor Josefa Alcorta 34,52 – Centro salud el Toscar,8,15:09
12 – Ambulatori de Sant Fermí,95 – IES Vicente Verdu,8,13:43
85 – Sor Josefa Alcorta 34,76 – Puente Altamira,8,08:48
85 – Sor Josefa Alcorta 34,71 – IES Carrús,8,10:47
94 – Parking Gran Teatre,102 – UMH-Altabix,8,15:07
42 – Multi Aventura Travaló,38 – Poliesportiu de Carrús,8,27:09
42 – Multi Aventura Travaló,29 – Casablanca,8,20:06
112 – CEIP San Fernando,97 – Huerto del cura,8,06:18
112 – CEIP San Fernando,91 – Centro social el Pla,8,23:35
36 – I.E.S. Victoria Kent,86 – El Corte Inglés,8,20:38
27 – UMH / Pavelló d’Esports,67 – Calle Grao con Victoria Kent,8,10:55
99 – IES La Asunción,96 – Puente de Santa Teresa,8,11:28
113 – Alcalde Juan Hernández,2 – Oficina de Turisme,8,16:15
108 – José Ferrández Cruz,49 – Av. Alicante 59,8,10:27
108 – José Ferrández Cruz,47 – C.P. Virgen de la Asunción,8,17:35
84 – Fernanda Santa María 64,39 – Francesc Cantó,8,10:37
84 – Fernanda Santa María 64,35 – Hospital del Vinalopó,8,07:26
43 – Palmerars – Ciutat de la Justícia,48 – Av. Corts Valencianes,8,19:32
43 – Palmerars – Ciutat de la Justícia,35 – Hospital del Vinalopó,8,19:12
66 – Jardín escritor Juan Fuster,76 – Puente Altamira,8,08:40
47 – C.P. Virgen de la Asunción,105 – Almansa con Avda. Novelda,8,16:23
105 – Almansa con Avda. Novelda,32 – Centre de Salut d’Altabix,8,17:58
74 – IES Nit de l´Albà,33 – Av. Libertat / l’Aljub,8,06:34
56 – UMH / Torre Vaillo,80 – Reina Victoria con Gabriel Miró,8,15:21
91 – Centro social el Pla,66 – Jardín escritor Juan Fuster,8,20:59
85 – Sor Josefa Alcorta 34,102 – UMH-Altabix,8,16:00
99 – IES La Asunción,47 – C.P. Virgen de la Asunción,8,17:21
46 – UMH / Rectorado,86 – El Corte Inglés,8,18:36
46 – UMH / Rectorado,83 – Conrado del campo 35,8,15:02
79 – Intercambiador pasarela,31 – Sant Antoni,8,11:36
79 – Intercambiador pasarela,10 – L’Escorxador,8,09:01
92 – Parking Candalix,54 – Plaza de Benidorm,8,13:25
92 – Parking Candalix,47 – C.P. Virgen de la Asunción,8,10:43
43 – Palmerars – Ciutat de la Justícia,100 – C.S. Raval,8,12:48
68 – Arturo Salvetti Pardo,32 – Centre de Salut d’Altabix,8,13:01
32 – Centre de Salut d’Altabix,81 – C.S. Doctor Sapena,8,23:00
110 – Avda Novelda con Obispo Barrachina,107 – Josefina Manresa,8,19:11
74 – IES Nit de l´Albà,16 – Jardí d’Asp,8,11:46
48 – Av. Corts Valencianes,34 – Hospital General,8,19:55
66 – Jardín escritor Juan Fuster,5 – Centre de Congressos,8,15:23
30 – Squash,108 – José Ferrández Cruz,8,10:08
91 – Centro social el Pla,42 – Multi Aventura Travaló,8,20:36
37 – Hort de Travaló,16 – Jardí d’Asp,8,23:35
27 – UMH / Pavelló d’Esports,100 – C.S. Raval,8,12:10
79 – Intercambiador pasarela,45 – Plaça de Barcelona,8,11:16
104 – UMH-Arenals,49 – Av. Alicante 59,8,10:21
108 – José Ferrández Cruz,94 – Parking Gran Teatre,8,16:32
83 – Conrado del campo 35,51 – Ciudad deportiva zona sur,8,17:19
83 – Conrado del campo 35,98 – IES Sixto Marco,8,18:11
83 – Conrado del campo 35,93 – Parque Rey Jaume I,8,09:41
38 – Poliesportiu de Carrús,107 – Josefina Manresa,8,14:17
24 – Policia Local,104 – UMH-Arenals,8,12:29
29 – Casablanca,50 – Borreguet,8,12:31
106 – Estadio Manolo Jaén,13 – Jardí del 1r de Maig,8,16:26
107 – Josefina Manresa,104 – UMH-Arenals,8,04:43
96 – Puente de Santa Teresa,103 – UMH-Altet,8,13:24
51 – Ciudad deportiva zona sur,21 – C.P. Mariano Benlliure,8,19:20
107 – Josefina Manresa,102 – UMH-Altabix,8,09:05
100 – C.S. Raval,83 – Conrado del campo 35,8,06:28
33 – Av. Libertat / l’Aljub,90 – Centro salud el Pla,8,08:47
12 – Ambulatori de Sant Fermí,63 – CEIP Eugeni d’Ors,8,09:51
83 – Conrado del campo 35,81 – C.S. Doctor Sapena,8,04:58
79 – Intercambiador pasarela,90 – Centro salud el Pla,8,06:59
79 – Intercambiador pasarela,71 – IES Carrús,8,08:54
97 – Huerto del cura,78 – Jorge Juan 24,8,09:15
112 – CEIP San Fernando,55 – Pere Joan Perpinyà,8,13:52
99 – IES La Asunción,7 – Pavelló Municipal,8,16:40
19 – Jesuïtines,82 – Antonio Machado 73,8,11:56
7 – Pavelló Municipal,113 – Alcalde Juan Hernández,8,07:56
91 – Centro social el Pla,15 – Av. Llibertat / Reina Victòria,8,15:04
86 – El Corte Inglés,21 – C.P. Mariano Benlliure,8,04:30
86 – El Corte Inglés,74 – IES Nit de l´Albà,8,06:18
86 – El Corte Inglés,73 – Plaza de la aparadora,8,09:49
65 – C.P. El toscar,93 – Parque Rey Jaume I,8,12:02
65 – C.P. El toscar,81 – C.S. Doctor Sapena,8,08:13
83 – Conrado del campo 35,36 – I.E.S. Victoria Kent,8,16:42
83 – Conrado del campo 35,24 – Policia Local,8,16:28
55 – Pere Joan Perpinyà,73 – Plaza de la aparadora,8,10:17
55 – Pere Joan Perpinyà,46 – UMH / Rectorado,8,18:35
46 – UMH / Rectorado,67 – Calle Grao con Victoria Kent,8,15:11
111 – Avenida Alicante 38,39 – Francesc Cantó,8,13:35
72 – Plaza de madrid,77 – Plaza Obispo Siuri,8,07:50
69 – Olegario Domarco Seller 44,3 – Plaça de la Llotja,8,12:09
98 – IES Sixto Marco,103 – UMH-Altet,8,12:30
56 – UMH / Torre Vaillo,97 – Huerto del cura,8,14:04
65 – C.P. El toscar,17 – Plaça de Castella,8,18:46
86 – El Corte Inglés,93 – Parque Rey Jaume I,8,16:22
31 – Sant Antoni,113 – Alcalde Juan Hernández,8,04:24
35 – Hospital del Vinalopó,31 – Sant Antoni,8,21:10
35 – Hospital del Vinalopó,27 – UMH / Pavelló d’Esports,8,23:18
65 – C.P. El toscar,5 – Centre de Congressos,8,14:09
87 – CEIP Sanchis Guarner,2 – Oficina de Turisme,8,15:22
87 – CEIP Sanchis Guarner,1 – Estació d’Autobusos,8,16:03
86 – El Corte Inglés,110 – Avda Novelda con Obispo Barrachina,8,15:50
18 – Poliesportiu d’Altabix,79 – Intercambiador pasarela,8,15:20
54 – Plaza de Benidorm,108 – José Ferrández Cruz,8,14:07
82 – Antonio Machado 73,85 – Sor Josefa Alcorta 34,8,09:12
82 – Antonio Machado 73,81 – C.S. Doctor Sapena,8,08:06
72 – Plaza de madrid,36 – I.E.S. Victoria Kent,8,17:45
52 – Centro salud el Toscar,79 – Intercambiador pasarela,8,10:42
69 – Olegario Domarco Seller 44,33 – Av. Libertat / l’Aljub,8,11:18
96 – Puente de Santa Teresa,74 – IES Nit de l´Albà,8,08:22
8 – Polivalent de Carrús,110 – Avda Novelda con Obispo Barrachina,8,04:00
48 – Av. Corts Valencianes,85 – Sor Josefa Alcorta 34,8,12:05
110 – Avda Novelda con Obispo Barrachina,46 – UMH / Rectorado,8,12:58
41 – Dipòsit Municipal de Carrús,44 – Portes Encarnades,8,18:10
90 – Centro salud el Pla,101 – UMH-La Galia,8,16:56
24 – Policia Local,102 – UMH-Altabix,8,16:48
100 – C.S. Raval,114 – Jardin Biólogo Antonio de Zulueta,8,22:34
50 – Borreguet,76 – Puente Altamira,8,08:40
75 – L´aljub,7 – Pavelló Municipal,8,22:48
77 – Plaza Obispo Siuri,36 – I.E.S. Victoria Kent,8,17:19
29 – Casablanca,94 – Parking Gran Teatre,8,09:11
35 – Hospital del Vinalopó,89 – CEIP Dama d´Elx,8,07:43
87 – CEIP Sanchis Guarner,23 – Conrado del Campo / Trinquet,8,05:08
101 – UMH-La Galia,56 – UMH / Torre Vaillo,8,06:58
64 – Jardín 25 de abril,45 – Plaça de Barcelona,8,08:20
64 – Jardín 25 de abril,105 – Almansa con Avda. Novelda,8,06:30
64 – Jardín 25 de abril,100 – C.S. Raval,8,16:23
64 – Jardín 25 de abril,96 – Puente de Santa Teresa,8,09:28
64 – Jardín 25 de abril,80 – Reina Victoria con Gabriel Miró,8,07:41
96 – Puente de Santa Teresa,52 – Centro salud el Toscar,8,14:18
54 – Plaza de Benidorm,82 – Antonio Machado 73,8,17:42
54 – Plaza de Benidorm,81 – C.S. Doctor Sapena,8,13:39
38 – Poliesportiu de Carrús,83 – Conrado del campo 35,8,10:29
38 – Poliesportiu de Carrús,81 – C.S. Doctor Sapena,8,11:53
38 – Poliesportiu de Carrús,75 – L´aljub,8,10:43
38 – Poliesportiu de Carrús,72 – Plaza de madrid,8,08:04
34 – Hospital General,87 – CEIP Sanchis Guarner,8,16:37
97 – Huerto del cura,85 – Sor Josefa Alcorta 34,8,08:06
46 – UMH / Rectorado,35 – Hospital del Vinalopó,8,18:31
111 – Avenida Alicante 38,54 – Plaza de Benidorm,8,08:20
82 – Antonio Machado 73,75 – L´aljub,8,05:28
82 – Antonio Machado 73,50 – Borreguet,8,09:05
4 – Plaça del Raval,52 – Centro salud el Toscar,8,18:08
8 – Polivalent de Carrús,96 – Puente de Santa Teresa,8,09:07
16 – Jardí d’Asp,114 – Jardin Biólogo Antonio de Zulueta,8,22:14
16 – Jardí d’Asp,108 – José Ferrández Cruz,8,20:02
41 – Dipòsit Municipal de Carrús,35 – Hospital del Vinalopó,8,13:51
41 – Dipòsit Municipal de Carrús,34 – Hospital General,8,17:59
87 – CEIP Sanchis Guarner,48 – Av. Corts Valencianes,8,12:16
87 – CEIP Sanchis Guarner,30 – Squash,8,24:17
64 – Jardín 25 de abril,8 – Polivalent de Carrús,8,04:30
81 – C.S. Doctor Sapena,84 – Fernanda Santa María 64,8,05:27
93 – Parque Rey Jaume I,39 – Francesc Cantó,8,10:57
70 – Libertad-Diagonal,62 – Calle Inca con brea,8,13:06
111 – Avenida Alicante 38,112 – CEIP San Fernando,8,06:06
10 – L’Escorxador,76 – Puente Altamira,8,18:16
80 – Reina Victoria con Gabriel Miró,32 – Centre de Salut d’Altabix,8,13:34
80 – Reina Victoria con Gabriel Miró,7 – Pavelló Municipal,8,15:13
70 – Libertad-Diagonal,34 – Hospital General,8,12:36
82 – Antonio Machado 73,20 – Antoni Mena / Fra Jaume Torres,8,04:58
54 – Plaza de Benidorm,86 – El Corte Inglés,8,17:23
64 – Jardín 25 de abril,16 – Jardí d’Asp,8,07:10
76 – Puente Altamira,88 – Pistas del Pla,8,10:24
8 – Polivalent de Carrús,105 – Almansa con Avda. Novelda,8,07:54
63 – CEIP Eugeni d’Ors,105 – Almansa con Avda. Novelda,8,05:22
3 – Plaça de la Llotja,78 – Jorge Juan 24,8,13:01
3 – Plaça de la Llotja,72 – Plaza de madrid,8,13:12
6 – Ajuntament,97 – Huerto del cura,8,06:16
93 – Parque Rey Jaume I,92 – Parking Candalix,8,02:18
10 – L’Escorxador,80 – Reina Victoria con Gabriel Miró,8,12:41
10 – L’Escorxador,79 – Intercambiador pasarela,8,10:15
53 – C.P. Victor Pradera,115 – Passeig d´Atzavares,8,14:34
53 – C.P. Victor Pradera,107 – Josefina Manresa,8,09:05
53 – C.P. Victor Pradera,85 – Sor Josefa Alcorta 34,8,16:02
39 – Francesc Cantó,83 – Conrado del campo 35,8,06:18
110 – Avda Novelda con Obispo Barrachina,72 – Plaza de madrid,8,05:57
31 – Sant Antoni,96 – Puente de Santa Teresa,8,16:17
106 – Estadio Manolo Jaén,34 – Hospital General,8,11:12
22 – Av. Llauradors / Eslava,51 – Ciudad deportiva zona sur,8,24:35
39 – Francesc Cantó,96 – Puente de Santa Teresa,8,08:37
88 – Pistas del Pla,5 – Centre de Congressos,8,10:48
106 – Estadio Manolo Jaén,102 – UMH-Altabix,8,07:21
106 – Estadio Manolo Jaén,101 – UMH-La Galia,8,13:36
88 – Pistas del Pla,21 – C.P. Mariano Benlliure,8,08:44
31 – Sant Antoni,98 – IES Sixto Marco,8,07:39
95 – IES Vicente Verdu,53 – C.P. Victor Pradera,8,22:11
16 – Jardí d’Asp,79 – Intercambiador pasarela,8,09:27
8 – Polivalent de Carrús,77 – Plaza Obispo Siuri,8,04:49
90 – Centro salud el Pla,20 – Antoni Mena / Fra Jaume Torres,8,06:15
106 – Estadio Manolo Jaén,71 – IES Carrús,8,14:39
88 – Pistas del Pla,50 – Borreguet,8,13:03
15 – Av. Llibertat / Reina Victòria,106 – Estadio Manolo Jaén,8,20:30
10 – L’Escorxador,97 – Huerto del cura,8,08:49
80 – Reina Victoria con Gabriel Miró,72 – Plaza de madrid,8,07:45
97 – Huerto del cura,114 – Jardin Biólogo Antonio de Zulueta,8,10:16
80 – Reina Victoria con Gabriel Miró,68 – Arturo Salvetti Pardo,8,10:02
23 – Conrado del Campo / Trinquet,76 – Puente Altamira,8,10:43
80 – Reina Victoria con Gabriel Miró,45 – Plaça de Barcelona,8,06:45
45 – Plaça de Barcelona,100 – C.S. Raval,8,10:33
111 – Avenida Alicante 38,97 – Huerto del cura,8,07:21
81 – C.S. Doctor Sapena,27 – UMH / Pavelló d’Esports,8,16:34
37 – Hort de Travaló,109 – Parque Huerto del Torreret,8,09:57
45 – Plaça de Barcelona,95 – IES Vicente Verdu,8,11:17
6 – Ajuntament,114 – Jardin Biólogo Antonio de Zulueta,8,16:29
70 – Libertad-Diagonal,84 – Fernanda Santa María 64,8,10:42
81 – C.S. Doctor Sapena,19 – Jesuïtines,8,14:43
81 – C.S. Doctor Sapena,34 – Hospital General,8,14:05
45 – Plaça de Barcelona,68 – Arturo Salvetti Pardo,8,04:40
103 – UMH-Altet,106 – Estadio Manolo Jaén,8,08:02
88 – Pistas del Pla,86 – El Corte Inglés,8,03:54
102 – UMH-Altabix,34 – Hospital General,8,13:07
75 – L´aljub,90 – Centro salud el Pla,8,11:51
102 – UMH-Altabix,24 – Policia Local,8,12:46
102 – UMH-Altabix,41 – Dipòsit Municipal de Carrús,8,14:26
20 – Antoni Mena / Fra Jaume Torres,84 – Fernanda Santa María 64,8,11:14
106 – Estadio Manolo Jaén,78 – Jorge Juan 24,7,24:03
89 – CEIP Dama d´Elx,35 – Hospital del Vinalopó,7,09:22
31 – Sant Antoni,35 – Hospital del Vinalopó,7,19:50
89 – CEIP Dama d´Elx,79 – Intercambiador pasarela,7,08:16
49 – Av. Alicante 59,85 – Sor Josefa Alcorta 34,7,14:21
16 – Jardí d’Asp,106 – Estadio Manolo Jaén,7,20:47
95 – IES Vicente Verdu,111 – Avenida Alicante 38,7,17:20
16 – Jardí d’Asp,91 – Centro social el Pla,7,15:58
89 – CEIP Dama d´Elx,7 – Pavelló Municipal,7,23:02
14 – Comissaria,56 – UMH / Torre Vaillo,7,13:29
61 – Avenida Novelda 191,12 – Ambulatori de Sant Fermí,7,09:52
114 – Jardin Biólogo Antonio de Zulueta,76 – Puente Altamira,7,14:09
13 – Jardí del 1r de Maig,72 – Plaza de madrid,7,06:26
90 – Centro salud el Pla,15 – Av. Llibertat / Reina Victòria,7,12:54
28 – Passeig de les Germanies,113 – Alcalde Juan Hernández,7,18:49
88 – Pistas del Pla,7 – Pavelló Municipal,7,19:41
114 – Jardin Biólogo Antonio de Zulueta,54 – Plaza de Benidorm,7,11:02
114 – Jardin Biólogo Antonio de Zulueta,51 – Ciudad deportiva zona sur,7,13:57
114 – Jardin Biólogo Antonio de Zulueta,49 – Av. Alicante 59,7,09:44
76 – Puente Altamira,47 – C.P. Virgen de la Asunción,7,05:56
76 – Puente Altamira,38 – Poliesportiu de Carrús,7,12:14
76 – Puente Altamira,21 – C.P. Mariano Benlliure,7,10:39
76 – Puente Altamira,10 – L’Escorxador,7,11:45
40 – C.P. Baix Vinalopó,69 – Olegario Domarco Seller 44,7,05:02
40 – C.P. Baix Vinalopó,89 – CEIP Dama d´Elx,7,09:52
63 – CEIP Eugeni d’Ors,48 – Av. Corts Valencianes,7,06:10
63 – CEIP Eugeni d’Ors,38 – Poliesportiu de Carrús,7,04:49
39 – Francesc Cantó,111 – Avenida Alicante 38,7,10:31
39 – Francesc Cantó,100 – C.S. Raval,7,10:23
40 – C.P. Baix Vinalopó,97 – Huerto del cura,7,09:51
63 – CEIP Eugeni d’Ors,94 – Parking Gran Teatre,7,13:06
87 – CEIP Sanchis Guarner,96 – Puente de Santa Teresa,7,09:35
64 – Jardín 25 de abril,28 – Passeig de les Germanies,7,09:45
106 – Estadio Manolo Jaén,31 – Sant Antoni,7,07:34
87 – CEIP Sanchis Guarner,20 – Antoni Mena / Fra Jaume Torres,7,13:15
104 – UMH-Arenals,78 – Jorge Juan 24,7,15:08
50 – Borreguet,38 – Poliesportiu de Carrús,7,17:52
101 – UMH-La Galia,78 – Jorge Juan 24,7,15:15
101 – UMH-La Galia,77 – Plaza Obispo Siuri,7,10:26
65 – C.P. El toscar,1 – Estació d’Autobusos,7,08:48
87 – CEIP Sanchis Guarner,10 – L’Escorxador,7,13:27
113 – Alcalde Juan Hernández,93 – Parque Rey Jaume I,7,12:36
19 – Jesuïtines,91 – Centro social el Pla,7,15:33
101 – UMH-La Galia,49 – Av. Alicante 59,7,09:31
87 – CEIP Sanchis Guarner,8 – Polivalent de Carrús,7,10:37
107 – Josefina Manresa,77 – Plaza Obispo Siuri,7,15:43
107 – Josefina Manresa,76 – Puente Altamira,7,16:17
107 – Josefina Manresa,70 – Libertad-Diagonal,7,13:22
86 – El Corte Inglés,48 – Av. Corts Valencianes,7,11:04
113 – Alcalde Juan Hernández,94 – Parking Gran Teatre,7,26:11
86 – El Corte Inglés,95 – IES Vicente Verdu,7,04:52
101 – UMH-La Galia,7 – Pavelló Municipal,7,13:56
23 – Conrado del Campo / Trinquet,84 – Fernanda Santa María 64,7,09:21
76 – Puente Altamira,110 – Avda Novelda con Obispo Barrachina,7,11:57
3 – Plaça de la Llotja,98 – IES Sixto Marco,7,08:09
86 – El Corte Inglés,29 – Casablanca,7,18:05
65 – C.P. El toscar,80 – Reina Victoria con Gabriel Miró,7,08:41
65 – C.P. El toscar,74 – IES Nit de l´Albà,7,13:07
65 – C.P. El toscar,67 – Calle Grao con Victoria Kent,7,08:34
86 – El Corte Inglés,54 – Plaza de Benidorm,7,16:58
86 – El Corte Inglés,49 – Av. Alicante 59,7,21:51
65 – C.P. El toscar,96 – Puente de Santa Teresa,7,10:19
91 – Centro social el Pla,22 – Av. Llauradors / Eslava,7,08:47
86 – El Corte Inglés,17 – Plaça de Castella,7,22:22
66 – Jardín escritor Juan Fuster,9 – Biblioteca de Sant Josep,7,12:23
113 – Alcalde Juan Hernández,83 – Conrado del campo 35,7,17:44
75 – L´aljub,26 – UMH / Escola Oficial d’Idiomes,7,18:48
76 – Puente Altamira,91 – Centro social el Pla,7,12:26
8 – Polivalent de Carrús,111 – Avenida Alicante 38,7,17:00
8 – Polivalent de Carrús,67 – Calle Grao con Victoria Kent,7,07:59
75 – L´aljub,50 – Borreguet,7,15:23
56 – UMH / Torre Vaillo,79 – Intercambiador pasarela,7,10:58
91 – Centro social el Pla,76 – Puente Altamira,7,12:26
85 – Sor Josefa Alcorta 34,103 – UMH-Altet,7,15:15
100 – C.S. Raval,70 – Libertad-Diagonal,7,13:36
85 – Sor Josefa Alcorta 34,93 – Parque Rey Jaume I,7,10:57
42 – Multi Aventura Travaló,41 – Dipòsit Municipal de Carrús,7,30:12
42 – Multi Aventura Travaló,72 – Plaza de madrid,7,24:30
56 – UMH / Torre Vaillo,29 – Casablanca,7,11:29
32 – Centre de Salut d’Altabix,87 – CEIP Sanchis Guarner,7,18:10
85 – Sor Josefa Alcorta 34,51 – Ciudad deportiva zona sur,7,15:32
42 – Multi Aventura Travaló,93 – Parque Rey Jaume I,7,13:22
108 – José Ferrández Cruz,16 – Jardí d’Asp,7,20:25
4 – Plaça del Raval,102 – UMH-Altabix,7,12:13
95 – IES Vicente Verdu,88 – Pistas del Pla,7,08:12
95 – IES Vicente Verdu,87 – CEIP Sanchis Guarner,7,11:44
95 – IES Vicente Verdu,86 – El Corte Inglés,7,05:10
96 – Puente de Santa Teresa,48 – Av. Corts Valencianes,7,11:20
85 – Sor Josefa Alcorta 34,17 – Plaça de Castella,7,20:58
85 – Sor Josefa Alcorta 34,43 – Palmerars – Ciutat de la Justícia,7,12:46
30 – Squash,81 – C.S. Doctor Sapena,7,21:35
30 – Squash,80 – Reina Victoria con Gabriel Miró,7,18:55
18 – Poliesportiu d’Altabix,93 – Parque Rey Jaume I,7,13:02
105 – Almansa con Avda. Novelda,108 – José Ferrández Cruz,7,18:04
92 – Parking Candalix,15 – Av. Llibertat / Reina Victòria,7,10:20
84 – Fernanda Santa María 64,101 – UMH-La Galia,7,17:10
84 – Fernanda Santa María 64,99 – IES La Asunción,7,10:36
113 – Alcalde Juan Hernández,10 – L’Escorxador,7,10:03
108 – José Ferrández Cruz,25 – Cor de Jesús,7,16:31
84 – Fernanda Santa María 64,81 – C.S. Doctor Sapena,7,03:53
77 – Plaza Obispo Siuri,18 – Poliesportiu d’Altabix,7,20:11
29 – Casablanca,91 – Centro social el Pla,7,11:44
92 – Parking Candalix,30 – Squash,7,17:57
99 – IES La Asunción,78 – Jorge Juan 24,7,09:31
18 – Poliesportiu d’Altabix,115 – Passeig d´Atzavares,7,11:43
84 – Fernanda Santa María 64,48 – Av. Corts Valencianes,7,13:47
30 – Squash,83 – Conrado del campo 35,7,19:41
68 – Arturo Salvetti Pardo,45 – Plaça de Barcelona,7,03:06
29 – Casablanca,51 – Ciudad deportiva zona sur,7,19:20
84 – Fernanda Santa María 64,7 – Pavelló Municipal,7,18:45
99 – IES La Asunción,51 – Ciudad deportiva zona sur,7,23:36
99 – IES La Asunción,40 – C.P. Baix Vinalopó,7,13:30
30 – Squash,91 – Centro social el Pla,7,25:32
83 – Conrado del campo 35,87 – CEIP Sanchis Guarner,7,07:06
43 – Palmerars – Ciutat de la Justícia,88 – Pistas del Pla,7,12:28
14 – Comissaria,111 – Avenida Alicante 38,7,05:55
50 – Borreguet,115 – Passeig d´Atzavares,7,17:20
110 – Avda Novelda con Obispo Barrachina,50 – Borreguet,7,10:27
83 – Conrado del campo 35,86 – El Corte Inglés,7,06:31
112 – CEIP San Fernando,46 – UMH / Rectorado,7,11:35
99 – IES La Asunción,20 – Antoni Mena / Fra Jaume Torres,7,12:25
112 – CEIP San Fernando,40 – C.P. Baix Vinalopó,7,14:44
68 – Arturo Salvetti Pardo,103 – UMH-Altet,7,12:02
83 – Conrado del campo 35,71 – IES Carrús,7,09:38
99 – IES La Asunción,26 – UMH / Escola Oficial d’Idiomes,7,10:50
69 – Olegario Domarco Seller 44,27 – UMH / Pavelló d’Esports,7,14:43
5 – Centre de Congressos,69 – Olegario Domarco Seller 44,7,11:09
55 – Pere Joan Perpinyà,74 – IES Nit de l´Albà,7,07:34
43 – Palmerars – Ciutat de la Justícia,111 – Avenida Alicante 38,7,10:26
83 – Conrado del campo 35,17 – Plaça de Castella,7,18:59
77 – Plaza Obispo Siuri,91 – Centro social el Pla,7,09:11
95 – IES Vicente Verdu,2 – Oficina de Turisme,7,15:40
95 – IES Vicente Verdu,35 – Hospital del Vinalopó,7,30:04
21 – C.P. Mariano Benlliure,76 – Puente Altamira,7,11:10
35 – Hospital del Vinalopó,37 – Hort de Travaló,7,24:02
11 – Plaça de Crevillent,98 – IES Sixto Marco,7,15:20
108 – José Ferrández Cruz,109 – Parque Huerto del Torreret,7,05:48
5 – Centre de Congressos,88 – Pistas del Pla,7,11:06
5 – Centre de Congressos,82 – Antonio Machado 73,7,11:52
105 – Almansa con Avda. Novelda,77 – Plaza Obispo Siuri,7,07:59
38 – Poliesportiu de Carrús,88 – Pistas del Pla,7,17:53
5 – Centre de Congressos,95 – IES Vicente Verdu,7,12:20
82 – Antonio Machado 73,89 – CEIP Dama d´Elx,7,08:52
82 – Antonio Machado 73,80 – Reina Victoria con Gabriel Miró,7,09:06
103 – UMH-Altet,84 – Fernanda Santa María 64,7,13:35
112 – CEIP San Fernando,7 – Pavelló Municipal,7,10:31
74 – IES Nit de l´Albà,79 – Intercambiador pasarela,7,07:55
7 – Pavelló Municipal,103 – UMH-Altet,7,08:35
54 – Plaza de Benidorm,114 – Jardin Biólogo Antonio de Zulueta,7,09:12
22 – Av. Llauradors / Eslava,88 – Pistas del Pla,7,07:05
38 – Poliesportiu de Carrús,65 – C.P. El toscar,7,04:13
38 – Poliesportiu de Carrús,78 – Jorge Juan 24,7,08:18
27 – UMH / Pavelló d’Esports,106 – Estadio Manolo Jaén,7,06:17
33 – Av. Libertat / l’Aljub,95 – IES Vicente Verdu,7,05:02
30 – Squash,72 – Plaza de madrid,7,18:35
5 – Centre de Congressos,110 – Avda Novelda con Obispo Barrachina,7,12:51
54 – Plaza de Benidorm,48 – Av. Corts Valencianes,7,16:37
93 – Parque Rey Jaume I,31 – Sant Antoni,7,07:53
111 – Avenida Alicante 38,113 – Alcalde Juan Hernández,7,08:07
53 – C.P. Victor Pradera,114 – Jardin Biólogo Antonio de Zulueta,7,09:37
70 – Libertad-Diagonal,69 – Olegario Domarco Seller 44,7,04:59
93 – Parque Rey Jaume I,47 – C.P. Virgen de la Asunción,7,10:09
29 – Casablanca,86 – El Corte Inglés,7,16:09
98 – IES Sixto Marco,47 – C.P. Virgen de la Asunción,7,13:21
17 – Plaça de Castella,110 – Avda Novelda con Obispo Barrachina,7,17:23
111 – Avenida Alicante 38,106 – Estadio Manolo Jaén,7,08:40
74 – IES Nit de l´Albà,45 – Plaça de Barcelona,7,09:05
81 – C.S. Doctor Sapena,30 – Squash,7,18:26
30 – Squash,79 – Intercambiador pasarela,7,17:34
29 – Casablanca,73 – Plaza de la aparadora,7,09:35
37 – Hort de Travaló,115 – Passeig d´Atzavares,7,05:40
10 – L’Escorxador,94 – Parking Gran Teatre,7,09:15
53 – C.P. Victor Pradera,96 – Puente de Santa Teresa,7,12:47
3 – Plaça de la Llotja,62 – Calle Inca con brea,7,17:48
81 – C.S. Doctor Sapena,18 – Poliesportiu d’Altabix,7,21:09
81 – C.S. Doctor Sapena,14 – Comissaria,7,10:45
111 – Avenida Alicante 38,85 – Sor Josefa Alcorta 34,7,14:21
71 – IES Carrús,36 – I.E.S. Victoria Kent,7,20:25
34 – Hospital General,114 – Jardin Biólogo Antonio de Zulueta,7,08:20
74 – IES Nit de l´Albà,65 – C.P. El toscar,7,07:41
51 – Ciudad deportiva zona sur,34 – Hospital General,7,11:33
51 – Ciudad deportiva zona sur,29 – Casablanca,7,18:10
71 – IES Carrús,49 – Av. Alicante 59,7,16:04
81 – C.S. Doctor Sapena,7 – Pavelló Municipal,7,20:22
23 – Conrado del Campo / Trinquet,71 – IES Carrús,7,13:25
109 – Parque Huerto del Torreret,78 – Jorge Juan 24,7,19:54
80 – Reina Victoria con Gabriel Miró,97 – Huerto del cura,7,06:55
15 – Av. Llibertat / Reina Victòria,99 – IES La Asunción,7,13:25
111 – Avenida Alicante 38,78 – Jorge Juan 24,7,16:45
1 – Estació d’Autobusos,68 – Arturo Salvetti Pardo,7,08:11
93 – Parque Rey Jaume I,88 – Pistas del Pla,7,12:42
37 – Hort de Travaló,113 – Alcalde Juan Hernández,7,05:21
37 – Hort de Travaló,112 – CEIP San Fernando,7,08:59
45 – Plaça de Barcelona,96 – Puente de Santa Teresa,7,07:21
34 – Hospital General,52 – Centro salud el Toscar,7,21:56
34 – Hospital General,74 – IES Nit de l´Albà,7,26:17
23 – Conrado del Campo / Trinquet,77 – Plaza Obispo Siuri,7,07:46
94 – Parking Gran Teatre,113 – Alcalde Juan Hernández,7,11:33
94 – Parking Gran Teatre,109 – Parque Huerto del Torreret,7,15:26
105 – Almansa con Avda. Novelda,29 – Casablanca,7,07:02
51 – Ciudad deportiva zona sur,85 – Sor Josefa Alcorta 34,7,16:15
71 – IES Carrús,111 – Avenida Alicante 38,7,15:09
94 – Parking Gran Teatre,21 – C.P. Mariano Benlliure,7,12:01
93 – Parque Rey Jaume I,115 – Passeig d´Atzavares,7,15:31
10 – L’Escorxador,86 – El Corte Inglés,7,12:21
97 – Huerto del cura,111 – Avenida Alicante 38,7,05:40
80 – Reina Victoria con Gabriel Miró,8 – Polivalent de Carrús,7,08:44
30 – Squash,47 – C.P. Virgen de la Asunción,7,22:02
105 – Almansa con Avda. Novelda,64 – Jardín 25 de abril,7,05:42
26 – UMH / Escola Oficial d’Idiomes,68 – Arturo Salvetti Pardo,7,12:01
73 – Plaza de la aparadora,105 – Almansa con Avda. Novelda,7,13:08
78 – Jorge Juan 24,70 – Libertad-Diagonal,7,09:36
94 – Parking Gran Teatre,115 – Passeig d´Atzavares,7,21:54
52 – Centro salud el Toscar,41 – Dipòsit Municipal de Carrús,7,13:12
72 – Plaza de madrid,49 – Av. Alicante 59,7,13:18
109 – Parque Huerto del Torreret,102 – UMH-Altabix,7,09:52
79 – Intercambiador pasarela,94 – Parking Gran Teatre,7,06:03
46 – UMH / Rectorado,72 – Plaza de madrid,7,15:09
46 – UMH / Rectorado,52 – Centro salud el Toscar,7,15:07
79 – Intercambiador pasarela,83 – Conrado del campo 35,7,04:48
79 – Intercambiador pasarela,82 – Antonio Machado 73,7,09:05
79 – Intercambiador pasarela,72 – Plaza de madrid,7,10:02
105 – Almansa con Avda. Novelda,53 – C.P. Victor Pradera,7,19:50
97 – Huerto del cura,79 – Intercambiador pasarela,7,07:11
104 – UMH-Arenals,54 – Plaza de Benidorm,7,08:33
21 – C.P. Mariano Benlliure,51 – Ciudad deportiva zona sur,7,22:13
73 – Plaza de la aparadora,65 – C.P. El toscar,7,05:40
79 – Intercambiador pasarela,7 – Pavelló Municipal,7,16:17
47 – C.P. Virgen de la Asunción,84 – Fernanda Santa María 64,7,07:47
73 – Plaza de la aparadora,77 – Plaza Obispo Siuri,7,04:13
52 – Centro salud el Toscar,10 – L’Escorxador,7,13:07
7 – Pavelló Municipal,97 – Huerto del cura,7,14:32
73 – Plaza de la aparadora,4 – Plaça del Raval,7,11:49
79 – Intercambiador pasarela,29 – Casablanca,7,15:14
46 – UMH / Rectorado,107 – Josefina Manresa,7,07:30
51 – Ciudad deportiva zona sur,113 – Alcalde Juan Hernández,7,06:41
26 – UMH / Escola Oficial d’Idiomes,97 – Huerto del cura,7,08:40
9 – Biblioteca de Sant Josep,106 – Estadio Manolo Jaén,7,21:19
78 – Jorge Juan 24,107 – Josefina Manresa,7,20:49
9 – Biblioteca de Sant Josep,101 – UMH-La Galia,7,18:07
78 – Jorge Juan 24,90 – Centro salud el Pla,7,07:36
78 – Jorge Juan 24,77 – Plaza Obispo Siuri,7,08:46
47 – C.P. Virgen de la Asunción,65 – C.P. El toscar,7,08:54
73 – Plaza de la aparadora,82 – Antonio Machado 73,7,09:20
97 – Huerto del cura,7 – Pavelló Municipal,7,13:47
115 – Passeig d´Atzavares,85 – Sor Josefa Alcorta 34,7,19:49
25 – Cor de Jesús,89 – CEIP Dama d´Elx,7,08:22
25 – Cor de Jesús,87 – CEIP Sanchis Guarner,7,10:11
102 – UMH-Altabix,81 – C.S. Doctor Sapena,7,14:28
115 – Passeig d´Atzavares,40 – C.P. Baix Vinalopó,7,20:01
102 – UMH-Altabix,74 – IES Nit de l´Albà,7,14:30
115 – Passeig d´Atzavares,93 – Parque Rey Jaume I,7,16:00
115 – Passeig d´Atzavares,53 – C.P. Victor Pradera,6,15:00
25 – Cor de Jesús,67 – Calle Grao con Victoria Kent,6,08:55
115 – Passeig d´Atzavares,44 – Portes Encarnades,6,20:22
115 – Passeig d´Atzavares,111 – Avenida Alicante 38,6,15:38
106 – Estadio Manolo Jaén,80 – Reina Victoria con Gabriel Miró,6,14:24
115 – Passeig d´Atzavares,18 – Poliesportiu d’Altabix,6,16:57
102 – UMH-Altabix,75 – L´aljub,6,17:19
43 – Palmerars – Ciutat de la Justícia,27 – UMH / Pavelló d’Esports,6,14:31
113 – Alcalde Juan Hernández,21 – C.P. Mariano Benlliure,6,19:10
21 – C.P. Mariano Benlliure,78 – Jorge Juan 24,6,13:44
35 – Hospital del Vinalopó,90 – Centro salud el Pla,6,06:37
77 – Plaza Obispo Siuri,16 – Jardí d’Asp,6,09:25
77 – Plaza Obispo Siuri,22 – Av. Llauradors / Eslava,6,06:37
102 – UMH-Altabix,20 – Antoni Mena / Fra Jaume Torres,6,15:18
114 – Jardin Biólogo Antonio de Zulueta,107 – Josefina Manresa,6,19:16
61 – Avenida Novelda 191,13 – Jardí del 1r de Maig,6,06:40
78 – Jorge Juan 24,93 – Parque Rey Jaume I,6,09:51
73 – Plaza de la aparadora,39 – Francesc Cantó,6,04:55
17 – Plaça de Castella,62 – Calle Inca con brea,6,26:58
17 – Plaça de Castella,72 – Plaza de madrid,6,18:00
17 – Plaça de Castella,73 – Plaza de la aparadora,6,16:14
113 – Alcalde Juan Hernández,3 – Plaça de la Llotja,6,09:24
18 – Poliesportiu d’Altabix,111 – Avenida Alicante 38,6,10:14
67 – Calle Grao con Victoria Kent,102 – UMH-Altabix,6,09:32
56 – UMH / Torre Vaillo,14 – Comissaria,6,16:29
94 – Parking Gran Teatre,73 – Plaza de la aparadora,6,14:18
36 – I.E.S. Victoria Kent,107 – Josefina Manresa,6,11:17
73 – Plaza de la aparadora,50 – Borreguet,6,11:21
90 – Centro salud el Pla,22 – Av. Llauradors / Eslava,6,06:12
88 – Pistas del Pla,79 – Intercambiador pasarela,6,09:00
31 – Sant Antoni,88 – Pistas del Pla,6,16:36
102 – UMH-Altabix,16 – Jardí d’Asp,6,21:37
12 – Ambulatori de Sant Fermí,104 – UMH-Arenals,6,13:40
112 – CEIP San Fernando,99 – IES La Asunción,6,03:36
67 – Calle Grao con Victoria Kent,85 – Sor Josefa Alcorta 34,6,10:27
67 – Calle Grao con Victoria Kent,97 – Huerto del cura,6,15:46
99 – IES La Asunción,83 – Conrado del campo 35,6,14:36
99 – IES La Asunción,90 – Centro salud el Pla,6,09:27
21 – C.P. Mariano Benlliure,95 – IES Vicente Verdu,6,15:31
91 – Centro social el Pla,114 – Jardin Biólogo Antonio de Zulueta,6,17:44
67 – Calle Grao con Victoria Kent,10 – L’Escorxador,6,19:41
67 – Calle Grao con Victoria Kent,21 – C.P. Mariano Benlliure,6,12:56
90 – Centro salud el Pla,19 – Jesuïtines,6,11:32
62 – Calle Inca con brea,91 – Centro social el Pla,6,20:24
63 – CEIP Eugeni d’Ors,2 – Oficina de Turisme,6,13:01
102 – UMH-Altabix,31 – Sant Antoni,6,14:40
26 – UMH / Escola Oficial d’Idiomes,91 – Centro social el Pla,6,15:51
46 – UMH / Rectorado,99 – IES La Asunción,6,14:15
46 – UMH / Rectorado,81 – C.S. Doctor Sapena,6,14:20
29 – Casablanca,49 – Av. Alicante 59,6,14:51
112 – CEIP San Fernando,108 – José Ferrández Cruz,6,14:18
35 – Hospital del Vinalopó,49 – Av. Alicante 59,6,24:46
76 – Puente Altamira,115 – Passeig d´Atzavares,6,18:54
77 – Plaza Obispo Siuri,3 – Plaça de la Llotja,6,15:45
48 – Av. Corts Valencianes,96 – Puente de Santa Teresa,6,09:44
8 – Polivalent de Carrús,102 – UMH-Altabix,6,12:41
50 – Borreguet,101 – UMH-La Galia,6,12:13
92 – Parking Candalix,71 – IES Carrús,6,10:36
43 – Palmerars – Ciutat de la Justícia,86 – El Corte Inglés,6,17:58
83 – Conrado del campo 35,113 – Alcalde Juan Hernández,6,19:01
99 – IES La Asunción,46 – UMH / Rectorado,6,11:11
99 – IES La Asunción,67 – Calle Grao con Victoria Kent,6,14:27
100 – C.S. Raval,35 – Hospital del Vinalopó,6,12:41
100 – C.S. Raval,46 – UMH / Rectorado,6,13:11
7 – Pavelló Municipal,85 – Sor Josefa Alcorta 34,6,17:06
7 – Pavelló Municipal,91 – Centro social el Pla,6,26:02
73 – Plaza de la aparadora,79 – Intercambiador pasarela,6,07:40
51 – Ciudad deportiva zona sur,79 – Intercambiador pasarela,6,09:34
94 – Parking Gran Teatre,98 – IES Sixto Marco,6,06:28
40 – C.P. Baix Vinalopó,64 – Jardín 25 de abril,6,10:31
106 – Estadio Manolo Jaén,55 – Pere Joan Perpinyà,6,19:18
106 – Estadio Manolo Jaén,56 – UMH / Torre Vaillo,6,08:37
88 – Pistas del Pla,33 – Av. Libertat / l’Aljub,6,07:33
88 – Pistas del Pla,45 – Plaça de Barcelona,6,17:51
40 – C.P. Baix Vinalopó,114 – Jardin Biólogo Antonio de Zulueta,6,15:21
28 – Passeig de les Germanies,112 – CEIP San Fernando,6,17:31
28 – Passeig de les Germanies,80 – Reina Victoria con Gabriel Miró,6,09:53
88 – Pistas del Pla,70 – Libertad-Diagonal,6,12:09
97 – Huerto del cura,26 – UMH / Escola Oficial d’Idiomes,6,13:38
97 – Huerto del cura,31 – Sant Antoni,6,09:20
97 – Huerto del cura,54 – Plaza de Benidorm,6,04:33
104 – UMH-Arenals,33 – Av. Libertat / l’Aljub,6,15:56
104 – UMH-Arenals,37 – Hort de Travaló,6,10:42
4 – Plaça del Raval,111 – Avenida Alicante 38,6,18:06
85 – Sor Josefa Alcorta 34,37 – Hort de Travaló,6,21:28
83 – Conrado del campo 35,82 – Antonio Machado 73,6,07:38
26 – UMH / Escola Oficial d’Idiomes,115 – Passeig d´Atzavares,6,20:59
3 – Plaça de la Llotja,114 – Jardin Biólogo Antonio de Zulueta,6,10:09
50 – Borreguet,75 – L´aljub,6,15:02
112 – CEIP San Fernando,28 – Passeig de les Germanies,6,19:30
68 – Arturo Salvetti Pardo,104 – UMH-Arenals,6,15:00
73 – Plaza de la aparadora,3 – Plaça de la Llotja,6,15:03
79 – Intercambiador pasarela,69 – Olegario Domarco Seller 44,6,06:14
79 – Intercambiador pasarela,78 – Jorge Juan 24,6,09:20
72 – Plaza de madrid,100 – C.S. Raval,6,11:57
79 – Intercambiador pasarela,98 – IES Sixto Marco,6,10:11
109 – Parque Huerto del Torreret,103 – UMH-Altet,6,12:11
63 – CEIP Eugeni d’Ors,13 – Jardí del 1r de Maig,6,03:58
114 – Jardin Biólogo Antonio de Zulueta,46 – UMH / Rectorado,6,15:32
83 – Conrado del campo 35,73 – Plaza de la aparadora,6,08:37
99 – IES La Asunción,22 – Av. Llauradors / Eslava,6,17:07
85 – Sor Josefa Alcorta 34,49 – Av. Alicante 59,6,13:56
91 – Centro social el Pla,79 – Intercambiador pasarela,6,09:43
14 – Comissaria,71 – IES Carrús,6,14:19
78 – Jorge Juan 24,48 – Av. Corts Valencianes,6,10:01
78 – Jorge Juan 24,21 – C.P. Mariano Benlliure,6,08:51
47 – C.P. Virgen de la Asunción,108 – José Ferrández Cruz,6,22:39
111 – Avenida Alicante 38,9 – Biblioteca de Sant Josep,6,12:37
91 – Centro social el Pla,89 – CEIP Dama d´Elx,6,02:29
56 – UMH / Torre Vaillo,41 – Dipòsit Municipal de Carrús,6,11:34
93 – Parque Rey Jaume I,15 – Av. Llibertat / Reina Victòria,6,13:04
83 – Conrado del campo 35,16 – Jardí d’Asp,6,13:53
69 – Olegario Domarco Seller 44,15 – Av. Llibertat / Reina Victòria,6,09:18
66 – Jardín escritor Juan Fuster,41 – Dipòsit Municipal de Carrús,6,11:43
32 – Centre de Salut d’Altabix,80 – Reina Victoria con Gabriel Miró,6,13:41
92 – Parking Candalix,106 – Estadio Manolo Jaén,6,14:04
21 – C.P. Mariano Benlliure,73 – Plaza de la aparadora,6,09:38
74 – IES Nit de l´Albà,105 – Almansa con Avda. Novelda,6,18:07
48 – Av. Corts Valencianes,65 – C.P. El toscar,6,04:36
16 – Jardí d’Asp,63 – CEIP Eugeni d’Ors,6,03:28
66 – Jardín escritor Juan Fuster,19 – Jesuïtines,6,13:12
75 – L´aljub,66 – Jardín escritor Juan Fuster,6,14:07
52 – Centro salud el Toscar,56 – UMH / Torre Vaillo,6,15:10
26 – UMH / Escola Oficial d’Idiomes,71 – IES Carrús,6,11:07
4 – Plaça del Raval,78 – Jorge Juan 24,6,07:17
52 – Centro salud el Toscar,37 – Hort de Travaló,6,27:00
109 – Parque Huerto del Torreret,108 – José Ferrández Cruz,6,07:41
79 – Intercambiador pasarela,107 – Josefina Manresa,6,15:17
79 – Intercambiador pasarela,110 – Avda Novelda con Obispo Barrachina,6,10:06
37 – Hort de Travaló,96 – Puente de Santa Teresa,6,21:24
8 – Polivalent de Carrús,65 – C.P. El toscar,6,06:40
8 – Polivalent de Carrús,106 – Estadio Manolo Jaén,6,17:37
105 – Almansa con Avda. Novelda,79 – Intercambiador pasarela,6,08:38
55 – Pere Joan Perpinyà,29 – Casablanca,6,14:41
69 – Olegario Domarco Seller 44,78 – Jorge Juan 24,6,07:17
108 – José Ferrández Cruz,107 – Josefina Manresa,6,03:08
79 – Intercambiador pasarela,111 – Avenida Alicante 38,6,10:20
80 – Reina Victoria con Gabriel Miró,27 – UMH / Pavelló d’Esports,6,16:25
63 – CEIP Eugeni d’Ors,80 – Reina Victoria con Gabriel Miró,6,15:03
107 – Josefina Manresa,12 – Ambulatori de Sant Fermí,6,12:57
39 – Francesc Cantó,110 – Avda Novelda con Obispo Barrachina,6,12:59
20 – Antoni Mena / Fra Jaume Torres,94 – Parking Gran Teatre,6,15:16
31 – Sant Antoni,100 – C.S. Raval,6,12:49
69 – Olegario Domarco Seller 44,74 – IES Nit de l´Albà,6,11:01
103 – UMH-Altet,91 – Centro social el Pla,6,18:26
30 – Squash,69 – Olegario Domarco Seller 44,6,18:46
22 – Av. Llauradors / Eslava,100 – C.S. Raval,6,07:59
82 – Antonio Machado 73,88 – Pistas del Pla,6,14:42
103 – UMH-Altet,23 – Conrado del Campo / Trinquet,6,15:07
100 – C.S. Raval,84 – Fernanda Santa María 64,6,06:35
56 – UMH / Torre Vaillo,70 – Libertad-Diagonal,6,09:22
42 – Multi Aventura Travaló,13 – Jardí del 1r de Maig,6,20:41
85 – Sor Josefa Alcorta 34,106 – Estadio Manolo Jaén,6,20:08
48 – Av. Corts Valencianes,51 – Ciudad deportiva zona sur,6,19:33
48 – Av. Corts Valencianes,54 – Plaza de Benidorm,6,15:28
7 – Pavelló Municipal,112 – CEIP San Fernando,6,09:29
74 – IES Nit de l´Albà,44 – Portes Encarnades,6,12:34
12 – Ambulatori de Sant Fermí,112 – CEIP San Fernando,6,15:14
106 – Estadio Manolo Jaén,23 – Conrado del Campo / Trinquet,6,20:45
25 – Cor de Jesús,98 – IES Sixto Marco,6,10:33
114 – Jardin Biólogo Antonio de Zulueta,42 – Multi Aventura Travaló,6,04:45
63 – CEIP Eugeni d’Ors,76 – Puente Altamira,6,14:14
17 – Plaça de Castella,88 – Pistas del Pla,6,22:05
93 – Parque Rey Jaume I,108 – José Ferrández Cruz,6,16:11
93 – Parque Rey Jaume I,109 – Parque Huerto del Torreret,6,10:18
71 – IES Carrús,105 – Almansa con Avda. Novelda,6,12:17
71 – IES Carrús,87 – CEIP Sanchis Guarner,6,09:52
26 – UMH / Escola Oficial d’Idiomes,43 – Palmerars – Ciutat de la Justícia,6,12:04
97 – Huerto del cura,93 – Parque Rey Jaume I,6,04:56
34 – Hospital General,92 – Parking Candalix,6,12:42
13 – Jardí del 1r de Maig,42 – Multi Aventura Travaló,6,24:20
110 – Avda Novelda con Obispo Barrachina,105 – Almansa con Avda. Novelda,6,07:38
51 – Ciudad deportiva zona sur,67 – Calle Grao con Victoria Kent,6,24:32
102 – UMH-Altabix,7 – Pavelló Municipal,6,08:04
20 – Antoni Mena / Fra Jaume Torres,102 – UMH-Altabix,6,22:35
102 – UMH-Altabix,107 – Josefina Manresa,6,11:18
100 – C.S. Raval,74 – IES Nit de l´Albà,6,10:30
82 – Antonio Machado 73,45 – Plaça de Barcelona,6,11:12
82 – Antonio Machado 73,74 – IES Nit de l´Albà,6,15:37
65 – C.P. El toscar,79 – Intercambiador pasarela,6,06:34
56 – UMH / Torre Vaillo,91 – Centro social el Pla,6,16:03
86 – El Corte Inglés,26 – UMH / Escola Oficial d’Idiomes,6,17:27
11 – Plaça de Crevillent,72 – Plaza de madrid,6,09:04
44 – Portes Encarnades,111 – Avenida Alicante 38,6,12:22
44 – Portes Encarnades,101 – UMH-La Galia,6,12:29
69 – Olegario Domarco Seller 44,98 – IES Sixto Marco,6,16:03
30 – Squash,71 – IES Carrús,6,20:02
109 – Parque Huerto del Torreret,15 – Av. Llibertat / Reina Victòria,6,17:30
105 – Almansa con Avda. Novelda,33 – Av. Libertat / l’Aljub,6,10:01
56 – UMH / Torre Vaillo,106 – Estadio Manolo Jaén,6,08:15
58 – Polideportivo Torrellano,59 – Calle San Crispín 1 Torrellano,6,08:25
102 – UMH-Altabix,109 – Parque Huerto del Torreret,6,10:03
101 – UMH-La Galia,80 – Reina Victoria con Gabriel Miró,6,10:18
6 – Ajuntament,67 – Calle Grao con Victoria Kent,6,14:08
81 – C.S. Doctor Sapena,101 – UMH-La Galia,6,13:29
81 – C.S. Doctor Sapena,109 – Parque Huerto del Torreret,6,19:45
93 – Parque Rey Jaume I,29 – Casablanca,6,09:34
8 – Polivalent de Carrús,86 – El Corte Inglés,6,09:13
49 – Av. Alicante 59,114 – Jardin Biólogo Antonio de Zulueta,6,07:12
110 – Avda Novelda con Obispo Barrachina,67 – Calle Grao con Victoria Kent,6,12:32
53 – C.P. Victor Pradera,108 – José Ferrández Cruz,6,14:31
33 – Av. Libertat / l’Aljub,89 – CEIP Dama d´Elx,6,13:56
98 – IES Sixto Marco,83 – Conrado del campo 35,6,15:10
81 – C.S. Doctor Sapena,74 – IES Nit de l´Albà,6,04:27
44 – Portes Encarnades,113 – Alcalde Juan Hernández,6,19:16
7 – Pavelló Municipal,79 – Intercambiador pasarela,6,14:40
80 – Reina Victoria con Gabriel Miró,79 – Intercambiador pasarela,6,07:57
80 – Reina Victoria con Gabriel Miró,104 – UMH-Arenals,6,16:16
45 – Plaça de Barcelona,79 – Intercambiador pasarela,6,06:16
45 – Plaça de Barcelona,82 – Antonio Machado 73,6,10:05
45 – Plaça de Barcelona,88 – Pistas del Pla,6,07:46
45 – Plaça de Barcelona,90 – Centro salud el Pla,6,16:45
80 – Reina Victoria con Gabriel Miró,78 – Jorge Juan 24,6,07:45
41 – Dipòsit Municipal de Carrús,63 – CEIP Eugeni d’Ors,6,03:52
106 – Estadio Manolo Jaén,28 – Passeig de les Germanies,6,16:40
21 – C.P. Mariano Benlliure,100 – C.S. Raval,6,08:42
75 – L´aljub,106 – Estadio Manolo Jaén,6,24:59
75 – L´aljub,67 – Calle Grao con Victoria Kent,6,13:06
75 – L´aljub,68 – Arturo Salvetti Pardo,6,14:59
36 – I.E.S. Victoria Kent,41 – Dipòsit Municipal de Carrús,6,22:16
51 – Ciudad deportiva zona sur,76 – Puente Altamira,6,16:07
34 – Hospital General,111 – Avenida Alicante 38,6,11:57
74 – IES Nit de l´Albà,46 – UMH / Rectorado,6,17:50
111 – Avenida Alicante 38,96 – Puente de Santa Teresa,6,13:27
81 – C.S. Doctor Sapena,50 – Borreguet,6,07:53
81 – C.S. Doctor Sapena,54 – Plaza de Benidorm,6,15:19
23 – Conrado del Campo / Trinquet,87 – CEIP Sanchis Guarner,6,04:26
100 – C.S. Raval,98 – IES Sixto Marco,6,19:27
41 – Dipòsit Municipal de Carrús,71 – IES Carrús,6,07:02
25 – Cor de Jesús,108 – José Ferrández Cruz,6,20:27
41 – Dipòsit Municipal de Carrús,72 – Plaza de madrid,6,11:10
87 – CEIP Sanchis Guarner,9 – Biblioteca de Sant Josep,6,07:41
101 – UMH-La Galia,38 – Poliesportiu de Carrús,6,10:17
109 – Parque Huerto del Torreret,71 – IES Carrús,6,19:09
81 – C.S. Doctor Sapena,38 – Poliesportiu de Carrús,6,14:52
70 – Libertad-Diagonal,109 – Parque Huerto del Torreret,6,14:34
74 – IES Nit de l´Albà,85 – Sor Josefa Alcorta 34,6,08:00
101 – UMH-La Galia,63 – CEIP Eugeni d’Ors,6,14:54
17 – Plaça de Castella,97 – Huerto del cura,6,13:02
53 – C.P. Victor Pradera,67 – Calle Grao con Victoria Kent,6,14:30
53 – C.P. Victor Pradera,52 – Centro salud el Toscar,6,19:20
45 – Plaça de Barcelona,56 – UMH / Torre Vaillo,6,12:11
45 – Plaça de Barcelona,66 – Jardín escritor Juan Fuster,6,09:36
70 – Libertad-Diagonal,82 – Antonio Machado 73,6,08:54
23 – Conrado del Campo / Trinquet,91 – Centro social el Pla,6,02:43
29 – Casablanca,79 – Intercambiador pasarela,6,04:55
29 – Casablanca,81 – C.S. Doctor Sapena,6,11:50
103 – UMH-Altet,108 – José Ferrández Cruz,6,11:08
53 – C.P. Victor Pradera,81 – C.S. Doctor Sapena,6,15:22
53 – C.P. Victor Pradera,92 – Parking Candalix,6,08:16
10 – L’Escorxador,113 – Alcalde Juan Hernández,6,14:10
113 – Alcalde Juan Hernández,102 – UMH-Altabix,6,10:16
64 – Jardín 25 de abril,101 – UMH-La Galia,6,09:06
101 – UMH-La Galia,54 – Plaza de Benidorm,6,09:28
61 – Avenida Novelda 191,110 – Avda Novelda con Obispo Barrachina,6,09:15
89 – CEIP Dama d´Elx,74 – IES Nit de l´Albà,6,10:00
84 – Fernanda Santa María 64,79 – Intercambiador pasarela,6,10:25
84 – Fernanda Santa María 64,83 – Conrado del campo 35,6,04:25
73 – Plaza de la aparadora,72 – Plaza de madrid,6,04:54
111 – Avenida Alicante 38,14 – Comissaria,6,04:50
111 – Avenida Alicante 38,20 – Antoni Mena / Fra Jaume Torres,6,18:01
27 – UMH / Pavelló d’Esports,79 – Intercambiador pasarela,6,13:15
89 – CEIP Dama d´Elx,20 – Antoni Mena / Fra Jaume Torres,6,04:56
104 – UMH-Arenals,113 – Alcalde Juan Hernández,6,12:25
16 – Jardí d’Asp,102 – UMH-Altabix,6,14:10
102 – UMH-Altabix,69 – Olegario Domarco Seller 44,5,09:55
16 – Jardí d’Asp,90 – Centro salud el Pla,5,14:30
104 – UMH-Arenals,111 – Avenida Alicante 38,5,07:15
89 – CEIP Dama d´Elx,27 – UMH / Pavelló d’Esports,5,20:04
88 – Pistas del Pla,115 – Passeig d´Atzavares,5,25:44
62 – Calle Inca con brea,46 – UMH / Rectorado,5,21:10
47 – C.P. Virgen de la Asunción,24 – Policia Local,5,21:31
78 – Jorge Juan 24,106 – Estadio Manolo Jaén,5,17:02
97 – Huerto del cura,47 – C.P. Virgen de la Asunción,5,11:52
17 – Plaça de Castella,63 – CEIP Eugeni d’Ors,5,19:26
13 – Jardí del 1r de Maig,82 – Antonio Machado 73,5,11:16
89 – CEIP Dama d´Elx,84 – Fernanda Santa María 64,5,07:12
108 – José Ferrández Cruz,34 – Hospital General,5,17:02
108 – José Ferrández Cruz,38 – Poliesportiu de Carrús,5,18:44
108 – José Ferrández Cruz,54 – Plaza de Benidorm,5,10:40
113 – Alcalde Juan Hernández,4 – Plaça del Raval,5,16:18
43 – Palmerars – Ciutat de la Justícia,70 – Libertad-Diagonal,5,14:25
43 – Palmerars – Ciutat de la Justícia,71 – IES Carrús,5,22:00
55 – Pere Joan Perpinyà,110 – Avda Novelda con Obispo Barrachina,5,13:19
113 – Alcalde Juan Hernández,1 – Estació d’Autobusos,5,13:56
71 – IES Carrús,68 – Arturo Salvetti Pardo,5,09:46
71 – IES Carrús,73 – Plaza de la aparadora,5,05:46
81 – C.S. Doctor Sapena,23 – Conrado del Campo / Trinquet,5,05:17
71 – IES Carrús,8 – Polivalent de Carrús,5,05:33
6 – Ajuntament,112 – CEIP San Fernando,5,12:32
53 – C.P. Victor Pradera,41 – Dipòsit Municipal de Carrús,5,21:37
101 – UMH-La Galia,76 – Puente Altamira,5,09:20
19 – Jesuïtines,105 – Almansa con Avda. Novelda,5,24:36
103 – UMH-Altet,100 – C.S. Raval,5,12:26
6 – Ajuntament,105 – Almansa con Avda. Novelda,5,19:04
3 – Plaça de la Llotja,67 – Calle Grao con Victoria Kent,5,15:40
3 – Plaça de la Llotja,73 – Plaza de la aparadora,5,16:22
113 – Alcalde Juan Hernández,99 – IES La Asunción,5,14:13
113 – Alcalde Juan Hernández,101 – UMH-La Galia,5,13:30
101 – UMH-La Galia,90 – Centro salud el Pla,5,14:29
89 – CEIP Dama d´Elx,40 – C.P. Baix Vinalopó,5,09:54
98 – IES Sixto Marco,33 – Av. Libertat / l’Aljub,5,30:16
98 – IES Sixto Marco,43 – Palmerars – Ciutat de la Justícia,5,12:02
81 – C.S. Doctor Sapena,49 – Av. Alicante 59,5,17:52
105 – Almansa con Avda. Novelda,67 – Calle Grao con Victoria Kent,5,06:37
93 – Parque Rey Jaume I,55 – Pere Joan Perpinyà,5,09:23
23 – Conrado del Campo / Trinquet,81 – C.S. Doctor Sapena,5,08:09
65 – C.P. El toscar,64 – Jardín 25 de abril,5,06:57
86 – El Corte Inglés,98 – IES Sixto Marco,5,15:33
65 – C.P. El toscar,23 – Conrado del Campo / Trinquet,5,11:38
65 – C.P. El toscar,46 – UMH / Rectorado,5,14:38
41 – Dipòsit Municipal de Carrús,73 – Plaza de la aparadora,5,08:36
10 – L’Escorxador,115 – Passeig d´Atzavares,5,17:03
74 – IES Nit de l´Albà,81 – C.S. Doctor Sapena,5,03:14
77 – Plaza Obispo Siuri,71 – IES Carrús,5,04:22
95 – IES Vicente Verdu,15 – Av. Llibertat / Reina Victòria,5,15:54
105 – Almansa con Avda. Novelda,19 – Jesuïtines,5,20:18
1 – Estació d’Autobusos,66 – Jardín escritor Juan Fuster,5,13:41
111 – Avenida Alicante 38,75 – L´aljub,5,19:16
109 – Parque Huerto del Torreret,79 – Intercambiador pasarela,5,17:07
104 – UMH-Arenals,99 – IES La Asunción,5,16:55
106 – Estadio Manolo Jaén,25 – Cor de Jesús,5,14:39
49 – Av. Alicante 59,75 – L´aljub,5,22:58
76 – Puente Altamira,79 – Intercambiador pasarela,5,11:57
16 – Jardí d’Asp,74 – IES Nit de l´Albà,5,07:55
16 – Jardí d’Asp,86 – El Corte Inglés,5,13:10
98 – IES Sixto Marco,7 – Pavelló Municipal,5,15:22
74 – IES Nit de l´Albà,22 – Av. Llauradors / Eslava,5,07:25
51 – Ciudad deportiva zona sur,69 – Olegario Domarco Seller 44,5,14:24
51 – Ciudad deportiva zona sur,72 – Plaza de madrid,5,19:02
77 – Plaza Obispo Siuri,101 – UMH-La Galia,5,11:39
48 – Av. Corts Valencianes,43 – Palmerars – Ciutat de la Justícia,5,21:47
51 – Ciudad deportiva zona sur,8 – Polivalent de Carrús,5,24:03
15 – Av. Llibertat / Reina Victòria,83 – Conrado del campo 35,5,08:33
15 – Av. Llibertat / Reina Victòria,84 – Fernanda Santa María 64,5,05:03
33 – Av. Libertat / l’Aljub,79 – Intercambiador pasarela,5,09:05
54 – Plaza de Benidorm,69 – Olegario Domarco Seller 44,5,11:14
91 – Centro social el Pla,10 – L’Escorxador,5,08:51
25 – Cor de Jesús,109 – Parque Huerto del Torreret,5,17:27
104 – UMH-Arenals,107 – Josefina Manresa,5,11:34
76 – Puente Altamira,106 – Estadio Manolo Jaén,5,13:59
76 – Puente Altamira,107 – Josefina Manresa,5,16:11
110 – Avda Novelda con Obispo Barrachina,64 – Jardín 25 de abril,5,02:58
98 – IES Sixto Marco,54 – Plaza de Benidorm,5,08:02
98 – IES Sixto Marco,69 – Olegario Domarco Seller 44,5,10:47
81 – C.S. Doctor Sapena,76 – Puente Altamira,5,08:54
70 – Libertad-Diagonal,41 – Dipòsit Municipal de Carrús,5,14:28
70 – Libertad-Diagonal,56 – UMH / Torre Vaillo,5,21:50
35 – Hospital del Vinalopó,73 – Plaza de la aparadora,5,12:42
98 – IES Sixto Marco,95 – IES Vicente Verdu,5,20:33
21 – C.P. Mariano Benlliure,110 – Avda Novelda con Obispo Barrachina,5,19:13
64 – Jardín 25 de abril,13 – Jardí del 1r de Maig,5,03:10
64 – Jardín 25 de abril,23 – Conrado del Campo / Trinquet,5,13:04
36 – I.E.S. Victoria Kent,84 – Fernanda Santa María 64,5,15:31
71 – IES Carrús,54 – Plaza de Benidorm,5,15:54
71 – IES Carrús,56 – UMH / Torre Vaillo,5,11:30
34 – Hospital General,75 – L´aljub,5,16:46
34 – Hospital General,71 – IES Carrús,5,18:44
71 – IES Carrús,77 – Plaza Obispo Siuri,5,10:35
113 – Alcalde Juan Hernández,112 – CEIP San Fernando,5,07:17
113 – Alcalde Juan Hernández,114 – Jardin Biólogo Antonio de Zulueta,5,04:02
70 – Libertad-Diagonal,64 – Jardín 25 de abril,5,09:27
81 – C.S. Doctor Sapena,97 – Huerto del cura,5,10:38
93 – Parque Rey Jaume I,43 – Palmerars – Ciutat de la Justícia,5,11:06
15 – Av. Llibertat / Reina Victòria,73 – Plaza de la aparadora,5,05:19
19 – Jesuïtines,88 – Pistas del Pla,5,13:46
100 – C.S. Raval,81 – C.S. Doctor Sapena,5,10:30
109 – Parque Huerto del Torreret,25 – Cor de Jesús,5,19:24
27 – UMH / Pavelló d’Esports,107 – Josefina Manresa,5,07:44
93 – Parque Rey Jaume I,21 – C.P. Mariano Benlliure,5,12:02
82 – Antonio Machado 73,48 – Av. Corts Valencianes,5,10:00
86 – El Corte Inglés,34 – Hospital General,5,21:02
86 – El Corte Inglés,52 – Centro salud el Toscar,5,09:00
86 – El Corte Inglés,65 – C.P. El toscar,5,12:57
56 – UMH / Torre Vaillo,83 – Conrado del campo 35,5,17:31
86 – El Corte Inglés,76 – Puente Altamira,5,16:13
91 – Centro social el Pla,7 – Pavelló Municipal,5,24:44
54 – Plaza de Benidorm,87 – CEIP Sanchis Guarner,5,16:50
109 – Parque Huerto del Torreret,34 – Hospital General,5,09:56
82 – Antonio Machado 73,25 – Cor de Jesús,5,09:36
98 – IES Sixto Marco,93 – Parque Rey Jaume I,5,04:05
97 – Huerto del cura,96 – Puente de Santa Teresa,5,06:36
71 – IES Carrús,109 – Parque Huerto del Torreret,5,19:09
71 – IES Carrús,89 – CEIP Dama d´Elx,5,12:09
114 – Jardin Biólogo Antonio de Zulueta,34 – Hospital General,5,06:55
101 – UMH-La Galia,106 – Estadio Manolo Jaén,5,17:26
10 – L’Escorxador,74 – IES Nit de l´Albà,5,12:26
74 – IES Nit de l´Albà,13 – Jardí del 1r de Maig,5,13:22
110 – Avda Novelda con Obispo Barrachina,111 – Avenida Alicante 38,5,16:08
74 – IES Nit de l´Albà,26 – UMH / Escola Oficial d’Idiomes,5,15:25
74 – IES Nit de l´Albà,34 – Hospital General,5,18:49
64 – Jardín 25 de abril,40 – C.P. Baix Vinalopó,5,08:01
28 – Passeig de les Germanies,115 – Passeig d´Atzavares,5,20:10
39 – Francesc Cantó,90 – Centro salud el Pla,5,15:37
19 – Jesuïtines,110 – Avda Novelda con Obispo Barrachina,5,15:34
19 – Jesuïtines,84 – Fernanda Santa María 64,5,08:16
19 – Jesuïtines,86 – El Corte Inglés,5,14:05
108 – José Ferrández Cruz,112 – CEIP San Fernando,5,10:24
22 – Av. Llauradors / Eslava,99 – IES La Asunción,5,10:25
11 – Plaça de Crevillent,109 – Parque Huerto del Torreret,5,22:19
103 – UMH-Altet,9 – Biblioteca de Sant Josep,5,12:39
25 – Cor de Jesús,105 – Almansa con Avda. Novelda,5,13:15
56 – UMH / Torre Vaillo,76 – Puente Altamira,5,09:02
85 – Sor Josefa Alcorta 34,115 – Passeig d´Atzavares,5,19:30
110 – Avda Novelda con Obispo Barrachina,26 – UMH / Escola Oficial d’Idiomes,5,11:34
110 – Avda Novelda con Obispo Barrachina,30 – Squash,5,23:57
74 – IES Nit de l´Albà,72 – Plaza de madrid,5,10:43
41 – Dipòsit Municipal de Carrús,93 – Parque Rey Jaume I,5,10:33
12 – Ambulatori de Sant Fermí,114 – Jardin Biólogo Antonio de Zulueta,5,27:31
41 – Dipòsit Municipal de Carrús,101 – UMH-La Galia,5,09:54
65 – C.P. El toscar,48 – Av. Corts Valencianes,5,11:01
107 – Josefina Manresa,5 – Centre de Congressos,5,18:58
63 – CEIP Eugeni d’Ors,70 – Libertad-Diagonal,5,07:40
69 – Olegario Domarco Seller 44,66 – Jardín escritor Juan Fuster,5,06:03
44 – Portes Encarnades,69 – Olegario Domarco Seller 44,5,12:53
38 – Poliesportiu de Carrús,101 – UMH-La Galia,5,07:55
55 – Pere Joan Perpinyà,27 – UMH / Pavelló d’Esports,5,25:06
4 – Plaça del Raval,89 – CEIP Dama d´Elx,5,07:50
109 – Parque Huerto del Torreret,101 – UMH-La Galia,5,11:17
52 – Centro salud el Toscar,84 – Fernanda Santa María 64,5,09:02
52 – Centro salud el Toscar,88 – Pistas del Pla,5,06:31
63 – CEIP Eugeni d’Ors,96 – Puente de Santa Teresa,5,09:44
63 – CEIP Eugeni d’Ors,100 – C.S. Raval,5,15:38
88 – Pistas del Pla,3 – Plaça de la Llotja,5,23:15
39 – Francesc Cantó,106 – Estadio Manolo Jaén,5,19:20
63 – CEIP Eugeni d’Ors,41 – Dipòsit Municipal de Carrús,5,07:01
20 – Antoni Mena / Fra Jaume Torres,93 – Parque Rey Jaume I,5,16:47
69 – Olegario Domarco Seller 44,110 – Avda Novelda con Obispo Barrachina,5,06:35
44 – Portes Encarnades,73 – Plaza de la aparadora,5,12:55
77 – Plaza Obispo Siuri,67 – Calle Grao con Victoria Kent,5,09:28
32 – Centre de Salut d’Altabix,69 – Olegario Domarco Seller 44,5,15:51
23 – Conrado del Campo / Trinquet,89 – CEIP Dama d´Elx,5,09:24
31 – Sant Antoni,104 – UMH-Arenals,5,10:21
52 – Centro salud el Toscar,64 – Jardín 25 de abril,5,10:45
111 – Avenida Alicante 38,69 – Olegario Domarco Seller 44,5,12:28
72 – Plaza de madrid,41 – Dipòsit Municipal de Carrús,5,13:20
79 – Intercambiador pasarela,105 – Almansa con Avda. Novelda,5,12:45
37 – Hort de Travaló,83 – Conrado del campo 35,5,18:24
37 – Hort de Travaló,94 – Parking Gran Teatre,5,21:31
72 – Plaza de madrid,51 – Ciudad deportiva zona sur,5,14:57
96 – Puente de Santa Teresa,13 – Jardí del 1r de Maig,5,13:44
76 – Puente Altamira,92 – Parking Candalix,5,03:15
50 – Borreguet,41 – Dipòsit Municipal de Carrús,5,22:04
69 – Olegario Domarco Seller 44,55 – Pere Joan Perpinyà,5,12:18
112 – CEIP San Fernando,14 – Comissaria,5,03:57
76 – Puente Altamira,46 – UMH / Rectorado,5,10:59
66 – Jardín escritor Juan Fuster,51 – Ciudad deportiva zona sur,5,17:25
66 – Jardín escritor Juan Fuster,80 – Reina Victoria con Gabriel Miró,5,10:45
22 – Av. Llauradors / Eslava,91 – Centro social el Pla,5,07:12
55 – Pere Joan Perpinyà,72 – Plaza de madrid,5,11:39
68 – Arturo Salvetti Pardo,86 – El Corte Inglés,5,11:47
5 – Centre de Congressos,73 – Plaza de la aparadora,5,10:32
5 – Centre de Congressos,74 – IES Nit de l´Albà,5,14:09
113 – Alcalde Juan Hernández,31 – Sant Antoni,5,04:52
22 – Av. Llauradors / Eslava,74 – IES Nit de l´Albà,5,09:18
66 – Jardín escritor Juan Fuster,29 – Casablanca,5,03:27
100 – C.S. Raval,56 – UMH / Torre Vaillo,5,15:48
85 – Sor Josefa Alcorta 34,104 – UMH-Arenals,5,16:26
41 – Dipòsit Municipal de Carrús,110 – Avda Novelda con Obispo Barrachina,5,05:16
91 – Centro social el Pla,56 – UMH / Torre Vaillo,5,19:36
92 – Parking Candalix,109 – Parque Huerto del Torreret,5,17:31
68 – Arturo Salvetti Pardo,81 – C.S. Doctor Sapena,5,10:26
33 – Av. Libertat / l’Aljub,66 – Jardín escritor Juan Fuster,5,21:33
108 – José Ferrández Cruz,5 – Centre de Congressos,5,24:48
85 – Sor Josefa Alcorta 34,46 – UMH / Rectorado,5,17:33
91 – Centro social el Pla,81 – C.S. Doctor Sapena,5,16:03
52 – Centro salud el Toscar,54 – Plaza de Benidorm,5,16:04
78 – Jorge Juan 24,39 – Francesc Cantó,5,22:38
78 – Jorge Juan 24,43 – Palmerars – Ciutat de la Justícia,5,09:30
9 – Biblioteca de Sant Josep,87 – CEIP Sanchis Guarner,5,09:27
26 – UMH / Escola Oficial d’Idiomes,110 – Avda Novelda con Obispo Barrachina,5,14:31
106 – Estadio Manolo Jaén,44 – Portes Encarnades,5,17:03
88 – Pistas del Pla,10 – L’Escorxador,5,07:28
88 – Pistas del Pla,16 – Jardí d’Asp,5,25:01
63 – CEIP Eugeni d’Ors,11 – Plaça de Crevillent,5,18:52
49 – Av. Alicante 59,103 – UMH-Altet,5,07:07
76 – Puente Altamira,42 – Multi Aventura Travaló,5,19:47
110 – Avda Novelda con Obispo Barrachina,100 – C.S. Raval,5,14:27
23 – Conrado del Campo / Trinquet,100 – C.S. Raval,5,06:57
49 – Av. Alicante 59,52 – Centro salud el Toscar,5,22:37
79 – Intercambiador pasarela,73 – Plaza de la aparadora,5,10:04
79 – Intercambiador pasarela,86 – El Corte Inglés,5,09:21
79 – Intercambiador pasarela,89 – CEIP Dama d´Elx,5,08:15
46 – UMH / Rectorado,73 – Plaza de la aparadora,5,12:49
1 – Estació d’Autobusos,82 – Antonio Machado 73,5,12:19
63 – CEIP Eugeni d’Ors,26 – UMH / Escola Oficial d’Idiomes,5,10:20
63 – CEIP Eugeni d’Ors,33 – Av. Libertat / l’Aljub,5,10:02
68 – Arturo Salvetti Pardo,110 – Avda Novelda con Obispo Barrachina,5,04:38
69 – Olegario Domarco Seller 44,7 – Pavelló Municipal,5,16:59
12 – Ambulatori de Sant Fermí,66 – Jardín escritor Juan Fuster,5,09:26
83 – Conrado del campo 35,53 – C.P. Victor Pradera,5,14:55
83 – Conrado del campo 35,79 – Intercambiador pasarela,5,11:15
68 – Arturo Salvetti Pardo,76 – Puente Altamira,5,05:06
94 – Parking Gran Teatre,86 – El Corte Inglés,5,15:14
94 – Parking Gran Teatre,87 – CEIP Sanchis Guarner,5,11:49
88 – Pistas del Pla,71 – IES Carrús,5,11:24
40 – C.P. Baix Vinalopó,68 – Arturo Salvetti Pardo,5,05:38
106 – Estadio Manolo Jaén,50 – Borreguet,5,12:29
37 – Hort de Travaló,48 – Av. Corts Valencianes,5,21:27
37 – Hort de Travaló,39 – Francesc Cantó,5,23:54
105 – Almansa con Avda. Novelda,46 – UMH / Rectorado,5,13:21
104 – UMH-Arenals,38 – Poliesportiu de Carrús,5,14:01
7 – Pavelló Municipal,84 – Fernanda Santa María 64,5,20:15
85 – Sor Josefa Alcorta 34,31 – Sant Antoni,5,17:15
85 – Sor Josefa Alcorta 34,74 – IES Nit de l´Albà,5,10:16
108 – José Ferrández Cruz,21 – C.P. Mariano Benlliure,5,21:03
42 – Multi Aventura Travaló,98 – IES Sixto Marco,5,10:16
93 – Parque Rey Jaume I,20 – Antoni Mena / Fra Jaume Torres,5,19:22
74 – IES Nit de l´Albà,107 – Josefina Manresa,5,21:14
92 – Parking Candalix,93 – Parque Rey Jaume I,5,03:23
30 – Squash,86 – El Corte Inglés,5,37:06
68 – Arturo Salvetti Pardo,11 – Plaça de Crevillent,5,09:00
85 – Sor Josefa Alcorta 34,42 – Multi Aventura Travaló,5,19:52
85 – Sor Josefa Alcorta 34,7 – Pavelló Municipal,5,18:31
50 – Borreguet,48 – Av. Corts Valencianes,5,22:42
35 – Hospital del Vinalopó,94 – Parking Gran Teatre,5,15:48
92 – Parking Candalix,96 – Puente de Santa Teresa,5,09:15
83 – Conrado del campo 35,90 – Centro salud el Pla,5,06:16
83 – Conrado del campo 35,50 – Borreguet,5,05:44
103 – UMH-Altet,79 – Intercambiador pasarela,5,18:17
99 – IES La Asunción,43 – Palmerars – Ciutat de la Justícia,5,04:42
95 – IES Vicente Verdu,80 – Reina Victoria con Gabriel Miró,5,13:59
73 – Plaza de la aparadora,78 – Jorge Juan 24,5,06:20
47 – C.P. Virgen de la Asunción,73 – Plaza de la aparadora,5,07:03
36 – I.E.S. Victoria Kent,95 – IES Vicente Verdu,5,18:11
21 – C.P. Mariano Benlliure,99 – IES La Asunción,5,14:23
91 – Centro social el Pla,90 – Centro salud el Pla,5,04:32
91 – Centro social el Pla,106 – Estadio Manolo Jaén,5,21:32
90 – Centro salud el Pla,10 – L’Escorxador,5,07:44
3 – Plaça de la Llotja,89 – CEIP Dama d´Elx,5,29:47
3 – Plaça de la Llotja,91 – Centro social el Pla,5,15:02
46 – UMH / Rectorado,97 – Huerto del cura,5,16:40
46 – UMH / Rectorado,105 – Almansa con Avda. Novelda,5,16:29
109 – Parque Huerto del Torreret,113 – Alcalde Juan Hernández,5,07:19
79 – Intercambiador pasarela,21 – C.P. Mariano Benlliure,5,08:52
79 – Intercambiador pasarela,39 – Francesc Cantó,5,09:20
79 – Intercambiador pasarela,43 – Palmerars – Ciutat de la Justícia,5,08:57
66 – Jardín escritor Juan Fuster,101 – UMH-La Galia,5,07:56
66 – Jardín escritor Juan Fuster,71 – IES Carrús,5,11:39
84 – Fernanda Santa María 64,15 – Av. Llibertat / Reina Victòria,5,08:48
92 – Parking Candalix,72 – Plaza de madrid,5,09:21
43 – Palmerars – Ciutat de la Justícia,13 – Jardí del 1r de Maig,5,18:23
19 – Jesuïtines,72 – Plaza de madrid,5,12:09
67 – Calle Grao con Victoria Kent,63 – CEIP Eugeni d’Ors,5,06:34
67 – Calle Grao con Victoria Kent,26 – UMH / Escola Oficial d’Idiomes,5,13:45
110 – Avda Novelda con Obispo Barrachina,9 – Biblioteca de Sant Josep,5,09:37
15 – Av. Llibertat / Reina Victòria,114 – Jardin Biólogo Antonio de Zulueta,5,19:08
94 – Parking Gran Teatre,70 – Libertad-Diagonal,5,07:56
16 – Jardí d’Asp,43 – Palmerars – Ciutat de la Justícia,5,19:40
73 – Plaza de la aparadora,17 – Plaça de Castella,5,16:41
102 – UMH-Altabix,84 – Fernanda Santa María 64,5,13:51
88 – Pistas del Pla,82 – Antonio Machado 73,5,14:39
88 – Pistas del Pla,95 – IES Vicente Verdu,5,02:43
28 – Passeig de les Germanies,111 – Avenida Alicante 38,5,15:21
84 – Fernanda Santa María 64,19 – Jesuïtines,5,18:40
18 – Poliesportiu d’Altabix,96 – Puente de Santa Teresa,5,18:51
21 – C.P. Mariano Benlliure,94 – Parking Gran Teatre,5,11:47
89 – CEIP Dama d´Elx,26 – UMH / Escola Oficial d’Idiomes,5,18:59
115 – Passeig d´Atzavares,55 – Pere Joan Perpinyà,5,21:42
115 – Passeig d´Atzavares,27 – UMH / Pavelló d’Esports,5,18:51
115 – Passeig d´Atzavares,28 – Passeig de les Germanies,5,33:49
49 – Av. Alicante 59,83 – Conrado del campo 35,5,13:07
106 – Estadio Manolo Jaén,85 – Sor Josefa Alcorta 34,5,18:30
84 – Fernanda Santa María 64,87 – CEIP Sanchis Guarner,5,05:26
84 – Fernanda Santa María 64,90 – Centro salud el Pla,5,05:11
84 – Fernanda Santa María 64,97 – Huerto del cura,5,13:05
67 – Calle Grao con Victoria Kent,34 – Hospital General,5,14:35
43 – Palmerars – Ciutat de la Justícia,76 – Puente Altamira,5,10:09
105 – Almansa con Avda. Novelda,2 – Oficina de Turisme,5,11:55
35 – Hospital del Vinalopó,77 – Plaza Obispo Siuri,5,10:25
29 – Casablanca,92 – Parking Candalix,5,06:42
29 – Casablanca,100 – C.S. Raval,5,15:25
77 – Plaza Obispo Siuri,30 – Squash,5,18:50
20 – Antoni Mena / Fra Jaume Torres,82 – Antonio Machado 73,5,04:36
13 – Jardí del 1r de Maig,106 – Estadio Manolo Jaén,5,15:15
88 – Pistas del Pla,103 – UMH-Altet,5,22:30
25 – Cor de Jesús,78 – Jorge Juan 24,5,12:54
102 – UMH-Altabix,44 – Portes Encarnades,5,14:31
102 – UMH-Altabix,45 – Plaça de Barcelona,5,10:35
102 – UMH-Altabix,55 – Pere Joan Perpinyà,5,15:13
102 – UMH-Altabix,56 – UMH / Torre Vaillo,5,17:12
13 – Jardí del 1r de Maig,94 – Parking Gran Teatre,5,11:35
115 – Passeig d´Atzavares,46 – UMH / Rectorado,5,20:29
84 – Fernanda Santa María 64,85 – Sor Josefa Alcorta 34,5,03:49
96 – Puente de Santa Teresa,111 – Avenida Alicante 38,5,10:57
111 – Avenida Alicante 38,18 – Poliesportiu d’Altabix,5,13:23
111 – Avenida Alicante 38,22 – Av. Llauradors / Eslava,5,21:10
78 – Jorge Juan 24,79 – Intercambiador pasarela,5,07:21
89 – CEIP Dama d´Elx,16 – Jardí d’Asp,5,17:09
115 – Passeig d´Atzavares,75 – L´aljub,4,22:55
115 – Passeig d´Atzavares,43 – Palmerars – Ciutat de la Justícia,4,10:31
61 – Avenida Novelda 191,28 – Passeig de les Germanies,4,12:36
20 – Antoni Mena / Fra Jaume Torres,72 – Plaza de madrid,4,08:01
62 – Calle Inca con brea,17 – Plaça de Castella,4,20:50
13 – Jardí del 1r de Maig,105 – Almansa con Avda. Novelda,4,07:29
49 – Av. Alicante 59,90 – Centro salud el Pla,4,16:24
8 – Polivalent de Carrús,82 – Antonio Machado 73,4,07:25
115 – Passeig d´Atzavares,1 – Estació d’Autobusos,4,15:19
20 – Antoni Mena / Fra Jaume Torres,87 – CEIP Sanchis Guarner,4,08:47
13 – Jardí del 1r de Maig,91 – Centro social el Pla,4,15:09
13 – Jardí del 1r de Maig,93 – Parque Rey Jaume I,4,15:25
17 – Plaça de Castella,65 – C.P. El toscar,4,15:04
34 – Hospital General,107 – Josefina Manresa,4,18:35
97 – Huerto del cura,51 – Ciudad deportiva zona sur,4,09:17
46 – UMH / Rectorado,112 – CEIP San Fernando,4,09:39
46 – UMH / Rectorado,110 – Avda Novelda con Obispo Barrachina,4,21:16
78 – Jorge Juan 24,114 – Jardin Biólogo Antonio de Zulueta,4,17:55
78 – Jorge Juan 24,101 – UMH-La Galia,4,10:01
62 – Calle Inca con brea,66 – Jardín escritor Juan Fuster,4,06:50
62 – Calle Inca con brea,41 – Dipòsit Municipal de Carrús,4,11:36
62 – Calle Inca con brea,40 – C.P. Baix Vinalopó,4,08:32
114 – Jardin Biólogo Antonio de Zulueta,112 – CEIP San Fernando,4,05:52
114 – Jardin Biólogo Antonio de Zulueta,111 – Avenida Alicante 38,4,10:42
102 – UMH-Altabix,37 – Hort de Travaló,4,18:25
31 – Sant Antoni,56 – UMH / Torre Vaillo,4,13:33
89 – CEIP Dama d´Elx,97 – Huerto del cura,4,10:13
89 – CEIP Dama d´Elx,90 – Centro salud el Pla,4,07:00
92 – Parking Candalix,44 – Portes Encarnades,4,12:53
84 – Fernanda Santa María 64,25 – Cor de Jesús,4,11:18
43 – Palmerars – Ciutat de la Justícia,96 – Puente de Santa Teresa,4,12:07
67 – Calle Grao con Victoria Kent,28 – Passeig de les Germanies,4,11:06
67 – Calle Grao con Victoria Kent,23 – Conrado del Campo / Trinquet,4,12:07
19 – Jesuïtines,74 – IES Nit de l´Albà,4,10:57
84 – Fernanda Santa María 64,70 – Libertad-Diagonal,4,06:41
84 – Fernanda Santa María 64,100 – C.S. Raval,4,07:03
67 – Calle Grao con Victoria Kent,48 – Av. Corts Valencianes,4,13:11
67 – Calle Grao con Victoria Kent,44 – Portes Encarnades,4,11:26
43 – Palmerars – Ciutat de la Justícia,74 – IES Nit de l´Albà,4,18:57
112 – CEIP San Fernando,111 – Avenida Alicante 38,4,06:28
24 – Policia Local,108 – José Ferrández Cruz,4,16:46
18 – Poliesportiu d’Altabix,87 – CEIP Sanchis Guarner,4,17:56
18 – Poliesportiu d’Altabix,112 – CEIP San Fernando,4,10:10
19 – Jesuïtines,65 – C.P. El toscar,4,11:33
92 – Parking Candalix,76 – Puente Altamira,4,03:31
84 – Fernanda Santa María 64,16 – Jardí d’Asp,4,14:59
84 – Fernanda Santa María 64,10 – L’Escorxador,4,12:31
112 – CEIP San Fernando,43 – Palmerars – Ciutat de la Justícia,4,05:41
99 – IES La Asunción,106 – Estadio Manolo Jaén,4,12:45
99 – IES La Asunción,104 – UMH-Arenals,4,19:09
32 – Centre de Salut d’Altabix,105 – Almansa con Avda. Novelda,4,23:37
91 – Centro social el Pla,113 – Alcalde Juan Hernández,4,23:45
91 – Centro social el Pla,112 – CEIP San Fernando,4,20:40
21 – C.P. Mariano Benlliure,97 – Huerto del cura,4,14:14
43 – Palmerars – Ciutat de la Justícia,83 – Conrado del campo 35,4,12:32
99 – IES La Asunción,88 – Pistas del Pla,4,10:48
18 – Poliesportiu d’Altabix,97 – Huerto del cura,4,15:22
99 – IES La Asunción,79 – Intercambiador pasarela,4,17:17
92 – Parking Candalix,55 – Pere Joan Perpinyà,4,19:56
92 – Parking Candalix,45 – Plaça de Barcelona,4,05:47
68 – Arturo Salvetti Pardo,33 – Av. Libertat / l’Aljub,4,12:11
83 – Conrado del campo 35,95 – IES Vicente Verdu,4,11:34
14 – Comissaria,115 – Passeig d´Atzavares,4,10:12
9 – Biblioteca de Sant Josep,41 – Dipòsit Municipal de Carrús,4,21:39
8 – Polivalent de Carrús,100 – C.S. Raval,4,12:35
48 – Av. Corts Valencianes,90 – Centro salud el Pla,4,16:26
35 – Hospital del Vinalopó,100 – C.S. Raval,4,10:53
19 – Jesuïtines,69 – Olegario Domarco Seller 44,4,09:54
85 – Sor Josefa Alcorta 34,27 – UMH / Pavelló d’Esports,4,22:44
85 – Sor Josefa Alcorta 34,16 – Jardí d’Asp,4,14:35
92 – Parking Candalix,4 – Plaça del Raval,4,10:16
68 – Arturo Salvetti Pardo,15 – Av. Llibertat / Reina Victòria,4,09:08
68 – Arturo Salvetti Pardo,13 – Jardí del 1r de Maig,4,03:16
68 – Arturo Salvetti Pardo,6 – Ajuntament,4,12:02
43 – Palmerars – Ciutat de la Justícia,93 – Parque Rey Jaume I,4,08:39
92 – Parking Candalix,91 – Centro social el Pla,4,12:37
77 – Plaza Obispo Siuri,38 – Poliesportiu de Carrús,4,15:10
3 – Plaça de la Llotja,113 – Alcalde Juan Hernández,4,09:14
23 – Conrado del Campo / Trinquet,101 – UMH-La Galia,4,14:56
23 – Conrado del Campo / Trinquet,98 – IES Sixto Marco,4,34:47
50 – Borreguet,87 – CEIP Sanchis Guarner,4,14:11
110 – Avda Novelda con Obispo Barrachina,37 – Hort de Travaló,4,18:34
83 – Conrado del campo 35,39 – Francesc Cantó,4,12:29
18 – Poliesportiu d’Altabix,81 – C.S. Doctor Sapena,4,20:16
42 – Multi Aventura Travaló,85 – Sor Josefa Alcorta 34,4,17:19
108 – José Ferrández Cruz,20 – Antoni Mena / Fra Jaume Torres,4,21:06
66 – Jardín escritor Juan Fuster,68 – Arturo Salvetti Pardo,4,05:34
4 – Plaça del Raval,105 – Almansa con Avda. Novelda,4,19:12
103 – UMH-Altet,48 – Av. Corts Valencianes,4,14:42
32 – Centre de Salut d’Altabix,88 – Pistas del Pla,4,27:43
95 – IES Vicente Verdu,83 – Conrado del campo 35,4,08:25
68 – Arturo Salvetti Pardo,39 – Francesc Cantó,4,04:51
69 – Olegario Domarco Seller 44,21 – C.P. Mariano Benlliure,4,10:46
69 – Olegario Domarco Seller 44,10 – L’Escorxador,4,15:50
22 – Av. Llauradors / Eslava,90 – Centro salud el Pla,4,13:26
83 – Conrado del campo 35,32 – Centre de Salut d’Altabix,4,15:31
93 – Parque Rey Jaume I,13 – Jardí del 1r de Maig,4,11:32
93 – Parque Rey Jaume I,8 – Polivalent de Carrús,4,13:52
66 – Jardín escritor Juan Fuster,82 – Antonio Machado 73,4,13:36
113 – Alcalde Juan Hernández,45 – Plaça de Barcelona,4,21:15
91 – Centro social el Pla,53 – C.P. Victor Pradera,4,33:51
14 – Comissaria,70 – Libertad-Diagonal,4,18:42
14 – Comissaria,99 – IES La Asunción,4,05:45
107 – Josefina Manresa,115 – Passeig d´Atzavares,4,16:21
68 – Arturo Salvetti Pardo,73 – Plaza de la aparadora,4,06:32
33 – Av. Libertat / l’Aljub,76 – Puente Altamira,4,11:35
83 – Conrado del campo 35,49 – Av. Alicante 59,4,16:14
69 – Olegario Domarco Seller 44,4 – Plaça del Raval,4,09:55
77 – Plaza Obispo Siuri,68 – Arturo Salvetti Pardo,4,11:19
77 – Plaza Obispo Siuri,49 – Av. Alicante 59,4,16:42
104 – UMH-Arenals,63 – CEIP Eugeni d’Ors,4,17:26
74 – IES Nit de l´Albà,99 – IES La Asunción,4,14:41
105 – Almansa con Avda. Novelda,89 – CEIP Dama d´Elx,4,13:50
105 – Almansa con Avda. Novelda,86 – El Corte Inglés,4,12:24
105 – Almansa con Avda. Novelda,84 – Fernanda Santa María 64,4,14:50
32 – Centre de Salut d’Altabix,83 – Conrado del campo 35,4,18:12
103 – UMH-Altet,34 – Hospital General,4,14:57
103 – UMH-Altet,28 – Passeig de les Germanies,4,17:35
66 – Jardín escritor Juan Fuster,30 – Squash,4,23:17
66 – Jardín escritor Juan Fuster,23 – Conrado del Campo / Trinquet,4,12:42
85 – Sor Josefa Alcorta 34,87 – CEIP Sanchis Guarner,4,09:32
42 – Multi Aventura Travaló,69 – Olegario Domarco Seller 44,4,16:56
24 – Policia Local,83 – Conrado del campo 35,4,18:04
24 – Policia Local,77 – Plaza Obispo Siuri,4,18:56
69 – Olegario Domarco Seller 44,105 – Almansa con Avda. Novelda,4,13:27
112 – CEIP San Fernando,10 – L’Escorxador,4,06:51
82 – Antonio Machado 73,111 – Avenida Alicante 38,4,18:37
2 – Oficina de Turisme,95 – IES Vicente Verdu,4,12:43
38 – Poliesportiu de Carrús,104 – UMH-Arenals,4,12:09
38 – Poliesportiu de Carrús,97 – Huerto del cura,4,10:45
82 – Antonio Machado 73,97 – Huerto del cura,4,18:54
110 – Avda Novelda con Obispo Barrachina,62 – Calle Inca con brea,4,07:43
110 – Avda Novelda con Obispo Barrachina,51 – Ciudad deportiva zona sur,4,19:26
96 – Puente de Santa Teresa,24 – Policia Local,4,15:25
8 – Polivalent de Carrús,66 – Jardín escritor Juan Fuster,4,07:04
32 – Centre de Salut d’Altabix,67 – Calle Grao con Victoria Kent,4,13:23
29 – Casablanca,42 – Multi Aventura Travaló,4,18:42
91 – Centro social el Pla,69 – Olegario Domarco Seller 44,4,18:54
95 – IES Vicente Verdu,4 – Plaça del Raval,4,11:53
48 – Av. Corts Valencianes,67 – Calle Grao con Victoria Kent,4,18:07
27 – UMH / Pavelló d’Esports,43 – Palmerars – Ciutat de la Justícia,4,13:19
110 – Avda Novelda con Obispo Barrachina,21 – C.P. Mariano Benlliure,4,09:14
77 – Plaza Obispo Siuri,99 – IES La Asunción,4,11:16
112 – CEIP San Fernando,6 – Ajuntament,4,10:34
112 – CEIP San Fernando,1 – Estació d’Autobusos,4,10:01
42 – Multi Aventura Travaló,8 – Polivalent de Carrús,4,23:59
106 – Estadio Manolo Jaén,10 – L’Escorxador,4,19:00
66 – Jardín escritor Juan Fuster,17 – Plaça de Castella,4,14:54
66 – Jardín escritor Juan Fuster,8 – Polivalent de Carrús,4,05:49
100 – C.S. Raval,88 – Pistas del Pla,4,07:16
66 – Jardín escritor Juan Fuster,67 – Calle Grao con Victoria Kent,4,06:05
103 – UMH-Altet,14 – Comissaria,4,24:44
4 – Plaça del Raval,92 – Parking Candalix,4,15:41
82 – Antonio Machado 73,90 – Centro salud el Pla,4,06:41
55 – Pere Joan Perpinyà,13 – Jardí del 1r de Maig,4,15:29
5 – Centre de Congressos,105 – Almansa con Avda. Novelda,4,19:55
70 – Libertad-Diagonal,10 – L’Escorxador,4,14:11
54 – Plaza de Benidorm,92 – Parking Candalix,4,06:21
54 – Plaza de Benidorm,91 – Centro social el Pla,4,16:56
54 – Plaza de Benidorm,89 – CEIP Dama d´Elx,4,16:54
69 – Olegario Domarco Seller 44,91 – Centro social el Pla,4,09:57
69 – Olegario Domarco Seller 44,90 – Centro salud el Pla,4,14:49
69 – Olegario Domarco Seller 44,86 – El Corte Inglés,4,14:28
93 – Parque Rey Jaume I,24 – Policia Local,4,09:49
19 – Jesuïtines,89 – CEIP Dama d´Elx,4,14:52
91 – Centro social el Pla,45 – Plaça de Barcelona,4,18:03
91 – Centro social el Pla,19 – Jesuïtines,4,16:36
107 – Josefina Manresa,109 – Parque Huerto del Torreret,4,06:21
7 – Pavelló Municipal,102 – UMH-Altabix,4,10:11
74 – IES Nit de l´Albà,76 – Puente Altamira,4,09:33
77 – Plaza Obispo Siuri,108 – José Ferrández Cruz,4,19:56
27 – UMH / Pavelló d’Esports,52 – Centro salud el Toscar,4,17:21
54 – Plaza de Benidorm,71 – IES Carrús,4,16:23
38 – Poliesportiu de Carrús,68 – Arturo Salvetti Pardo,4,07:41
69 – Olegario Domarco Seller 44,99 – IES La Asunción,4,10:05
69 – Olegario Domarco Seller 44,94 – Parking Gran Teatre,4,14:24
23 – Conrado del Campo / Trinquet,56 – UMH / Torre Vaillo,4,19:07
27 – UMH / Pavelló d’Esports,114 – Jardin Biólogo Antonio de Zulueta,4,12:47
53 – C.P. Victor Pradera,82 – Antonio Machado 73,4,17:21
91 – Centro social el Pla,4 – Plaça del Raval,4,06:37
65 – C.P. El toscar,92 – Parking Candalix,4,08:08
56 – UMH / Torre Vaillo,88 – Pistas del Pla,4,11:41
107 – Josefina Manresa,80 – Reina Victoria con Gabriel Miró,4,18:33
90 – Centro salud el Pla,113 – Alcalde Juan Hernández,4,23:00
90 – Centro salud el Pla,111 – Avenida Alicante 38,4,14:11
91 – Centro social el Pla,46 – UMH / Rectorado,4,25:02
82 – Antonio Machado 73,73 – Plaza de la aparadora,4,06:43
22 – Av. Llauradors / Eslava,111 – Avenida Alicante 38,4,18:34
51 – Ciudad deportiva zona sur,16 – Jardí d’Asp,4,20:51
6 – Ajuntament,66 – Jardín escritor Juan Fuster,4,16:39
6 – Ajuntament,64 – Jardín 25 de abril,4,16:30
81 – C.S. Doctor Sapena,82 – Antonio Machado 73,4,04:10
81 – C.S. Doctor Sapena,77 – Plaza Obispo Siuri,4,04:23
81 – C.S. Doctor Sapena,71 – IES Carrús,4,08:05
81 – C.S. Doctor Sapena,110 – Avda Novelda con Obispo Barrachina,4,07:11
110 – Avda Novelda con Obispo Barrachina,68 – Arturo Salvetti Pardo,4,03:11
76 – Puente Altamira,109 – Parque Huerto del Torreret,4,15:38
95 – IES Vicente Verdu,75 – L´aljub,4,10:38
50 – Borreguet,29 – Casablanca,4,15:40
25 – Cor de Jesús,115 – Passeig d´Atzavares,4,25:04
14 – Comissaria,84 – Fernanda Santa María 64,4,09:33
14 – Comissaria,79 – Intercambiador pasarela,4,11:17
5 – Centre de Congressos,107 – Josefina Manresa,4,18:15
54 – Plaza de Benidorm,74 – IES Nit de l´Albà,4,17:19
107 – Josefina Manresa,71 – IES Carrús,4,17:11
65 – C.P. El toscar,43 – Palmerars – Ciutat de la Justícia,4,16:35
65 – C.P. El toscar,40 – C.P. Baix Vinalopó,4,10:49
56 – UMH / Torre Vaillo,102 – UMH-Altabix,4,11:15
65 – C.P. El toscar,22 – Av. Llauradors / Eslava,4,12:12
86 – El Corte Inglés,79 – Intercambiador pasarela,4,10:14
90 – Centro salud el Pla,99 – IES La Asunción,4,12:12
90 – Centro salud el Pla,95 – IES Vicente Verdu,4,05:21
65 – C.P. El toscar,66 – Jardín escritor Juan Fuster,4,05:33
100 – C.S. Raval,102 – UMH-Altabix,4,16:22
101 – UMH-La Galia,16 – Jardí d’Asp,4,14:47
101 – UMH-La Galia,9 – Biblioteca de Sant Josep,4,12:06
93 – Parque Rey Jaume I,81 – C.S. Doctor Sapena,4,14:26
81 – C.S. Doctor Sapena,53 – C.P. Victor Pradera,4,14:05
98 – IES Sixto Marco,48 – Av. Corts Valencianes,4,19:57
33 – Av. Libertat / l’Aljub,109 – Parque Huerto del Torreret,4,23:14
7 – Pavelló Municipal,52 – Centro salud el Toscar,4,22:06
6 – Ajuntament,94 – Parking Gran Teatre,4,13:52
95 – IES Vicente Verdu,28 – Passeig de les Germanies,4,07:27
95 – IES Vicente Verdu,21 – C.P. Mariano Benlliure,4,04:40
77 – Plaza Obispo Siuri,89 – CEIP Dama d´Elx,4,07:27
77 – Plaza Obispo Siuri,73 – Plaza de la aparadora,4,04:48
77 – Plaza Obispo Siuri,72 – Plaza de madrid,4,02:58
74 – IES Nit de l´Albà,89 – CEIP Dama d´Elx,4,09:34
70 – Libertad-Diagonal,107 – Josefina Manresa,4,13:49
101 – UMH-La Galia,44 – Portes Encarnades,4,09:22
101 – UMH-La Galia,42 – Multi Aventura Travaló,4,32:28
65 – C.P. El toscar,16 – Jardí d’Asp,4,06:26
87 – CEIP Sanchis Guarner,4 – Plaça del Raval,4,11:32
86 – El Corte Inglés,115 – Passeig d´Atzavares,4,22:19
41 – Dipòsit Municipal de Carrús,79 – Intercambiador pasarela,4,10:14
107 – Josefina Manresa,79 – Intercambiador pasarela,4,16:52
6 – Ajuntament,108 – José Ferrández Cruz,4,20:08
71 – IES Carrús,14 – Comissaria,4,12:30
98 – IES Sixto Marco,21 – C.P. Mariano Benlliure,4,14:30
101 – UMH-La Galia,69 – Olegario Domarco Seller 44,4,08:02
64 – Jardín 25 de abril,50 – Borreguet,4,12:46
64 – Jardín 25 de abril,49 – Av. Alicante 59,4,26:06
114 – Jardin Biólogo Antonio de Zulueta,4 – Plaça del Raval,4,13:20
64 – Jardín 25 de abril,106 – Estadio Manolo Jaén,4,16:40
90 – Centro salud el Pla,79 – Intercambiador pasarela,4,08:25
90 – Centro salud el Pla,75 – L´aljub,4,15:18
39 – Francesc Cantó,65 – C.P. El toscar,4,06:53
107 – Josefina Manresa,54 – Plaza de Benidorm,4,08:29
81 – C.S. Doctor Sapena,32 – Centre de Salut d’Altabix,4,17:12
6 – Ajuntament,107 – Josefina Manresa,4,15:12
103 – UMH-Altet,105 – Almansa con Avda. Novelda,4,17:36
29 – Casablanca,80 – Reina Victoria con Gabriel Miró,4,07:22
1 – Estació d’Autobusos,65 – C.P. El toscar,4,17:41
71 – IES Carrús,84 – Fernanda Santa María 64,4,07:47
51 – Ciudad deportiva zona sur,81 – C.S. Doctor Sapena,4,17:50
48 – Av. Corts Valencianes,49 – Av. Alicante 59,4,19:55
48 – Av. Corts Valencianes,30 – Squash,4,22:04
34 – Hospital General,109 – Parque Huerto del Torreret,4,13:42
74 – IES Nit de l´Albà,66 – Jardín escritor Juan Fuster,4,26:46
98 – IES Sixto Marco,20 – Antoni Mena / Fra Jaume Torres,4,15:17
104 – UMH-Arenals,11 – Plaça de Crevillent,4,14:01
104 – UMH-Arenals,10 – L’Escorxador,4,19:10
16 – Jardí d’Asp,88 – Pistas del Pla,4,13:49
76 – Puente Altamira,68 – Arturo Salvetti Pardo,4,09:10
75 – L´aljub,69 – Olegario Domarco Seller 44,4,13:41
8 – Polivalent de Carrús,72 – Plaza de madrid,4,02:07
101 – UMH-La Galia,72 – Plaza de madrid,4,11:20
80 – Reina Victoria con Gabriel Miró,107 – Josefina Manresa,4,20:51
2 – Oficina de Turisme,64 – Jardín 25 de abril,4,11:59
98 – IES Sixto Marco,25 – Cor de Jesús,4,07:46
52 – Centro salud el Toscar,93 – Parque Rey Jaume I,4,15:13
10 – L’Escorxador,75 – L´aljub,4,12:14
78 – Jorge Juan 24,10 – L’Escorxador,4,12:02
64 – Jardín 25 de abril,15 – Av. Llibertat / Reina Victòria,4,08:09
64 – Jardín 25 de abril,11 – Plaça de Crevillent,4,09:43
114 – Jardin Biólogo Antonio de Zulueta,14 – Comissaria,4,08:40
114 – Jardin Biólogo Antonio de Zulueta,11 – Plaça de Crevillent,4,23:20
90 – Centro salud el Pla,89 – CEIP Dama d´Elx,4,08:42
90 – Centro salud el Pla,84 – Fernanda Santa María 64,4,10:55
90 – Centro salud el Pla,82 – Antonio Machado 73,4,07:48
41 – Dipòsit Municipal de Carrús,51 – Ciudad deportiva zona sur,4,17:06
45 – Plaça de Barcelona,85 – Sor Josefa Alcorta 34,4,11:03
80 – Reina Victoria con Gabriel Miró,95 – IES Vicente Verdu,4,11:25
80 – Reina Victoria con Gabriel Miró,87 – CEIP Sanchis Guarner,4,09:26
45 – Plaça de Barcelona,102 – UMH-Altabix,4,13:46
93 – Parque Rey Jaume I,98 – IES Sixto Marco,4,05:45
52 – Centro salud el Toscar,76 – Puente Altamira,4,09:56
52 – Centro salud el Toscar,72 – Plaza de madrid,4,04:17
7 – Pavelló Municipal,74 – IES Nit de l´Albà,4,16:48
25 – Cor de Jesús,92 – Parking Candalix,4,06:35
87 – CEIP Sanchis Guarner,99 – IES La Asunción,4,13:24
87 – CEIP Sanchis Guarner,89 – CEIP Dama d´Elx,4,10:16
107 – Josefina Manresa,24 – Policia Local,4,06:09
87 – CEIP Sanchis Guarner,54 – Plaza de Benidorm,4,17:29
20 – Antoni Mena / Fra Jaume Torres,41 – Dipòsit Municipal de Carrús,4,18:43
114 – Jardin Biólogo Antonio de Zulueta,3 – Plaça de la Llotja,4,11:44
37 – Hort de Travaló,100 – C.S. Raval,4,16:02
45 – Plaça de Barcelona,91 – Centro social el Pla,4,12:20
34 – Hospital General,69 – Olegario Domarco Seller 44,4,24:20
34 – Hospital General,46 – UMH / Rectorado,4,12:35
71 – IES Carrús,106 – Estadio Manolo Jaén,4,14:33
71 – IES Carrús,100 – C.S. Raval,4,11:06
104 – UMH-Arenals,16 – Jardí d’Asp,4,16:18
17 – Plaça de Castella,81 – C.S. Doctor Sapena,4,23:19
97 – Huerto del cura,109 – Parque Huerto del Torreret,4,12:59
7 – Pavelló Municipal,67 – Calle Grao con Victoria Kent,4,19:25
52 – Centro salud el Toscar,89 – CEIP Dama d´Elx,4,11:33
25 – Cor de Jesús,97 – Huerto del cura,4,08:44
107 – Josefina Manresa,6 – Ajuntament,4,15:14
39 – Francesc Cantó,79 – Intercambiador pasarela,4,06:19
64 – Jardín 25 de abril,41 – Dipòsit Municipal de Carrús,4,05:18
64 – Jardín 25 de abril,38 – Poliesportiu de Carrús,4,04:07
78 – Jorge Juan 24,3 – Plaça de la Llotja,4,14:14
77 – Plaza Obispo Siuri,111 – Avenida Alicante 38,4,18:47
74 – IES Nit de l´Albà,19 – Jesuïtines,4,15:10
45 – Plaça de Barcelona,112 – CEIP San Fernando,4,15:18
72 – Plaza de madrid,45 – Plaça de Barcelona,4,07:41
27 – UMH / Pavelló d’Esports,81 – C.S. Doctor Sapena,4,16:22
111 – Avenida Alicante 38,71 – IES Carrús,4,10:35
31 – Sant Antoni,108 – José Ferrández Cruz,4,12:44
31 – Sant Antoni,106 – Estadio Manolo Jaén,4,17:52
39 – Francesc Cantó,102 – UMH-Altabix,4,11:03
63 – CEIP Eugeni d’Ors,98 – IES Sixto Marco,4,15:50
10 – L’Escorxador,78 – Jorge Juan 24,4,14:31
109 – Parque Huerto del Torreret,100 – C.S. Raval,4,18:01
109 – Parque Huerto del Torreret,93 – Parque Rey Jaume I,4,12:13
34 – Hospital General,86 – El Corte Inglés,4,16:04
20 – Antoni Mena / Fra Jaume Torres,114 – Jardin Biólogo Antonio de Zulueta,4,23:57
20 – Antoni Mena / Fra Jaume Torres,113 – Alcalde Juan Hernández,4,22:58
52 – Centro salud el Toscar,69 – Olegario Domarco Seller 44,4,07:24
37 – Hort de Travaló,97 – Huerto del cura,4,12:39
7 – Pavelló Municipal,73 – Plaza de la aparadora,4,12:30
72 – Plaza de madrid,69 – Olegario Domarco Seller 44,4,05:56
111 – Avenida Alicante 38,42 – Multi Aventura Travaló,4,13:27
72 – Plaza de madrid,113 – Alcalde Juan Hernández,4,23:38
49 – Av. Alicante 59,48 – Av. Corts Valencianes,4,26:05
49 – Av. Alicante 59,105 – Almansa con Avda. Novelda,4,25:34
76 – Puente Altamira,16 – Jardí d’Asp,4,12:16
75 – L´aljub,114 – Jardin Biólogo Antonio de Zulueta,4,25:12
3 – Plaça de la Llotja,112 – CEIP San Fernando,4,05:07
3 – Plaça de la Llotja,111 – Avenida Alicante 38,4,05:40
8 – Polivalent de Carrús,83 – Conrado del campo 35,4,09:57
106 – Estadio Manolo Jaén,107 – Josefina Manresa,4,02:17
97 – Huerto del cura,18 – Poliesportiu d’Altabix,4,19:01
47 – C.P. Virgen de la Asunción,106 – Estadio Manolo Jaén,4,14:11
47 – C.P. Virgen de la Asunción,99 – IES La Asunción,4,13:28
48 – Av. Corts Valencianes,18 – Poliesportiu d’Altabix,4,22:02
9 – Biblioteca de Sant Josep,82 – Antonio Machado 73,4,07:07
73 – Plaza de la aparadora,7 – Pavelló Municipal,4,18:21
7 – Pavelló Municipal,94 – Parking Gran Teatre,4,19:51
104 – UMH-Arenals,28 – Passeig de les Germanies,4,13:05
97 – Huerto del cura,80 – Reina Victoria con Gabriel Miró,4,09:27
26 – UMH / Escola Oficial d’Idiomes,64 – Jardín 25 de abril,4,16:08
37 – Hort de Travaló,70 – Libertad-Diagonal,4,25:22
27 – UMH / Pavelló d’Esports,89 – CEIP Dama d´Elx,4,19:46
79 – Intercambiador pasarela,52 – Centro salud el Toscar,4,12:16
40 – C.P. Baix Vinalopó,115 – Passeig d´Atzavares,4,18:53
88 – Pistas del Pla,49 – Av. Alicante 59,4,18:57
88 – Pistas del Pla,42 – Multi Aventura Travaló,4,24:07
63 – CEIP Eugeni d’Ors,28 – Passeig de les Germanies,4,11:50
63 – CEIP Eugeni d’Ors,17 – Plaça de Castella,4,17:13
23 – Conrado del Campo / Trinquet,90 – Centro salud el Pla,4,02:35
72 – Plaza de madrid,110 – Avda Novelda con Obispo Barrachina,4,03:49
52 – Centro salud el Toscar,18 – Poliesportiu d’Altabix,4,23:03
94 – Parking Gran Teatre,56 – UMH / Torre Vaillo,4,29:15
27 – UMH / Pavelló d’Esports,69 – Olegario Domarco Seller 44,4,11:00
110 – Avda Novelda con Obispo Barrachina,7 – Pavelló Municipal,4,23:50
46 – UMH / Rectorado,89 – CEIP Dama d´Elx,4,15:30
51 – Ciudad deportiva zona sur,114 – Jardin Biólogo Antonio de Zulueta,4,07:34
51 – Ciudad deportiva zona sur,107 – Josefina Manresa,4,09:09
73 – Plaza de la aparadora,18 – Poliesportiu d’Altabix,4,18:43
102 – UMH-Altabix,29 – Casablanca,4,11:24
60 – Carrer de la Figuera 2 Torrellano,20 – Antoni Mena / Fra Jaume Torres,4,69:34
62 – Calle Inca con brea,110 – Avda Novelda con Obispo Barrachina,4,06:34
106 – Estadio Manolo Jaén,47 – C.P. Virgen de la Asunción,4,17:13
40 – C.P. Baix Vinalopó,66 – Jardín escritor Juan Fuster,4,21:44
73 – Plaza de la aparadora,93 – Parque Rey Jaume I,4,11:04
36 – I.E.S. Victoria Kent,89 – CEIP Dama d´Elx,4,20:11
74 – IES Nit de l´Albà,9 – Biblioteca de Sant Josep,4,07:44
73 – Plaza de la aparadora,109 – Parque Huerto del Torreret,4,22:31
13 – Jardí del 1r de Maig,81 – C.S. Doctor Sapena,4,10:10
13 – Jardí del 1r de Maig,73 – Plaza de la aparadora,4,05:44
62 – Calle Inca con brea,87 – CEIP Sanchis Guarner,4,16:10
62 – Calle Inca con brea,80 – Reina Victoria con Gabriel Miró,4,14:35
102 – UMH-Altabix,14 – Comissaria,4,12:14
114 – Jardin Biólogo Antonio de Zulueta,103 – UMH-Altet,4,12:19
114 – Jardin Biólogo Antonio de Zulueta,100 – C.S. Raval,4,24:33
114 – Jardin Biólogo Antonio de Zulueta,97 – Huerto del cura,4,11:10
28 – Passeig de les Germanies,109 – Parque Huerto del Torreret,4,20:08
88 – Pistas del Pla,99 – IES La Asunción,4,12:06
97 – Huerto del cura,40 – C.P. Baix Vinalopó,4,13:51
97 – Huerto del cura,37 – Hort de Travaló,4,19:19
94 – Parking Gran Teatre,43 – Palmerars – Ciutat de la Justícia,4,07:32
94 – Parking Gran Teatre,37 – Hort de Travaló,4,18:02
94 – Parking Gran Teatre,69 – Olegario Domarco Seller 44,4,09:45
94 – Parking Gran Teatre,67 – Calle Grao con Victoria Kent,4,14:24
13 – Jardí del 1r de Maig,100 – C.S. Raval,4,14:45
31 – Sant Antoni,69 – Olegario Domarco Seller 44,4,19:49
25 – Cor de Jesús,68 – Arturo Salvetti Pardo,4,07:32
49 – Av. Alicante 59,84 – Fernanda Santa María 64,4,14:12
16 – Jardí d’Asp,101 – UMH-La Galia,4,09:50
25 – Cor de Jesús,65 – C.P. El toscar,4,13:55
25 – Cor de Jesús,64 – Jardín 25 de abril,4,14:48
25 – Cor de Jesús,62 – Calle Inca con brea,4,15:05
89 – CEIP Dama d´Elx,32 – Centre de Salut d’Altabix,4,19:45
14 – Comissaria,65 – C.P. El toscar,4,12:50
111 – Avenida Alicante 38,16 – Jardí d’Asp,4,17:27
51 – Ciudad deportiva zona sur,105 – Almansa con Avda. Novelda,4,25:21
97 – Huerto del cura,17 – Plaça de Castella,4,15:42
96 – Puente de Santa Teresa,114 – Jardin Biólogo Antonio de Zulueta,4,19:16
51 – Ciudad deportiva zona sur,89 – CEIP Dama d´Elx,4,18:19
13 – Jardí del 1r de Maig,115 – Passeig d´Atzavares,4,39:29
43 – Palmerars – Ciutat de la Justícia,90 – Centro salud el Pla,4,17:01
84 – Fernanda Santa María 64,54 – Plaza de Benidorm,4,12:54
29 – Casablanca,99 – IES La Asunción,4,14:41
35 – Hospital del Vinalopó,46 – UMH / Rectorado,4,18:45
105 – Almansa con Avda. Novelda,3 – Plaça de la Llotja,4,17:13
92 – Parking Candalix,39 – Francesc Cantó,4,07:04
92 – Parking Candalix,22 – Av. Llauradors / Eslava,4,12:17
92 – Parking Candalix,69 – Olegario Domarco Seller 44,4,10:10
67 – Calle Grao con Victoria Kent,38 – Poliesportiu de Carrús,4,04:40
67 – Calle Grao con Victoria Kent,36 – I.E.S. Victoria Kent,4,16:03
113 – Alcalde Juan Hernández,24 – Policia Local,4,08:04
113 – Alcalde Juan Hernández,23 – Conrado del Campo / Trinquet,4,15:03
84 – Fernanda Santa María 64,78 – Jorge Juan 24,4,08:08
77 – Plaza Obispo Siuri,37 – Hort de Travaló,4,27:01
77 – Plaza Obispo Siuri,35 – Hospital del Vinalopó,4,10:12
106 – Estadio Manolo Jaén,83 – Conrado del campo 35,4,17:50
62 – Calle Inca con brea,49 – Av. Alicante 59,3,19:16
13 – Jardí del 1r de Maig,86 – El Corte Inglés,3,15:03
62 – Calle Inca con brea,45 – Plaça de Barcelona,3,11:34
114 – Jardin Biólogo Antonio de Zulueta,113 – Alcalde Juan Hernández,3,11:19
31 – Sant Antoni,71 – IES Carrús,3,17:20
102 – UMH-Altabix,63 – CEIP Eugeni d’Ors,3,13:48
89 – CEIP Dama d´Elx,46 – UMH / Rectorado,3,17:31
89 – CEIP Dama d´Elx,37 – Hort de Travaló,3,22:08
89 – CEIP Dama d´Elx,36 – I.E.S. Victoria Kent,3,16:22
62 – Calle Inca con brea,4 – Plaça del Raval,3,16:02
1 – Estació d’Autobusos,115 – Passeig d´Atzavares,3,16:55
1 – Estació d’Autobusos,113 – Alcalde Juan Hernández,3,10:44
31 – Sant Antoni,78 – Jorge Juan 24,3,18:53
114 – Jardin Biólogo Antonio de Zulueta,106 – Estadio Manolo Jaén,3,16:10
39 – Francesc Cantó,114 – Jardin Biólogo Antonio de Zulueta,3,20:16
88 – Pistas del Pla,112 – CEIP San Fernando,3,17:58
13 – Jardí del 1r de Maig,66 – Jardín escritor Juan Fuster,3,22:59
88 – Pistas del Pla,110 – Avda Novelda con Obispo Barrachina,3,13:05
115 – Passeig d´Atzavares,107 – Josefina Manresa,3,14:56
61 – Avenida Novelda 191,65 – C.P. El toscar,3,09:56
115 – Passeig d´Atzavares,11 – Plaça de Crevillent,3,27:44
61 – Avenida Novelda 191,8 – Polivalent de Carrús,3,07:57
61 – Avenida Novelda 191,3 – Plaça de la Llotja,3,17:33
63 – CEIP Eugeni d’Ors,15 – Av. Llibertat / Reina Victòria,3,08:15
63 – CEIP Eugeni d’Ors,7 – Pavelló Municipal,3,18:14
102 – UMH-Altabix,91 – Centro social el Pla,3,18:07
40 – C.P. Baix Vinalopó,65 – C.P. El toscar,3,09:32
88 – Pistas del Pla,53 – C.P. Victor Pradera,3,25:29
89 – CEIP Dama d´Elx,77 – Plaza Obispo Siuri,3,11:24
89 – CEIP Dama d´Elx,22 – Av. Llauradors / Eslava,3,33:57
63 – CEIP Eugeni d’Ors,65 – C.P. El toscar,3,05:46
114 – Jardin Biólogo Antonio de Zulueta,40 – C.P. Baix Vinalopó,3,13:44
31 – Sant Antoni,97 – Huerto del cura,3,09:04
20 – Antoni Mena / Fra Jaume Torres,98 – IES Sixto Marco,3,17:02
63 – CEIP Eugeni d’Ors,47 – C.P. Virgen de la Asunción,3,12:29
63 – CEIP Eugeni d’Ors,30 – Squash,3,19:50
63 – CEIP Eugeni d’Ors,27 – UMH / Pavelló d’Esports,3,11:20
63 – CEIP Eugeni d’Ors,25 – Cor de Jesús,3,39:35
114 – Jardin Biólogo Antonio de Zulueta,55 – Pere Joan Perpinyà,3,20:13
63 – CEIP Eugeni d’Ors,16 – Jardí d’Asp,3,03:07
20 – Antoni Mena / Fra Jaume Torres,104 – UMH-Arenals,3,19:47
20 – Antoni Mena / Fra Jaume Torres,100 – C.S. Raval,3,10:13
101 – UMH-La Galia,111 – Avenida Alicante 38,3,07:48
39 – Francesc Cantó,101 – UMH-La Galia,3,09:30
40 – C.P. Baix Vinalopó,105 – Almansa con Avda. Novelda,3,13:40
87 – CEIP Sanchis Guarner,109 – Parque Huerto del Torreret,3,21:28
107 – Josefina Manresa,4 – Plaça del Raval,3,16:14
106 – Estadio Manolo Jaén,112 – CEIP San Fernando,3,08:33
39 – Francesc Cantó,91 – Centro social el Pla,3,09:38
28 – Passeig de les Germanies,107 – Josefina Manresa,3,17:02
101 – UMH-La Galia,98 – IES Sixto Marco,3,08:26
101 – UMH-La Galia,96 – Puente de Santa Teresa,3,11:58
101 – UMH-La Galia,92 – Parking Candalix,3,03:31
64 – Jardín 25 de abril,3 – Plaça de la Llotja,3,13:30
63 – CEIP Eugeni d’Ors,106 – Estadio Manolo Jaén,3,22:55
64 – Jardín 25 de abril,9 – Biblioteca de Sant Josep,3,12:36
114 – Jardin Biólogo Antonio de Zulueta,18 – Poliesportiu d’Altabix,3,20:00
114 – Jardin Biólogo Antonio de Zulueta,6 – Ajuntament,3,16:15
87 – CEIP Sanchis Guarner,81 – C.S. Doctor Sapena,3,05:53
87 – CEIP Sanchis Guarner,80 – Reina Victoria con Gabriel Miró,3,11:05
107 – Josefina Manresa,23 – Conrado del Campo / Trinquet,3,21:03
41 – Dipòsit Municipal de Carrús,14 – Comissaria,3,21:57
87 – CEIP Sanchis Guarner,73 – Plaza de la aparadora,3,14:28
87 – CEIP Sanchis Guarner,70 – Libertad-Diagonal,3,13:01
88 – Pistas del Pla,38 – Poliesportiu de Carrús,3,21:58
106 – Estadio Manolo Jaén,110 – Avda Novelda con Obispo Barrachina,3,14:46
106 – Estadio Manolo Jaén,103 – UMH-Altet,3,06:18
90 – Centro salud el Pla,35 – Hospital del Vinalopó,3,08:30
30 – Squash,103 – UMH-Altet,3,12:36
58 – Polideportivo Torrellano,57 – IES Torrellano,3,24:31
57 – IES Torrellano,59 – Calle San Crispín 1 Torrellano,3,06:22
57 – IES Torrellano,58 – Polideportivo Torrellano,3,18:48
64 – Jardín 25 de abril,81 – C.S. Doctor Sapena,3,10:02
101 – UMH-La Galia,20 – Antoni Mena / Fra Jaume Torres,3,16:24
90 – Centro salud el Pla,46 – UMH / Rectorado,3,17:44
90 – Centro salud el Pla,45 – Plaça de Barcelona,3,11:05
87 – CEIP Sanchis Guarner,92 – Parking Candalix,3,21:08
87 – CEIP Sanchis Guarner,85 – Sor Josefa Alcorta 34,3,09:30
64 – Jardín 25 de abril,52 – Centro salud el Toscar,3,07:03
64 – Jardín 25 de abril,47 – C.P. Virgen de la Asunción,3,07:40
113 – Alcalde Juan Hernández,111 – Avenida Alicante 38,3,11:05
64 – Jardín 25 de abril,33 – Av. Libertat / l’Aljub,3,10:55
64 – Jardín 25 de abril,27 – UMH / Pavelló d’Esports,3,10:26
114 – Jardin Biólogo Antonio de Zulueta,31 – Sant Antoni,3,06:22
100 – C.S. Raval,111 – Avenida Alicante 38,3,12:41
101 – UMH-La Galia,31 – Sant Antoni,3,16:33
64 – Jardín 25 de abril,71 – IES Carrús,3,08:47
64 – Jardín 25 de abril,70 – Libertad-Diagonal,3,09:18
64 – Jardín 25 de abril,69 – Olegario Domarco Seller 44,3,06:43
64 – Jardín 25 de abril,94 – Parking Gran Teatre,3,12:59
64 – Jardín 25 de abril,86 – El Corte Inglés,3,15:17
100 – C.S. Raval,109 – Parque Huerto del Torreret,3,14:47
100 – C.S. Raval,101 – UMH-La Galia,3,11:39
100 – C.S. Raval,95 – IES Vicente Verdu,3,08:55
101 – UMH-La Galia,4 – Plaça del Raval,3,09:42
86 – El Corte Inglés,99 – IES La Asunción,3,12:43
65 – C.P. El toscar,35 – Hospital del Vinalopó,3,12:48
65 – C.P. El toscar,28 – Passeig de les Germanies,3,07:06
65 – C.P. El toscar,21 – C.P. Mariano Benlliure,3,11:48
65 – C.P. El toscar,20 – Antoni Mena / Fra Jaume Torres,3,07:30
24 – Policia Local,100 – C.S. Raval,3,15:16
65 – C.P. El toscar,100 – C.S. Raval,3,11:15
65 – C.P. El toscar,55 – Pere Joan Perpinyà,3,08:30
90 – Centro salud el Pla,97 – Huerto del cura,3,14:58
14 – Comissaria,81 – C.S. Doctor Sapena,3,16:56
86 – El Corte Inglés,68 – Arturo Salvetti Pardo,3,16:16
90 – Centro salud el Pla,76 – Puente Altamira,3,09:32
90 – Centro salud el Pla,54 – Plaza de Benidorm,3,16:09
107 – Josefina Manresa,56 – UMH / Torre Vaillo,3,28:14
65 – C.P. El toscar,94 – Parking Gran Teatre,3,09:30
65 – C.P. El toscar,89 – CEIP Dama d´Elx,3,20:05
65 – C.P. El toscar,85 – Sor Josefa Alcorta 34,3,13:33
56 – UMH / Torre Vaillo,85 – Sor Josefa Alcorta 34,3,13:21
103 – UMH-Altet,13 – Jardí del 1r de Maig,3,12:32
30 – Squash,110 – Avda Novelda con Obispo Barrachina,3,23:08
32 – Centre de Salut d’Altabix,63 – CEIP Eugeni d’Ors,3,19:16
113 – Alcalde Juan Hernández,72 – Plaza de madrid,3,20:12
113 – Alcalde Juan Hernández,70 – Libertad-Diagonal,3,14:42
56 – UMH / Torre Vaillo,78 – Jorge Juan 24,3,09:56
56 – UMH / Torre Vaillo,67 – Calle Grao con Victoria Kent,3,10:11
113 – Alcalde Juan Hernández,47 – C.P. Virgen de la Asunción,3,18:12
32 – Centre de Salut d’Altabix,73 – Plaza de la aparadora,3,15:20
100 – C.S. Raval,71 – IES Carrús,3,16:00
91 – Centro social el Pla,40 – C.P. Baix Vinalopó,3,18:00
12 – Ambulatori de Sant Fermí,115 – Passeig d´Atzavares,3,27:58
86 – El Corte Inglés,3 – Plaça de la Llotja,3,18:16
41 – Dipòsit Municipal de Carrús,81 – C.S. Doctor Sapena,3,09:26
41 – Dipòsit Municipal de Carrús,80 – Reina Victoria con Gabriel Miró,3,09:48
41 – Dipòsit Municipal de Carrús,75 – L´aljub,3,12:50
86 – El Corte Inglés,97 – Huerto del cura,3,15:11
39 – Francesc Cantó,63 – CEIP Eugeni d’Ors,3,10:34
103 – UMH-Altet,24 – Policia Local,3,09:32
66 – Jardín escritor Juan Fuster,36 – I.E.S. Victoria Kent,3,17:19
66 – Jardín escritor Juan Fuster,35 – Hospital del Vinalopó,3,14:10
66 – Jardín escritor Juan Fuster,32 – Centre de Salut d’Altabix,3,13:03
100 – C.S. Raval,39 – Francesc Cantó,3,19:34
100 – C.S. Raval,27 – UMH / Pavelló d’Esports,3,15:30
113 – Alcalde Juan Hernández,40 – C.P. Baix Vinalopó,3,17:25
113 – Alcalde Juan Hernández,28 – Passeig de les Germanies,3,20:18
85 – Sor Josefa Alcorta 34,97 – Huerto del cura,3,09:42
85 – Sor Josefa Alcorta 34,95 – IES Vicente Verdu,3,06:25
85 – Sor Josefa Alcorta 34,92 – Parking Candalix,3,11:18
42 – Multi Aventura Travaló,76 – Puente Altamira,3,18:20
86 – El Corte Inglés,38 – Poliesportiu de Carrús,3,15:51
90 – Centro salud el Pla,114 – Jardin Biólogo Antonio de Zulueta,3,15:54
91 – Centro social el Pla,47 – C.P. Virgen de la Asunción,3,09:12
66 – Jardín escritor Juan Fuster,86 – El Corte Inglés,3,14:49
66 – Jardín escritor Juan Fuster,84 – Fernanda Santa María 64,3,12:30
66 – Jardín escritor Juan Fuster,79 – Intercambiador pasarela,3,11:10
66 – Jardín escritor Juan Fuster,77 – Plaza Obispo Siuri,3,08:06
66 – Jardín escritor Juan Fuster,64 – Jardín 25 de abril,3,02:59
92 – Parking Candalix,8 – Polivalent de Carrús,3,09:15
85 – Sor Josefa Alcorta 34,62 – Calle Inca con brea,3,30:52
85 – Sor Josefa Alcorta 34,48 – Av. Corts Valencianes,3,16:29
108 – José Ferrández Cruz,4 – Plaça del Raval,3,22:36
42 – Multi Aventura Travaló,102 – UMH-Altabix,3,24:55
85 – Sor Josefa Alcorta 34,109 – Parque Huerto del Torreret,3,17:42
86 – El Corte Inglés,18 – Poliesportiu d’Altabix,3,25:23
1 – Estació d’Autobusos,95 – IES Vicente Verdu,3,16:01
1 – Estació d’Autobusos,92 – Parking Candalix,3,12:44
1 – Estació d’Autobusos,91 – Centro social el Pla,3,15:45
4 – Plaça del Raval,109 – Parque Huerto del Torreret,3,19:52
4 – Plaça del Raval,107 – Josefina Manresa,3,22:10
32 – Centre de Salut d’Altabix,91 – Centro social el Pla,3,23:05
113 – Alcalde Juan Hernández,11 – Plaça de Crevillent,3,18:48
67 – Calle Grao con Victoria Kent,3 – Plaça de la Llotja,3,11:57
55 – Pere Joan Perpinyà,115 – Passeig d´Atzavares,3,38:52
67 – Calle Grao con Victoria Kent,29 – Casablanca,3,05:03
99 – IES La Asunción,113 – Alcalde Juan Hernández,3,07:37
42 – Multi Aventura Travaló,109 – Parque Huerto del Torreret,3,08:50
84 – Fernanda Santa María 64,110 – Avda Novelda con Obispo Barrachina,3,11:17
84 – Fernanda Santa María 64,107 – Josefina Manresa,3,34:25
84 – Fernanda Santa María 64,105 – Almansa con Avda. Novelda,3,16:01
84 – Fernanda Santa María 64,103 – UMH-Altet,3,14:26
85 – Sor Josefa Alcorta 34,39 – Francesc Cantó,3,14:50
91 – Centro social el Pla,84 – Fernanda Santa María 64,3,07:39
91 – Centro social el Pla,77 – Plaza Obispo Siuri,3,24:23
99 – IES La Asunción,108 – José Ferrández Cruz,3,24:35
18 – Poliesportiu d’Altabix,92 – Parking Candalix,3,12:30
67 – Calle Grao con Victoria Kent,18 – Poliesportiu d’Altabix,3,19:40
67 – Calle Grao con Victoria Kent,16 – Jardí d’Asp,3,09:50
99 – IES La Asunción,76 – Puente Altamira,3,10:45
99 – IES La Asunción,102 – UMH-Altabix,3,12:49
84 – Fernanda Santa María 64,74 – IES Nit de l´Albà,3,06:46
84 – Fernanda Santa María 64,89 – CEIP Dama d´Elx,3,03:24
28 – Passeig de les Germanies,65 – C.P. El toscar,3,10:14
21 – C.P. Mariano Benlliure,98 – IES Sixto Marco,3,17:02
42 – Multi Aventura Travaló,111 – Avenida Alicante 38,3,10:57
67 – Calle Grao con Victoria Kent,77 – Plaza Obispo Siuri,3,29:45
67 – Calle Grao con Victoria Kent,56 – UMH / Torre Vaillo,3,09:10
67 – Calle Grao con Victoria Kent,41 – Dipòsit Municipal de Carrús,3,09:51
68 – Arturo Salvetti Pardo,46 – UMH / Rectorado,3,15:18
30 – Squash,88 – Pistas del Pla,3,28:32
99 – IES La Asunción,81 – C.S. Doctor Sapena,3,14:26
67 – Calle Grao con Victoria Kent,91 – Centro social el Pla,3,14:27
112 – CEIP San Fernando,115 – Passeig d´Atzavares,3,10:22
24 – Policia Local,109 – Parque Huerto del Torreret,3,16:37
68 – Arturo Salvetti Pardo,38 – Poliesportiu de Carrús,3,06:02
68 – Arturo Salvetti Pardo,34 – Hospital General,3,15:03
68 – Arturo Salvetti Pardo,23 – Conrado del Campo / Trinquet,3,18:09
24 – Policia Local,103 – UMH-Altet,3,12:26
18 – Poliesportiu d’Altabix,67 – Calle Grao con Victoria Kent,3,19:05
33 – Av. Libertat / l’Aljub,68 – Arturo Salvetti Pardo,3,17:21
33 – Av. Libertat / l’Aljub,63 – CEIP Eugeni d’Ors,3,12:33
99 – IES La Asunción,31 – Sant Antoni,3,05:43
99 – IES La Asunción,27 – UMH / Pavelló d’Esports,3,14:08
43 – Palmerars – Ciutat de la Justícia,91 – Centro social el Pla,3,16:10
99 – IES La Asunción,70 – Libertad-Diagonal,3,10:30
68 – Arturo Salvetti Pardo,80 – Reina Victoria con Gabriel Miró,3,06:35
68 – Arturo Salvetti Pardo,65 – C.P. El toscar,3,06:15
68 – Arturo Salvetti Pardo,64 – Jardín 25 de abril,3,05:12
5 – Centre de Congressos,68 – Arturo Salvetti Pardo,3,13:23
112 – CEIP San Fernando,25 – Cor de Jesús,3,14:17
98 – IES Sixto Marco,104 – UMH-Arenals,3,09:21
112 – CEIP San Fernando,37 – Hort de Travaló,3,07:55
68 – Arturo Salvetti Pardo,102 – UMH-Altabix,3,12:04
55 – Pere Joan Perpinyà,93 – Parque Rey Jaume I,3,12:48
54 – Plaza de Benidorm,107 – Josefina Manresa,3,10:41
54 – Plaza de Benidorm,101 – UMH-La Galia,3,12:25
30 – Squash,67 – Calle Grao con Victoria Kent,3,18:27
103 – UMH-Altet,98 – IES Sixto Marco,3,09:07
18 – Poliesportiu d’Altabix,77 – Plaza Obispo Siuri,3,16:31
18 – Poliesportiu d’Altabix,76 – Puente Altamira,3,11:37
98 – IES Sixto Marco,110 – Avda Novelda con Obispo Barrachina,3,18:19
108 – José Ferrández Cruz,80 – Reina Victoria con Gabriel Miró,3,21:38
43 – Palmerars – Ciutat de la Justícia,106 – Estadio Manolo Jaén,3,18:35
92 – Parking Candalix,38 – Poliesportiu de Carrús,3,13:18
92 – Parking Candalix,37 – Hort de Travaló,3,15:47
92 – Parking Candalix,36 – I.E.S. Victoria Kent,3,09:10
92 – Parking Candalix,18 – Poliesportiu d’Altabix,3,16:17
24 – Policia Local,70 – Libertad-Diagonal,3,13:06
112 – CEIP San Fernando,18 – Poliesportiu d’Altabix,3,15:23
112 – CEIP San Fernando,12 – Ambulatori de Sant Fermí,3,24:49
69 – Olegario Domarco Seller 44,52 – Centro salud el Toscar,3,10:42
69 – Olegario Domarco Seller 44,49 – Av. Alicante 59,3,14:08
69 – Olegario Domarco Seller 44,56 – UMH / Torre Vaillo,3,11:02
24 – Policia Local,78 – Jorge Juan 24,3,19:04
33 – Av. Libertat / l’Aljub,108 – José Ferrández Cruz,3,25:49
92 – Parking Candalix,77 – Plaza Obispo Siuri,3,08:05
84 – Fernanda Santa María 64,13 – Jardí del 1r de Maig,3,17:11
43 – Palmerars – Ciutat de la Justícia,80 – Reina Victoria con Gabriel Miró,3,13:23
92 – Parking Candalix,51 – Ciudad deportiva zona sur,3,13:48
29 – Casablanca,67 – Calle Grao con Victoria Kent,3,16:50
29 – Casablanca,65 – C.P. El toscar,3,05:56
70 – Libertad-Diagonal,14 – Comissaria,3,12:51
69 – Olegario Domarco Seller 44,92 – Parking Candalix,3,08:28
69 – Olegario Domarco Seller 44,101 – UMH-La Galia,3,11:45
69 – Olegario Domarco Seller 44,100 – C.S. Raval,3,10:12
98 – IES Sixto Marco,81 – C.S. Doctor Sapena,3,12:06
98 – IES Sixto Marco,77 – Plaza Obispo Siuri,3,09:43
83 – Conrado del campo 35,85 – Sor Josefa Alcorta 34,3,09:57
83 – Conrado del campo 35,69 – Olegario Domarco Seller 44,3,11:35
43 – Palmerars – Ciutat de la Justícia,113 – Alcalde Juan Hernández,3,05:09
105 – Almansa con Avda. Novelda,100 – C.S. Raval,3,16:37
92 – Parking Candalix,89 – CEIP Dama d´Elx,3,13:02
92 – Parking Candalix,85 – Sor Josefa Alcorta 34,3,10:03
92 – Parking Candalix,83 – Conrado del campo 35,3,09:42
92 – Parking Candalix,78 – Jorge Juan 24,3,08:40
98 – IES Sixto Marco,55 – Pere Joan Perpinyà,3,14:16
70 – Libertad-Diagonal,67 – Calle Grao con Victoria Kent,3,04:29
111 – Avenida Alicante 38,110 – Avda Novelda con Obispo Barrachina,3,14:24
111 – Avenida Alicante 38,108 – José Ferrández Cruz,3,11:18
6 – Ajuntament,63 – CEIP Eugeni d’Ors,3,14:47
6 – Ajuntament,62 – Calle Inca con brea,3,20:00
70 – Libertad-Diagonal,48 – Av. Corts Valencianes,3,12:21
71 – IES Carrús,18 – Poliesportiu d’Altabix,3,19:57
6 – Ajuntament,115 – Passeig d´Atzavares,3,21:52
83 – Conrado del campo 35,8 – Polivalent de Carrús,3,10:23
108 – José Ferrández Cruz,111 – Avenida Alicante 38,3,10:12
108 – José Ferrández Cruz,105 – Almansa con Avda. Novelda,3,22:25
22 – Av. Llauradors / Eslava,95 – IES Vicente Verdu,3,04:16
22 – Av. Llauradors / Eslava,94 – Parking Gran Teatre,3,11:28
22 – Av. Llauradors / Eslava,93 – Parque Rey Jaume I,3,12:44
83 – Conrado del campo 35,110 – Avda Novelda con Obispo Barrachina,3,09:41
83 – Conrado del campo 35,108 – José Ferrández Cruz,3,23:08
83 – Conrado del campo 35,104 – UMH-Arenals,3,17:35
14 – Comissaria,109 – Parque Huerto del Torreret,3,11:16
6 – Ajuntament,95 – IES Vicente Verdu,3,13:32
111 – Avenida Alicante 38,95 – IES Vicente Verdu,3,17:15
111 – Avenida Alicante 38,90 – Centro salud el Pla,3,13:03
111 – Avenida Alicante 38,87 – CEIP Sanchis Guarner,3,17:04
70 – Libertad-Diagonal,97 – Huerto del cura,3,10:11
17 – Plaça de Castella,95 – IES Vicente Verdu,3,25:00
98 – IES Sixto Marco,16 – Jardí d’Asp,3,26:43
103 – UMH-Altet,114 – Jardin Biólogo Antonio de Zulueta,3,11:19
44 – Portes Encarnades,65 – C.P. El toscar,3,15:51
82 – Antonio Machado 73,84 – Fernanda Santa María 64,3,06:03
82 – Antonio Machado 73,79 – Intercambiador pasarela,3,08:14
44 – Portes Encarnades,72 – Plaza de madrid,3,16:03
71 – IES Carrús,38 – Poliesportiu de Carrús,3,09:42
111 – Avenida Alicante 38,86 – El Corte Inglés,3,14:10
111 – Avenida Alicante 38,81 – C.S. Doctor Sapena,3,14:52
71 – IES Carrús,30 – Squash,3,20:19
71 – IES Carrús,67 – Calle Grao con Victoria Kent,3,14:40
71 – IES Carrús,66 – Jardín escritor Juan Fuster,3,10:27
71 – IES Carrús,52 – Centro salud el Toscar,3,11:31
71 – IES Carrús,85 – Sor Josefa Alcorta 34,3,10:30
24 – Policia Local,47 – C.P. Virgen de la Asunción,3,20:03
20 – Antoni Mena / Fra Jaume Torres,106 – Estadio Manolo Jaén,3,21:46
17 – Plaça de Castella,84 – Fernanda Santa María 64,3,23:24
2 – Oficina de Turisme,61 – Avenida Novelda 191,3,27:25
97 – Huerto del cura,103 – UMH-Altet,3,13:33
109 – Parque Huerto del Torreret,16 – Jardí d’Asp,3,26:27
44 – Portes Encarnades,109 – Parque Huerto del Torreret,3,18:19
44 – Portes Encarnades,107 – Josefina Manresa,3,22:53
82 – Antonio Machado 73,8 – Polivalent de Carrús,3,06:59
44 – Portes Encarnades,110 – Avda Novelda con Obispo Barrachina,3,20:03
82 – Antonio Machado 73,1 – Estació d’Autobusos,3,15:32
7 – Pavelló Municipal,69 – Olegario Domarco Seller 44,3,23:25
52 – Centro salud el Toscar,91 – Centro social el Pla,3,14:05
72 – Plaza de madrid,13 – Jardí del 1r de Maig,3,09:50
7 – Pavelló Municipal,72 – Plaza de madrid,3,11:00
72 – Plaza de madrid,38 – Poliesportiu de Carrús,3,09:47
34 – Hospital General,91 – Centro social el Pla,3,13:14
97 – Huerto del cura,90 – Centro salud el Pla,3,11:49
30 – Squash,48 – Av. Corts Valencianes,3,17:34
81 – C.S. Doctor Sapena,95 – IES Vicente Verdu,3,16:38
81 – C.S. Doctor Sapena,87 – CEIP Sanchis Guarner,3,13:20
109 – Parque Huerto del Torreret,38 – Poliesportiu de Carrús,3,26:53
82 – Antonio Machado 73,62 – Calle Inca con brea,3,16:36
82 – Antonio Machado 73,29 – Casablanca,3,14:14
22 – Av. Llauradors / Eslava,115 – Passeig d´Atzavares,3,16:42
38 – Poliesportiu de Carrús,87 – CEIP Sanchis Guarner,3,15:31
20 – Antoni Mena / Fra Jaume Torres,110 – Avda Novelda con Obispo Barrachina,3,12:22
72 – Plaza de madrid,16 – Jardí d’Asp,3,08:55
1 – Estació d’Autobusos,63 – CEIP Eugeni d’Ors,3,18:04
97 – Huerto del cura,71 – IES Carrús,3,13:13
111 – Avenida Alicante 38,33 – Av. Libertat / l’Aljub,3,19:50
81 – C.S. Doctor Sapena,45 – Plaça de Barcelona,3,09:12
109 – Parque Huerto del Torreret,50 – Borreguet,3,12:53
3 – Plaça de la Llotja,69 – Olegario Domarco Seller 44,3,12:51
15 – Av. Llibertat / Reina Victòria,72 – Plaza de madrid,3,04:43
93 – Parque Rey Jaume I,42 – Multi Aventura Travaló,3,11:19
81 – C.S. Doctor Sapena,105 – Almansa con Avda. Novelda,3,16:11
72 – Plaza de madrid,101 – UMH-La Galia,3,12:02
72 – Plaza de madrid,88 – Pistas del Pla,3,11:09
72 – Plaza de madrid,66 – Jardín escritor Juan Fuster,3,11:05
52 – Centro salud el Toscar,31 – Sant Antoni,3,21:34
97 – Huerto del cura,46 – UMH / Rectorado,3,35:13
97 – Huerto del cura,44 – Portes Encarnades,3,08:44
7 – Pavelló Municipal,98 – IES Sixto Marco,3,12:59
7 – Pavelló Municipal,89 – CEIP Dama d´Elx,3,22:13
7 – Pavelló Municipal,86 – El Corte Inglés,3,24:39
17 – Plaça de Castella,67 – Calle Grao con Victoria Kent,3,14:19
34 – Hospital General,106 – Estadio Manolo Jaén,3,16:30
34 – Hospital General,101 – UMH-La Galia,3,13:57
10 – L’Escorxador,109 – Parque Huerto del Torreret,3,24:17
3 – Plaça de la Llotja,65 – C.P. El toscar,3,33:34
80 – Reina Victoria con Gabriel Miró,108 – José Ferrández Cruz,3,23:28
81 – C.S. Doctor Sapena,17 – Plaça de Castella,3,33:35
45 – Plaça de Barcelona,73 – Plaza de la aparadora,3,03:56
45 – Plaça de Barcelona,72 – Plaza de madrid,3,04:09
11 – Plaça de Crevillent,68 – Arturo Salvetti Pardo,3,11:02
93 – Parque Rey Jaume I,68 – Arturo Salvetti Pardo,3,09:42
15 – Av. Llibertat / Reina Victòria,65 – C.P. El toscar,3,06:49
97 – Huerto del cura,23 – Conrado del Campo / Trinquet,3,12:07
73 – Plaza de la aparadora,29 – Casablanca,3,10:03
26 – UMH / Escola Oficial d’Idiomes,99 – IES La Asunción,3,14:46
73 – Plaza de la aparadora,68 – Arturo Salvetti Pardo,3,07:49
73 – Plaza de la aparadora,95 – IES Vicente Verdu,3,09:51
73 – Plaza de la aparadora,92 – Parking Candalix,3,10:01
74 – IES Nit de l´Albà,63 – CEIP Eugeni d’Ors,3,13:14
74 – IES Nit de l´Albà,54 – Plaza de Benidorm,3,17:21
96 – Puente de Santa Teresa,108 – José Ferrández Cruz,3,25:36
96 – Puente de Santa Teresa,101 – UMH-La Galia,3,18:13
37 – Hort de Travaló,104 – UMH-Arenals,3,12:33
45 – Plaça de Barcelona,92 – Parking Candalix,3,08:24
109 – Parque Huerto del Torreret,84 – Fernanda Santa María 64,3,18:42
80 – Reina Victoria con Gabriel Miró,64 – Jardín 25 de abril,3,13:42
80 – Reina Victoria con Gabriel Miró,56 – UMH / Torre Vaillo,3,14:38
105 – Almansa con Avda. Novelda,65 – C.P. El toscar,3,07:00
74 – IES Nit de l´Albà,10 – L’Escorxador,3,13:37
74 – IES Nit de l´Albà,38 – Poliesportiu de Carrús,3,12:59
74 – IES Nit de l´Albà,29 – Casablanca,3,17:14
111 – Avenida Alicante 38,4 – Plaça del Raval,3,12:12
110 – Avda Novelda con Obispo Barrachina,103 – UMH-Altet,3,12:29
4 – Plaça del Raval,67 – Calle Grao con Victoria Kent,3,11:44
96 – Puente de Santa Teresa,65 – C.P. El toscar,3,11:25
93 – Parque Rey Jaume I,112 – CEIP San Fernando,3,07:03
15 – Av. Llibertat / Reina Victòria,95 – IES Vicente Verdu,3,14:49
80 – Reina Victoria con Gabriel Miró,37 – Hort de Travaló,3,21:00
10 – L’Escorxador,89 – CEIP Dama d´Elx,3,08:34
80 – Reina Victoria con Gabriel Miró,65 – C.P. El toscar,3,10:32
109 – Parque Huerto del Torreret,96 – Puente de Santa Teresa,3,45:38
80 – Reina Victoria con Gabriel Miró,10 – L’Escorxador,3,09:04
45 – Plaça de Barcelona,89 – CEIP Dama d´Elx,3,08:48
80 – Reina Victoria con Gabriel Miró,106 – Estadio Manolo Jaén,3,16:14
23 – Conrado del Campo / Trinquet,107 – Josefina Manresa,3,22:14
23 – Conrado del Campo / Trinquet,104 – UMH-Arenals,3,16:38
7 – Pavelló Municipal,109 – Parque Huerto del Torreret,3,04:56
50 – Borreguet,82 – Antonio Machado 73,3,16:12
96 – Puente de Santa Teresa,56 – UMH / Torre Vaillo,3,12:25
21 – C.P. Mariano Benlliure,79 – Intercambiador pasarela,3,08:50
105 – Almansa con Avda. Novelda,55 – Pere Joan Perpinyà,3,11:54
79 – Intercambiador pasarela,109 – Parque Huerto del Torreret,3,12:36
79 – Intercambiador pasarela,101 – UMH-La Galia,3,21:11
79 – Intercambiador pasarela,99 – IES La Asunción,3,41:52
46 – UMH / Rectorado,65 – C.P. El toscar,3,18:48
79 – Intercambiador pasarela,93 – Parque Rey Jaume I,3,09:12
45 – Plaça de Barcelona,113 – Alcalde Juan Hernández,3,21:03
93 – Parque Rey Jaume I,107 – Josefina Manresa,3,17:27
50 – Borreguet,73 – Plaza de la aparadora,3,16:36
50 – Borreguet,71 – IES Carrús,3,14:08
50 – Borreguet,69 – Olegario Domarco Seller 44,3,15:40
23 – Conrado del Campo / Trinquet,97 – Huerto del cura,3,12:31
4 – Plaça del Raval,68 – Arturo Salvetti Pardo,3,15:08
110 – Avda Novelda con Obispo Barrachina,89 – CEIP Dama d´Elx,3,12:59
110 – Avda Novelda con Obispo Barrachina,88 – Pistas del Pla,3,09:02
35 – Hospital del Vinalopó,106 – Estadio Manolo Jaén,3,27:46
35 – Hospital del Vinalopó,95 – IES Vicente Verdu,3,05:46
37 – Hort de Travaló,52 – Centro salud el Toscar,3,27:22
79 – Intercambiador pasarela,65 – C.P. El toscar,3,08:38
79 – Intercambiador pasarela,51 – Ciudad deportiva zona sur,3,12:43
79 – Intercambiador pasarela,46 – UMH / Rectorado,3,13:20
79 – Intercambiador pasarela,18 – Poliesportiu d’Altabix,3,16:23
23 – Conrado del Campo / Trinquet,66 – Jardín escritor Juan Fuster,3,19:33
37 – Hort de Travaló,79 – Intercambiador pasarela,3,18:17
96 – Puente de Santa Teresa,39 – Francesc Cantó,3,13:39
35 – Hospital del Vinalopó,63 – CEIP Eugeni d’Ors,3,24:05
75 – L´aljub,38 – Poliesportiu de Carrús,3,16:25
75 – L´aljub,31 – Sant Antoni,3,34:02
75 – L´aljub,27 – UMH / Pavelló d’Esports,3,22:21
75 – L´aljub,95 – IES Vicente Verdu,3,10:20
3 – Plaça de la Llotja,84 – Fernanda Santa María 64,3,14:44
9 – Biblioteca de Sant Josep,109 – Parque Huerto del Torreret,3,18:46
46 – UMH / Rectorado,114 – Jardin Biólogo Antonio de Zulueta,3,10:28
78 – Jorge Juan 24,111 – Avenida Alicante 38,3,10:00
110 – Avda Novelda con Obispo Barrachina,14 – Comissaria,3,15:25
9 – Biblioteca de Sant Josep,104 – UMH-Arenals,3,27:28
10 – L’Escorxador,52 – Centro salud el Toscar,3,22:22
79 – Intercambiador pasarela,76 – Puente Altamira,3,17:49
37 – Hort de Travaló,41 – Dipòsit Municipal de Carrús,3,30:16
37 – Hort de Travaló,77 – Plaza Obispo Siuri,3,27:10
50 – Borreguet,13 – Jardí del 1r de Maig,3,17:49
8 – Polivalent de Carrús,64 – Jardín 25 de abril,3,07:35
76 – Puente Altamira,87 – CEIP Sanchis Guarner,3,11:51
49 – Av. Alicante 59,92 – Parking Candalix,3,08:16
75 – L´aljub,112 – CEIP San Fernando,3,20:12
8 – Polivalent de Carrús,84 – Fernanda Santa María 64,3,09:26
8 – Polivalent de Carrús,95 – IES Vicente Verdu,3,18:13
76 – Puente Altamira,101 – UMH-La Galia,3,10:30
95 – IES Vicente Verdu,100 – C.S. Raval,3,21:37
78 – Jorge Juan 24,30 – Squash,3,20:34
47 – C.P. Virgen de la Asunción,109 – Parque Huerto del Torreret,3,19:08
9 – Biblioteca de Sant Josep,74 – IES Nit de l´Albà,3,10:12
78 – Jorge Juan 24,56 – UMH / Torre Vaillo,3,10:17
79 – Intercambiador pasarela,14 – Comissaria,3,07:51
3 – Plaça de la Llotja,86 – El Corte Inglés,3,14:34
94 – Parking Gran Teatre,41 – Dipòsit Municipal de Carrús,3,21:57
94 – Parking Gran Teatre,39 – Francesc Cantó,3,15:25
27 – UMH / Pavelló d’Esports,75 – L´aljub,3,18:19
95 – IES Vicente Verdu,92 – Parking Candalix,3,82:36
95 – IES Vicente Verdu,90 – Centro salud el Pla,3,05:20
76 – Puente Altamira,51 – Ciudad deportiva zona sur,3,12:42
49 – Av. Alicante 59,72 – Plaza de madrid,3,06:51
23 – Conrado del Campo / Trinquet,95 – IES Vicente Verdu,3,05:15
48 – Av. Corts Valencianes,105 – Almansa con Avda. Novelda,3,18:39
48 – Av. Corts Valencianes,83 – Conrado del campo 35,3,12:27
105 – Almansa con Avda. Novelda,31 – Sant Antoni,3,28:32
77 – Plaza Obispo Siuri,113 – Alcalde Juan Hernández,3,18:47
78 – Jorge Juan 24,29 – Casablanca,3,14:32
47 – C.P. Virgen de la Asunción,93 – Parque Rey Jaume I,3,08:12
94 – Parking Gran Teatre,83 – Conrado del campo 35,3,39:53
94 – Parking Gran Teatre,82 – Antonio Machado 73,3,09:24
95 – IES Vicente Verdu,85 – Sor Josefa Alcorta 34,3,05:35
48 – Av. Corts Valencianes,97 – Huerto del cura,3,21:05
76 – Puente Altamira,114 – Jardin Biólogo Antonio de Zulueta,3,13:00
76 – Puente Altamira,113 – Alcalde Juan Hernández,3,13:27
76 – Puente Altamira,90 – Centro salud el Pla,3,19:40
95 – IES Vicente Verdu,5 – Centre de Congressos,3,14:47
95 – IES Vicente Verdu,50 – Borreguet,3,14:08
16 – Jardí d’Asp,62 – Calle Inca con brea,3,09:23
95 – IES Vicente Verdu,33 – Av. Libertat / l’Aljub,3,09:07
29 – Casablanca,106 – Estadio Manolo Jaén,3,11:39
95 – IES Vicente Verdu,6 – Ajuntament,3,13:16
48 – Av. Corts Valencianes,63 – CEIP Eugeni d’Ors,3,12:36
77 – Plaza Obispo Siuri,98 – IES Sixto Marco,3,12:12
77 – Plaza Obispo Siuri,95 – IES Vicente Verdu,3,07:45
36 – I.E.S. Victoria Kent,78 – Jorge Juan 24,3,16:09
77 – Plaza Obispo Siuri,66 – Jardín escritor Juan Fuster,3,11:29
77 – Plaza Obispo Siuri,65 – C.P. El toscar,3,06:14
77 – Plaza Obispo Siuri,64 – Jardín 25 de abril,3,14:20
110 – Avda Novelda con Obispo Barrachina,35 – Hospital del Vinalopó,3,12:02
77 – Plaza Obispo Siuri,103 – UMH-Altet,3,10:45
95 – IES Vicente Verdu,17 – Plaça de Castella,3,23:27
95 – IES Vicente Verdu,12 – Ambulatori de Sant Fermí,3,11:36
62 – Calle Inca con brea,2 – Oficina de Turisme,3,16:12
115 – Passeig d´Atzavares,26 – UMH / Escola Oficial d’Idiomes,3,21:22
115 – Passeig d´Atzavares,25 – Cor de Jesús,3,20:30
89 – CEIP Dama d´Elx,87 – CEIP Sanchis Guarner,3,04:56
13 – Jardí del 1r de Maig,83 – Conrado del campo 35,3,11:05
89 – CEIP Dama d´Elx,76 – Puente Altamira,3,09:32
102 – UMH-Altabix,68 – Arturo Salvetti Pardo,3,10:47
115 – Passeig d´Atzavares,112 – CEIP San Fernando,3,10:36
115 – Passeig d´Atzavares,109 – Parque Huerto del Torreret,3,08:14
115 – Passeig d´Atzavares,21 – C.P. Mariano Benlliure,3,20:03
115 – Passeig d´Atzavares,90 – Centro salud el Pla,3,21:25
115 – Passeig d´Atzavares,86 – El Corte Inglés,3,24:21
106 – Estadio Manolo Jaén,75 – L´aljub,3,21:40
62 – Calle Inca con brea,6 – Ajuntament,3,21:50
115 – Passeig d´Atzavares,104 – UMH-Arenals,3,22:09
61 – Avenida Novelda 191,53 – C.P. Victor Pradera,3,12:09
115 – Passeig d´Atzavares,20 – Antoni Mena / Fra Jaume Torres,3,23:23
61 – Avenida Novelda 191,86 – El Corte Inglés,2,10:29
61 – Avenida Novelda 191,55 – Pere Joan Perpinyà,2,12:32
61 – Avenida Novelda 191,25 – Cor de Jesús,2,11:04
61 – Avenida Novelda 191,16 – Jardí d’Asp,2,14:47
115 – Passeig d´Atzavares,88 – Pistas del Pla,2,21:10
115 – Passeig d´Atzavares,24 – Policia Local,2,50:20
90 – Centro salud el Pla,29 – Casablanca,2,10:18
88 – Pistas del Pla,74 – IES Nit de l´Albà,2,10:56
88 – Pistas del Pla,114 – Jardin Biólogo Antonio de Zulueta,2,24:42
88 – Pistas del Pla,105 – Almansa con Avda. Novelda,2,22:45
61 – Avenida Novelda 191,74 – IES Nit de l´Albà,2,08:54
61 – Avenida Novelda 191,72 – Plaza de madrid,2,09:02
115 – Passeig d´Atzavares,10 – L’Escorxador,2,16:50
115 – Passeig d´Atzavares,6 – Ajuntament,2,21:33
114 – Jardin Biólogo Antonio de Zulueta,83 – Conrado del campo 35,2,17:50
114 – Jardin Biólogo Antonio de Zulueta,80 – Reina Victoria con Gabriel Miró,2,19:20
61 – Avenida Novelda 191,11 – Plaça de Crevillent,2,15:39
61 – Avenida Novelda 191,2 – Oficina de Turisme,2,14:34
62 – Calle Inca con brea,8 – Polivalent de Carrús,2,20:43
62 – Calle Inca con brea,67 – Calle Grao con Victoria Kent,2,08:25
62 – Calle Inca con brea,64 – Jardín 25 de abril,2,07:08
63 – CEIP Eugeni d’Ors,6 – Ajuntament,2,15:34
76 – Puente Altamira,99 – IES La Asunción,2,09:33
95 – IES Vicente Verdu,48 – Av. Corts Valencianes,2,22:21
95 – IES Vicente Verdu,36 – I.E.S. Victoria Kent,2,34:17
95 – IES Vicente Verdu,10 – L’Escorxador,2,11:18
95 – IES Vicente Verdu,8 – Polivalent de Carrús,2,11:34
48 – Av. Corts Valencianes,79 – Intercambiador pasarela,2,09:30
48 – Av. Corts Valencianes,62 – Calle Inca con brea,2,08:17
110 – Avda Novelda con Obispo Barrachina,24 – Policia Local,2,27:25
78 – Jorge Juan 24,52 – Centro salud el Toscar,2,10:23
78 – Jorge Juan 24,45 – Plaça de Barcelona,2,06:05
78 – Jorge Juan 24,35 – Hospital del Vinalopó,2,11:21
36 – I.E.S. Victoria Kent,73 – Plaza de la aparadora,2,24:02
36 – I.E.S. Victoria Kent,69 – Olegario Domarco Seller 44,2,13:14
94 – Parking Gran Teatre,110 – Avda Novelda con Obispo Barrachina,2,14:51
29 – Casablanca,105 – Almansa con Avda. Novelda,2,10:31
29 – Casablanca,104 – UMH-Arenals,2,25:07
48 – Av. Corts Valencianes,110 – Avda Novelda con Obispo Barrachina,2,04:47
9 – Biblioteca de Sant Josep,68 – Arturo Salvetti Pardo,2,13:31
110 – Avda Novelda con Obispo Barrachina,41 – Dipòsit Municipal de Carrús,2,14:46
105 – Almansa con Avda. Novelda,22 – Av. Llauradors / Eslava,2,19:20
47 – C.P. Virgen de la Asunción,115 – Passeig d´Atzavares,2,21:58
47 – C.P. Virgen de la Asunción,113 – Alcalde Juan Hernández,2,24:25
47 – C.P. Virgen de la Asunción,112 – CEIP San Fernando,2,18:22
78 – Jorge Juan 24,24 – Policia Local,2,16:24
77 – Plaza Obispo Siuri,105 – Almansa con Avda. Novelda,2,13:26
15 – Av. Llibertat / Reina Victòria,109 – Parque Huerto del Torreret,2,16:52
94 – Parking Gran Teatre,97 – Huerto del cura,2,03:01
94 – Parking Gran Teatre,79 – Intercambiador pasarela,2,08:47
36 – I.E.S. Victoria Kent,92 – Parking Candalix,2,09:41
104 – UMH-Arenals,115 – Passeig d´Atzavares,2,16:59
95 – IES Vicente Verdu,84 – Fernanda Santa María 64,2,06:06
8 – Polivalent de Carrús,91 – Centro social el Pla,2,13:00
95 – IES Vicente Verdu,51 – Ciudad deportiva zona sur,2,24:05
95 – IES Vicente Verdu,99 – IES La Asunción,2,21:25
95 – IES Vicente Verdu,98 – IES Sixto Marco,2,21:14
78 – Jorge Juan 24,71 – IES Carrús,2,06:26
78 – Jorge Juan 24,68 – Arturo Salvetti Pardo,2,07:35
78 – Jorge Juan 24,67 – Calle Grao con Victoria Kent,2,11:53
78 – Jorge Juan 24,65 – C.P. El toscar,2,08:34
78 – Jorge Juan 24,18 – Poliesportiu d’Altabix,2,15:56
94 – Parking Gran Teatre,64 – Jardín 25 de abril,2,12:40
27 – UMH / Pavelló d’Esports,64 – Jardín 25 de abril,2,14:56
16 – Jardí d’Asp,107 – Josefina Manresa,2,14:54
76 – Puente Altamira,82 – Antonio Machado 73,2,07:30
76 – Puente Altamira,64 – Jardín 25 de abril,2,14:58
76 – Puente Altamira,52 – Centro salud el Toscar,2,10:35
27 – UMH / Pavelló d’Esports,62 – Calle Inca con brea,2,17:31
27 – UMH / Pavelló d’Esports,60 – Carrer de la Figuera 2 Torrellano,2,43:33
75 – L´aljub,41 – Dipòsit Municipal de Carrús,2,27:25
110 – Avda Novelda con Obispo Barrachina,91 – Centro social el Pla,2,10:40
110 – Avda Novelda con Obispo Barrachina,90 – Centro salud el Pla,2,11:55
76 – Puente Altamira,31 – Sant Antoni,2,12:17
49 – Av. Alicante 59,69 – Olegario Domarco Seller 44,2,13:30
49 – Av. Alicante 59,66 – Jardín escritor Juan Fuster,2,18:06
49 – Av. Alicante 59,62 – Calle Inca con brea,2,23:13
49 – Av. Alicante 59,101 – UMH-La Galia,2,08:26
76 – Puente Altamira,35 – Hospital del Vinalopó,2,17:17
49 – Av. Alicante 59,91 – Centro social el Pla,2,16:39
75 – L´aljub,109 – Parque Huerto del Torreret,2,43:24
49 – Av. Alicante 59,110 – Avda Novelda con Obispo Barrachina,2,24:42
3 – Plaça de la Llotja,107 – Josefina Manresa,2,13:39
75 – L´aljub,104 – UMH-Arenals,2,23:36
75 – L´aljub,103 – UMH-Altet,2,20:36
8 – Polivalent de Carrús,109 – Parque Huerto del Torreret,2,25:50
75 – L´aljub,99 – IES La Asunción,2,13:58
75 – L´aljub,98 – IES Sixto Marco,2,21:25
75 – L´aljub,97 – Huerto del cura,2,18:33
75 – L´aljub,92 – Parking Candalix,2,14:07
110 – Avda Novelda con Obispo Barrachina,87 – CEIP Sanchis Guarner,2,10:16
110 – Avda Novelda con Obispo Barrachina,83 – Conrado del campo 35,2,07:58
9 – Biblioteca de Sant Josep,108 – José Ferrández Cruz,2,19:40
9 – Biblioteca de Sant Josep,105 – Almansa con Avda. Novelda,2,40:46
46 – UMH / Rectorado,113 – Alcalde Juan Hernández,2,11:28
79 – Intercambiador pasarela,87 – CEIP Sanchis Guarner,2,09:41
79 – Intercambiador pasarela,74 – IES Nit de l´Albà,2,08:48
37 – Hort de Travaló,76 – Puente Altamira,2,18:45
3 – Plaça de la Llotja,105 – Almansa con Avda. Novelda,2,17:20
104 – UMH-Arenals,80 – Reina Victoria con Gabriel Miró,2,11:39
75 – L´aljub,64 – Jardín 25 de abril,2,17:53
75 – L´aljub,42 – Multi Aventura Travaló,2,31:24
16 – Jardí d’Asp,109 – Parque Huerto del Torreret,2,22:09
96 – Puente de Santa Teresa,41 – Dipòsit Municipal de Carrús,2,13:44
35 – Hospital del Vinalopó,110 – Avda Novelda con Obispo Barrachina,2,17:10
79 – Intercambiador pasarela,56 – UMH / Torre Vaillo,2,13:22
79 – Intercambiador pasarela,48 – Av. Corts Valencianes,2,10:02
46 – UMH / Rectorado,87 – CEIP Sanchis Guarner,2,17:57
94 – Parking Gran Teatre,35 – Hospital del Vinalopó,2,17:15
94 – Parking Gran Teatre,29 – Casablanca,2,09:13
37 – Hort de Travaló,93 – Parque Rey Jaume I,2,17:07
37 – Hort de Travaló,91 – Centro social el Pla,2,17:15
105 – Almansa con Avda. Novelda,63 – CEIP Eugeni d’Ors,2,05:56
105 – Almansa con Avda. Novelda,56 – UMH / Torre Vaillo,2,11:05
50 – Borreguet,62 – Calle Inca con brea,2,24:59
75 – L´aljub,37 – Hort de Travaló,2,27:57
75 – L´aljub,36 – I.E.S. Victoria Kent,2,21:05
75 – L´aljub,30 – Squash,2,28:49
35 – Hospital del Vinalopó,43 – Palmerars – Ciutat de la Justícia,2,17:40
104 – UMH-Arenals,75 – L´aljub,2,14:42
4 – Plaça del Raval,62 – Calle Inca con brea,2,10:18
74 – IES Nit de l´Albà,102 – UMH-Altabix,2,16:19
105 – Almansa con Avda. Novelda,54 – Plaza de Benidorm,2,16:37
79 – Intercambiador pasarela,103 – UMH-Altet,2,20:19
10 – L’Escorxador,69 – Olegario Domarco Seller 44,2,18:22
45 – Plaça de Barcelona,114 – Jardin Biólogo Antonio de Zulueta,2,17:29
45 – Plaça de Barcelona,107 – Josefina Manresa,2,17:04
80 – Reina Victoria con Gabriel Miró,42 – Multi Aventura Travaló,2,20:18
94 – Parking Gran Teatre,7 – Pavelló Municipal,2,10:49
93 – Parque Rey Jaume I,113 – Alcalde Juan Hernández,2,12:02
50 – Borreguet,67 – Calle Grao con Victoria Kent,2,12:15
23 – Conrado del Campo / Trinquet,99 – IES La Asunción,2,12:03
74 – IES Nit de l´Albà,111 – Avenida Alicante 38,2,20:15
50 – Borreguet,89 – CEIP Dama d´Elx,2,06:18
35 – Hospital del Vinalopó,41 – Dipòsit Municipal de Carrús,2,20:52
96 – Puente de Santa Teresa,64 – Jardín 25 de abril,2,21:13
74 – IES Nit de l´Albà,95 – IES Vicente Verdu,2,08:44
80 – Reina Victoria con Gabriel Miró,38 – Poliesportiu de Carrús,2,10:33
10 – L’Escorxador,88 – Pistas del Pla,2,10:10
81 – C.S. Doctor Sapena,10 – L’Escorxador,2,11:52
45 – Plaça de Barcelona,106 – Estadio Manolo Jaén,2,15:47
80 – Reina Victoria con Gabriel Miró,110 – Avda Novelda con Obispo Barrachina,2,25:27
23 – Conrado del Campo / Trinquet,69 – Olegario Domarco Seller 44,2,12:36
93 – Parque Rey Jaume I,84 – Fernanda Santa María 64,2,20:29
50 – Borreguet,114 – Jardin Biólogo Antonio de Zulueta,2,13:13
74 – IES Nit de l´Albà,91 – Centro social el Pla,2,08:12
23 – Conrado del Campo / Trinquet,115 – Passeig d´Atzavares,2,20:55
23 – Conrado del Campo / Trinquet,106 – Estadio Manolo Jaén,2,24:55
74 – IES Nit de l´Albà,68 – Arturo Salvetti Pardo,2,09:55
74 – IES Nit de l´Albà,67 – Calle Grao con Victoria Kent,2,11:37
93 – Parque Rey Jaume I,83 – Conrado del campo 35,2,06:29
80 – Reina Victoria con Gabriel Miró,66 – Jardín escritor Juan Fuster,2,18:33
109 – Parque Huerto del Torreret,85 – Sor Josefa Alcorta 34,2,19:13
10 – L’Escorxador,72 – Plaza de madrid,2,19:55
81 – C.S. Doctor Sapena,67 – Calle Grao con Victoria Kent,2,24:51
29 – Casablanca,84 – Fernanda Santa María 64,2,09:31
29 – Casablanca,82 – Antonio Machado 73,2,11:22
29 – Casablanca,78 – Jorge Juan 24,2,15:16
93 – Parque Rey Jaume I,91 – Centro social el Pla,2,14:54
15 – Av. Llibertat / Reina Victòria,104 – UMH-Arenals,2,24:22
51 – Ciudad deportiva zona sur,71 – IES Carrús,2,17:51
74 – IES Nit de l´Albà,36 – I.E.S. Victoria Kent,2,21:15
51 – Ciudad deportiva zona sur,48 – Av. Corts Valencianes,2,26:20
111 – Avenida Alicante 38,3 – Plaça de la Llotja,2,06:09
21 – C.P. Mariano Benlliure,69 – Olegario Domarco Seller 44,2,10:22
96 – Puente de Santa Teresa,92 – Parking Candalix,2,14:34
74 – IES Nit de l´Albà,5 – Centre de Congressos,2,15:21
74 – IES Nit de l´Albà,4 – Plaça del Raval,2,09:45
73 – Plaza de la aparadora,115 – Passeig d´Atzavares,2,23:02
73 – Plaza de la aparadora,104 – UMH-Arenals,2,17:57
73 – Plaza de la aparadora,101 – UMH-La Galia,2,12:11
26 – UMH / Escola Oficial d’Idiomes,112 – CEIP San Fernando,2,06:49
97 – Huerto del cura,16 – Jardí d’Asp,2,17:59
96 – Puente de Santa Teresa,113 – Alcalde Juan Hernández,2,17:08
96 – Puente de Santa Teresa,112 – CEIP San Fernando,2,30:29
51 – Ciudad deportiva zona sur,91 – Centro social el Pla,2,16:46
73 – Plaza de la aparadora,100 – C.S. Raval,2,10:18
73 – Plaza de la aparadora,87 – CEIP Sanchis Guarner,2,08:39
26 – UMH / Escola Oficial d’Idiomes,84 – Fernanda Santa María 64,2,10:53
74 – IES Nit de l´Albà,64 – Jardín 25 de abril,2,21:44
96 – Puente de Santa Teresa,105 – Almansa con Avda. Novelda,2,16:54
34 – Hospital General,110 – Avda Novelda con Obispo Barrachina,2,17:36
51 – Ciudad deportiva zona sur,101 – UMH-La Galia,2,18:43
17 – Plaça de Castella,64 – Jardín 25 de abril,2,25:24
34 – Hospital General,102 – UMH-Altabix,2,35:16
80 – Reina Victoria con Gabriel Miró,115 – Passeig d´Atzavares,2,19:27
10 – L’Escorxador,107 – Josefina Manresa,2,24:54
81 – C.S. Doctor Sapena,16 – Jardí d’Asp,2,12:22
15 – Av. Llibertat / Reina Victòria,67 – Calle Grao con Victoria Kent,2,08:40
15 – Av. Llibertat / Reina Victòria,64 – Jardín 25 de abril,2,12:32
105 – Almansa con Avda. Novelda,68 – Arturo Salvetti Pardo,2,08:50
29 – Casablanca,87 – CEIP Sanchis Guarner,2,14:20
97 – Huerto del cura,24 – Policia Local,2,12:03
73 – Plaza de la aparadora,46 – UMH / Rectorado,2,14:12
73 – Plaza de la aparadora,37 – Hort de Travaló,2,21:25
73 – Plaza de la aparadora,34 – Hospital General,2,21:57
73 – Plaza de la aparadora,32 – Centre de Salut d’Altabix,2,18:39
7 – Pavelló Municipal,82 – Antonio Machado 73,2,20:58
72 – Plaza de madrid,85 – Sor Josefa Alcorta 34,2,10:55
72 – Plaza de madrid,65 – C.P. El toscar,2,04:16
72 – Plaza de madrid,53 – C.P. Victor Pradera,2,10:54
52 – Centro salud el Toscar,65 – C.P. El toscar,2,02:38
51 – Ciudad deportiva zona sur,110 – Avda Novelda con Obispo Barrachina,2,16:43
73 – Plaza de la aparadora,10 – L’Escorxador,2,15:26
73 – Plaza de la aparadora,54 – Plaza de Benidorm,2,14:51
73 – Plaza de la aparadora,49 – Av. Alicante 59,2,16:45
97 – Huerto del cura,39 – Francesc Cantó,2,14:40
104 – UMH-Arenals,55 – Pere Joan Perpinyà,2,17:51
21 – C.P. Mariano Benlliure,56 – UMH / Torre Vaillo,2,21:30
104 – UMH-Arenals,41 – Dipòsit Municipal de Carrús,2,15:41
72 – Plaza de madrid,83 – Conrado del campo 35,2,06:33
7 – Pavelló Municipal,88 – Pistas del Pla,2,20:43
104 – UMH-Arenals,31 – Sant Antoni,2,11:39
73 – Plaza de la aparadora,76 – Puente Altamira,2,08:52
97 – Huerto del cura,81 – C.S. Doctor Sapena,2,18:00
97 – Huerto del cura,74 – IES Nit de l´Albà,2,16:18
26 – UMH / Escola Oficial d’Idiomes,63 – CEIP Eugeni d’Ors,2,13:29
111 – Avenida Alicante 38,35 – Hospital del Vinalopó,2,23:31
111 – Avenida Alicante 38,29 – Casablanca,2,16:02
29 – Casablanca,85 – Sor Josefa Alcorta 34,2,26:44
81 – C.S. Doctor Sapena,36 – I.E.S. Victoria Kent,2,20:01
109 – Parque Huerto del Torreret,76 – Puente Altamira,2,12:24
109 – Parque Huerto del Torreret,73 – Plaza de la aparadora,2,21:08
109 – Parque Huerto del Torreret,60 – Carrer de la Figuera 2 Torrellano,2,34:10
81 – C.S. Doctor Sapena,68 – Arturo Salvetti Pardo,2,12:40
81 – C.S. Doctor Sapena,112 – CEIP San Fernando,2,21:49
15 – Av. Llibertat / Reina Victòria,68 – Arturo Salvetti Pardo,2,10:52
93 – Parque Rey Jaume I,82 – Antonio Machado 73,2,12:46
81 – C.S. Doctor Sapena,108 – José Ferrández Cruz,2,24:26
72 – Plaza de madrid,107 – Josefina Manresa,2,22:36
97 – Huerto del cura,84 – Fernanda Santa María 64,2,15:07
81 – C.S. Doctor Sapena,103 – UMH-Altet,2,13:13
81 – C.S. Doctor Sapena,102 – UMH-Altabix,2,13:21
81 – C.S. Doctor Sapena,93 – Parque Rey Jaume I,2,14:54
81 – C.S. Doctor Sapena,92 – Parking Candalix,2,12:49
82 – Antonio Machado 73,10 – L’Escorxador,2,10:34
109 – Parque Huerto del Torreret,44 – Portes Encarnades,2,21:21
82 – Antonio Machado 73,53 – C.P. Victor Pradera,2,18:43
22 – Av. Llauradors / Eslava,114 – Jardin Biólogo Antonio de Zulueta,2,17:01
38 – Poliesportiu de Carrús,86 – El Corte Inglés,2,18:35
52 – Centro salud el Toscar,68 – Arturo Salvetti Pardo,2,08:03
52 – Centro salud el Toscar,66 – Jardín escritor Juan Fuster,2,12:08
4 – Plaça del Raval,73 – Plaza de la aparadora,2,14:27
4 – Plaça del Raval,69 – Olegario Domarco Seller 44,2,13:50
111 – Avenida Alicante 38,74 – IES Nit de l´Albà,2,16:47
26 – UMH / Escola Oficial d’Idiomes,62 – Calle Inca con brea,2,19:48
44 – Portes Encarnades,102 – UMH-Altabix,2,12:50
82 – Antonio Machado 73,26 – UMH / Escola Oficial d’Idiomes,2,20:03
22 – Av. Llauradors / Eslava,92 – Parking Candalix,2,13:07
2 – Oficina de Turisme,99 – IES La Asunción,2,11:30
38 – Poliesportiu de Carrús,103 – UMH-Altet,2,20:48
38 – Poliesportiu de Carrús,102 – UMH-Altabix,2,23:09
38 – Poliesportiu de Carrús,99 – IES La Asunción,2,14:14
38 – Poliesportiu de Carrús,92 – Parking Candalix,2,09:06
82 – Antonio Machado 73,70 – Libertad-Diagonal,2,10:10
97 – Huerto del cura,101 – UMH-La Galia,2,17:54
71 – IES Carrús,92 – Parking Candalix,2,05:49
52 – Centro salud el Toscar,87 – CEIP Sanchis Guarner,2,11:03
52 – Centro salud el Toscar,83 – Conrado del campo 35,2,15:03
72 – Plaza de madrid,8 – Polivalent de Carrús,2,36:02
111 – Avenida Alicante 38,52 – Centro salud el Toscar,2,20:06
4 – Plaça del Raval,74 – IES Nit de l´Albà,2,18:19
71 – IES Carrús,34 – Hospital General,2,10:00
72 – Plaza de madrid,7 – Pavelló Municipal,2,16:21
71 – IES Carrús,101 – UMH-La Galia,2,09:57
71 – IES Carrús,97 – Huerto del cura,2,10:41
34 – Hospital General,73 – Plaza de la aparadora,2,20:30
2 – Oficina de Turisme,66 – Jardín escritor Juan Fuster,2,12:44
2 – Oficina de Turisme,63 – CEIP Eugeni d’Ors,2,14:43
71 – IES Carrús,51 – Ciudad deportiva zona sur,2,15:42
71 – IES Carrús,91 – Centro social el Pla,2,11:44
52 – Centro salud el Toscar,99 – IES La Asunción,2,21:53
52 – Centro salud el Toscar,98 – IES Sixto Marco,2,21:43
7 – Pavelló Municipal,75 – L´aljub,2,23:01
111 – Avenida Alicante 38,77 – Plaza Obispo Siuri,2,12:39
20 – Antoni Mena / Fra Jaume Torres,109 – Parque Huerto del Torreret,2,15:19
97 – Huerto del cura,104 – UMH-Arenals,2,11:12
38 – Poliesportiu de Carrús,74 – IES Nit de l´Albà,2,12:43
82 – Antonio Machado 73,67 – Calle Grao con Victoria Kent,2,13:41
82 – Antonio Machado 73,65 – C.P. El toscar,2,10:47
11 – Plaça de Crevillent,105 – Almansa con Avda. Novelda,2,16:35
82 – Antonio Machado 73,72 – Plaza de madrid,2,08:25
82 – Antonio Machado 73,63 – CEIP Eugeni d’Ors,2,15:28
83 – Conrado del campo 35,31 – Sant Antoni,2,15:19
83 – Conrado del campo 35,30 – Squash,2,19:23
83 – Conrado del campo 35,15 – Av. Llibertat / Reina Victòria,2,10:56
92 – Parking Candalix,115 – Passeig d´Atzavares,2,18:55
92 – Parking Candalix,114 – Jardin Biólogo Antonio de Zulueta,2,15:49
92 – Parking Candalix,107 – Josefina Manresa,2,11:52
105 – Almansa con Avda. Novelda,94 – Parking Gran Teatre,2,14:18
52 – Centro salud el Toscar,112 – CEIP San Fernando,2,24:26
52 – Centro salud el Toscar,101 – UMH-La Galia,2,12:58
111 – Avenida Alicante 38,82 – Antonio Machado 73,2,17:30
70 – Libertad-Diagonal,112 – CEIP San Fernando,2,12:02
7 – Pavelló Municipal,58 – Polideportivo Torrellano,2,34:26
71 – IES Carrús,10 – L’Escorxador,2,23:34
105 – Almansa con Avda. Novelda,90 – Centro salud el Pla,2,16:42
43 – Palmerars – Ciutat de la Justícia,115 – Passeig d´Atzavares,2,13:33
82 – Antonio Machado 73,105 – Almansa con Avda. Novelda,2,17:14
14 – Comissaria,114 – Jardin Biólogo Antonio de Zulueta,2,08:10
14 – Comissaria,106 – Estadio Manolo Jaén,2,13:41
14 – Comissaria,102 – UMH-Altabix,2,10:10
70 – Libertad-Diagonal,115 – Passeig d´Atzavares,2,20:34
17 – Plaça de Castella,112 – CEIP San Fernando,2,10:51
111 – Avenida Alicante 38,92 – Parking Candalix,2,03:49
111 – Avenida Alicante 38,91 – Centro social el Pla,2,20:24
98 – IES Sixto Marco,23 – Conrado del Campo / Trinquet,2,17:59
103 – UMH-Altet,115 – Passeig d´Atzavares,2,13:14
103 – UMH-Altet,109 – Parque Huerto del Torreret,2,11:34
52 – Centro salud el Toscar,113 – Alcalde Juan Hernández,2,18:26
98 – IES Sixto Marco,89 – CEIP Dama d´Elx,2,16:53
98 – IES Sixto Marco,79 – Intercambiador pasarela,2,09:27
98 – IES Sixto Marco,71 – IES Carrús,2,17:00
83 – Conrado del campo 35,76 – Puente Altamira,2,07:40
83 – Conrado del campo 35,52 – Centro salud el Toscar,2,13:55
83 – Conrado del campo 35,13 – Jardí del 1r de Maig,2,19:25
12 – Ambulatori de Sant Fermí,64 – Jardín 25 de abril,2,09:52
12 – Ambulatori de Sant Fermí,62 – Calle Inca con brea,2,18:50
108 – José Ferrández Cruz,100 – C.S. Raval,2,19:07
43 – Palmerars – Ciutat de la Justícia,94 – Parking Gran Teatre,2,14:52
92 – Parking Candalix,88 – Pistas del Pla,2,15:47
53 – C.P. Victor Pradera,113 – Alcalde Juan Hernández,2,08:35
111 – Avenida Alicante 38,114 – Jardin Biólogo Antonio de Zulueta,2,14:22
71 – IES Carrús,16 – Jardí d’Asp,2,07:26
7 – Pavelló Municipal,41 – Dipòsit Municipal de Carrús,2,29:46
7 – Pavelló Municipal,60 – Carrer de la Figuera 2 Torrellano,2,28:58
84 – Fernanda Santa María 64,8 – Polivalent de Carrús,2,10:54
84 – Fernanda Santa María 64,3 – Plaça de la Llotja,2,14:47
108 – José Ferrández Cruz,98 – IES Sixto Marco,2,09:23
108 – José Ferrández Cruz,93 – Parque Rey Jaume I,2,13:38
108 – José Ferrández Cruz,92 – Parking Candalix,2,61:56
83 – Conrado del campo 35,112 – CEIP San Fernando,2,16:27
84 – Fernanda Santa María 64,31 – Sant Antoni,2,17:31
92 – Parking Candalix,65 – C.P. El toscar,2,13:38
29 – Casablanca,66 – Jardín escritor Juan Fuster,2,09:29
30 – Squash,75 – L´aljub,2,26:14
30 – Squash,73 – Plaza de la aparadora,2,46:09
70 – Libertad-Diagonal,37 – Hort de Travaló,2,19:08
112 – CEIP San Fernando,3 – Plaça de la Llotja,2,12:24
54 – Plaza de Benidorm,112 – CEIP San Fernando,2,09:07
98 – IES Sixto Marco,91 – Centro social el Pla,2,13:59
98 – IES Sixto Marco,90 – Centro salud el Pla,2,13:32
108 – José Ferrández Cruz,79 – Intercambiador pasarela,2,16:13
108 – José Ferrández Cruz,76 – Puente Altamira,2,12:23
84 – Fernanda Santa María 64,18 – Poliesportiu d’Altabix,2,22:46
43 – Palmerars – Ciutat de la Justícia,105 – Almansa con Avda. Novelda,2,23:00
92 – Parking Candalix,10 – L’Escorxador,2,13:22
92 – Parking Candalix,27 – UMH / Pavelló d’Esports,2,17:10
92 – Parking Candalix,16 – Jardí d’Asp,2,12:01
69 – Olegario Domarco Seller 44,68 – Arturo Salvetti Pardo,2,09:43
69 – Olegario Domarco Seller 44,50 – Borreguet,2,10:04
54 – Plaza de Benidorm,73 – Plaza de la aparadora,2,06:26
54 – Plaza de Benidorm,72 – Plaza de madrid,2,16:21
54 – Plaza de Benidorm,65 – C.P. El toscar,2,16:55
54 – Plaza de Benidorm,52 – Centro salud el Toscar,2,22:53
18 – Poliesportiu d’Altabix,52 – Centro salud el Toscar,2,23:49
33 – Av. Libertat / l’Aljub,102 – UMH-Altabix,2,14:18
92 – Parking Candalix,74 – IES Nit de l´Albà,2,09:10
68 – Arturo Salvetti Pardo,55 – Pere Joan Perpinyà,2,09:26
68 – Arturo Salvetti Pardo,54 – Plaza de Benidorm,2,11:30
112 – CEIP San Fernando,70 – Libertad-Diagonal,2,13:31
5 – Centre de Congressos,66 – Jardín escritor Juan Fuster,2,20:01
5 – Centre de Congressos,65 – C.P. El toscar,2,15:18
69 – Olegario Domarco Seller 44,14 – Comissaria,2,16:18
68 – Arturo Salvetti Pardo,105 – Almansa con Avda. Novelda,2,13:27
112 – CEIP San Fernando,26 – UMH / Escola Oficial d’Idiomes,2,09:36
112 – CEIP San Fernando,35 – Hospital del Vinalopó,2,21:33
68 – Arturo Salvetti Pardo,94 – Parking Gran Teatre,2,15:04
68 – Arturo Salvetti Pardo,91 – Centro social el Pla,2,10:42
68 – Arturo Salvetti Pardo,89 – CEIP Dama d´Elx,2,10:48
68 – Arturo Salvetti Pardo,88 – Pistas del Pla,2,15:07
29 – Casablanca,63 – CEIP Eugeni d’Ors,2,07:28
108 – José Ferrández Cruz,83 – Conrado del campo 35,2,17:18
108 – José Ferrández Cruz,81 – C.S. Doctor Sapena,2,19:54
43 – Palmerars – Ciutat de la Justícia,78 – Jorge Juan 24,2,10:46
43 – Palmerars – Ciutat de la Justícia,72 – Plaza de madrid,2,10:55
108 – José Ferrández Cruz,33 – Av. Libertat / l’Aljub,2,17:33
84 – Fernanda Santa María 64,52 – Centro salud el Toscar,2,13:28
84 – Fernanda Santa María 64,49 – Av. Alicante 59,2,22:21
84 – Fernanda Santa María 64,46 – UMH / Rectorado,2,18:48
84 – Fernanda Santa María 64,40 – C.P. Baix Vinalopó,2,32:00
85 – Sor Josefa Alcorta 34,38 – Poliesportiu de Carrús,2,14:28
105 – Almansa con Avda. Novelda,115 – Passeig d´Atzavares,2,28:49
105 – Almansa con Avda. Novelda,113 – Alcalde Juan Hernández,2,20:01
105 – Almansa con Avda. Novelda,109 – Parque Huerto del Torreret,2,18:21
92 – Parking Candalix,14 – Comissaria,2,07:20
14 – Comissaria,95 – IES Vicente Verdu,2,15:06
14 – Comissaria,91 – Centro social el Pla,2,13:24
99 – IES La Asunción,71 – IES Carrús,2,18:21
68 – Arturo Salvetti Pardo,69 – Olegario Domarco Seller 44,2,03:37
24 – Policia Local,107 – Josefina Manresa,2,06:16
112 – CEIP San Fernando,47 – C.P. Virgen de la Asunción,2,17:08
99 – IES La Asunción,38 – Poliesportiu de Carrús,2,16:03
18 – Poliesportiu d’Altabix,71 – IES Carrús,2,19:26
30 – Squash,90 – Centro salud el Pla,2,26:11
68 – Arturo Salvetti Pardo,37 – Hort de Travaló,2,21:41
68 – Arturo Salvetti Pardo,35 – Hospital del Vinalopó,2,20:43
68 – Arturo Salvetti Pardo,28 – Passeig de les Germanies,2,08:39
112 – CEIP San Fernando,96 – Puente de Santa Teresa,2,15:18
112 – CEIP San Fernando,93 – Parque Rey Jaume I,2,16:57
112 – CEIP San Fernando,92 – Parking Candalix,2,13:12
112 – CEIP San Fernando,80 – Reina Victoria con Gabriel Miró,2,16:58
112 – CEIP San Fernando,103 – UMH-Altet,2,11:30
33 – Av. Libertat / l’Aljub,64 – Jardín 25 de abril,2,13:22
99 – IES La Asunción,75 – L´aljub,2,19:14
43 – Palmerars – Ciutat de la Justícia,79 – Intercambiador pasarela,2,25:26
12 – Ambulatori de Sant Fermí,92 – Parking Candalix,2,09:47
55 – Pere Joan Perpinyà,98 – IES Sixto Marco,2,18:07
55 – Pere Joan Perpinyà,97 – Huerto del cura,2,10:42
67 – Calle Grao con Victoria Kent,66 – Jardín escritor Juan Fuster,2,10:09
67 – Calle Grao con Victoria Kent,101 – UMH-La Galia,2,08:39
67 – Calle Grao con Victoria Kent,55 – Pere Joan Perpinyà,2,12:36
113 – Alcalde Juan Hernández,12 – Ambulatori de Sant Fermí,2,19:28
68 – Arturo Salvetti Pardo,20 – Antoni Mena / Fra Jaume Torres,2,08:40
68 – Arturo Salvetti Pardo,9 – Biblioteca de Sant Josep,2,07:44
68 – Arturo Salvetti Pardo,40 – C.P. Baix Vinalopó,2,06:43
30 – Squash,89 – CEIP Dama d´Elx,2,17:09
99 – IES La Asunción,86 – El Corte Inglés,2,11:08
67 – Calle Grao con Victoria Kent,84 – Fernanda Santa María 64,2,12:06
67 – Calle Grao con Victoria Kent,82 – Antonio Machado 73,2,10:50
112 – CEIP San Fernando,113 – Alcalde Juan Hernández,2,07:42
112 – CEIP San Fernando,109 – Parque Huerto del Torreret,2,08:09
67 – Calle Grao con Victoria Kent,7 – Pavelló Municipal,2,16:43
99 – IES La Asunción,77 – Plaza Obispo Siuri,2,15:30
99 – IES La Asunción,95 – IES Vicente Verdu,2,16:37
99 – IES La Asunción,92 – Parking Candalix,2,09:57
55 – Pere Joan Perpinyà,112 – CEIP San Fernando,2,31:32
55 – Pere Joan Perpinyà,101 – UMH-La Galia,2,14:52
14 – Comissaria,88 – Pistas del Pla,2,11:37
14 – Comissaria,86 – El Corte Inglés,2,16:57
84 – Fernanda Santa María 64,76 – Puente Altamira,2,10:53
42 – Multi Aventura Travaló,114 – Jardin Biólogo Antonio de Zulueta,2,14:15
108 – José Ferrández Cruz,24 – Policia Local,2,10:38
84 – Fernanda Santa María 64,82 – Antonio Machado 73,2,07:42
38 – Poliesportiu de Carrús,115 – Passeig d´Atzavares,2,22:18
22 – Av. Llauradors / Eslava,69 – Olegario Domarco Seller 44,2,13:42
22 – Av. Llauradors / Eslava,66 – Jardín escritor Juan Fuster,2,24:29
28 – Passeig de les Germanies,62 – Calle Inca con brea,2,02:09
103 – UMH-Altet,47 – C.P. Virgen de la Asunción,2,18:58
32 – Centre de Salut d’Altabix,90 – Centro salud el Pla,2,19:10
55 – Pere Joan Perpinyà,114 – Jardin Biólogo Antonio de Zulueta,2,19:58
67 – Calle Grao con Victoria Kent,64 – Jardín 25 de abril,2,06:08
84 – Fernanda Santa María 64,114 – Jardin Biólogo Antonio de Zulueta,2,14:42
84 – Fernanda Santa María 64,112 – CEIP San Fernando,2,15:54
84 – Fernanda Santa María 64,109 – Parque Huerto del Torreret,2,18:19
85 – Sor Josefa Alcorta 34,83 – Conrado del campo 35,2,07:20
91 – Centro social el Pla,54 – Plaza de Benidorm,2,17:30
14 – Comissaria,75 – L´aljub,2,17:29
14 – Comissaria,69 – Olegario Domarco Seller 44,2,11:35
14 – Comissaria,67 – Calle Grao con Victoria Kent,2,12:28
99 – IES La Asunción,112 – CEIP San Fernando,2,04:29
66 – Jardín escritor Juan Fuster,108 – José Ferrández Cruz,2,22:03
66 – Jardín escritor Juan Fuster,93 – Parque Rey Jaume I,2,16:48
67 – Calle Grao con Victoria Kent,8 – Polivalent de Carrús,2,07:47
100 – C.S. Raval,18 – Poliesportiu d’Altabix,2,18:19
100 – C.S. Raval,13 – Jardí del 1r de Maig,2,08:42
100 – C.S. Raval,8 – Polivalent de Carrús,2,20:02
19 – Jesuïtines,64 – Jardín 25 de abril,2,12:25
103 – UMH-Altet,71 – IES Carrús,2,11:54
66 – Jardín escritor Juan Fuster,73 – Plaza de la aparadora,2,07:16
85 – Sor Josefa Alcorta 34,65 – C.P. El toscar,2,14:30
85 – Sor Josefa Alcorta 34,64 – Jardín 25 de abril,2,18:48
108 – José Ferrández Cruz,9 – Biblioteca de Sant Josep,2,24:56
42 – Multi Aventura Travaló,83 – Conrado del campo 35,2,18:20
85 – Sor Josefa Alcorta 34,112 – CEIP San Fernando,2,18:07
91 – Centro social el Pla,74 – IES Nit de l´Albà,2,19:46
4 – Plaça del Raval,113 – Alcalde Juan Hernández,2,20:16
4 – Plaça del Raval,101 – UMH-La Galia,2,16:28
103 – UMH-Altet,51 – Ciudad deportiva zona sur,2,09:20
103 – UMH-Altet,49 – Av. Alicante 59,2,06:38
113 – Alcalde Juan Hernández,44 – Portes Encarnades,2,15:55
113 – Alcalde Juan Hernández,27 – UMH / Pavelló d’Esports,2,09:47
91 – Centro social el Pla,67 – Calle Grao con Victoria Kent,2,18:03
85 – Sor Josefa Alcorta 34,82 – Antonio Machado 73,2,05:46
85 – Sor Josefa Alcorta 34,78 – Jorge Juan 24,2,06:41
41 – Dipòsit Municipal de Carrús,104 – UMH-Arenals,2,11:22
22 – Av. Llauradors / Eslava,73 – Plaza de la aparadora,2,16:45
107 – Josefina Manresa,84 – Fernanda Santa María 64,2,16:37
86 – El Corte Inglés,46 – UMH / Rectorado,2,21:23
86 – El Corte Inglés,43 – Palmerars – Ciutat de la Justícia,2,16:10
86 – El Corte Inglés,30 – Squash,2,23:14
66 – Jardín escritor Juan Fuster,87 – CEIP Sanchis Guarner,2,16:40
56 – UMH / Torre Vaillo,35 – Hospital del Vinalopó,2,17:29
66 – Jardín escritor Juan Fuster,53 – C.P. Victor Pradera,2,14:31
66 – Jardín escritor Juan Fuster,52 – Centro salud el Toscar,2,06:49
100 – C.S. Raval,24 – Policia Local,2,13:50
113 – Alcalde Juan Hernández,55 – Pere Joan Perpinyà,2,18:20
100 – C.S. Raval,72 – Plaza de madrid,2,14:52
41 – Dipòsit Municipal de Carrús,103 – UMH-Altet,2,10:09
41 – Dipòsit Municipal de Carrús,94 – Parking Gran Teatre,2,17:40
86 – El Corte Inglés,16 – Jardí d’Asp,2,15:33
86 – El Corte Inglés,14 – Comissaria,2,15:27
107 – Josefina Manresa,103 – UMH-Altet,2,06:45
86 – El Corte Inglés,13 – Jardí del 1r de Maig,2,17:14
41 – Dipòsit Municipal de Carrús,78 – Jorge Juan 24,2,12:19
41 – Dipòsit Municipal de Carrús,74 – IES Nit de l´Albà,2,23:54
100 – C.S. Raval,67 – Calle Grao con Victoria Kent,2,16:13
103 – UMH-Altet,30 – Squash,2,17:21
56 – UMH / Torre Vaillo,62 – Calle Inca con brea,2,13:06
56 – UMH / Torre Vaillo,52 – Centro salud el Toscar,2,17:46
66 – Jardín escritor Juan Fuster,46 – UMH / Rectorado,2,13:49
100 – C.S. Raval,29 – Casablanca,2,15:00
65 – C.P. El toscar,88 – Pistas del Pla,2,17:02
65 – C.P. El toscar,87 – CEIP Sanchis Guarner,2,15:06
65 – C.P. El toscar,82 – Antonio Machado 73,2,08:31
56 – UMH / Torre Vaillo,90 – Centro salud el Pla,2,15:42
65 – C.P. El toscar,69 – Olegario Domarco Seller 44,2,05:46
66 – Jardín escritor Juan Fuster,27 – UMH / Pavelló d’Esports,2,11:58
103 – UMH-Altet,22 – Av. Llauradors / Eslava,2,20:02
103 – UMH-Altet,21 – C.P. Mariano Benlliure,2,15:40
103 – UMH-Altet,10 – L’Escorxador,2,06:11
113 – Alcalde Juan Hernández,78 – Jorge Juan 24,2,15:22
113 – Alcalde Juan Hernández,77 – Plaza Obispo Siuri,2,26:43
113 – Alcalde Juan Hernández,75 – L´aljub,2,17:58
66 – Jardín escritor Juan Fuster,20 – Antoni Mena / Fra Jaume Torres,2,14:35
66 – Jardín escritor Juan Fuster,18 – Poliesportiu d’Altabix,2,17:07
66 – Jardín escritor Juan Fuster,49 – Av. Alicante 59,2,14:54
66 – Jardín escritor Juan Fuster,48 – Av. Corts Valencianes,2,16:51
56 – UMH / Torre Vaillo,100 – C.S. Raval,2,11:39
65 – C.P. El toscar,107 – Josefina Manresa,2,13:55
65 – C.P. El toscar,105 – Almansa con Avda. Novelda,2,05:42
113 – Alcalde Juan Hernández,90 – Centro salud el Pla,2,26:37
113 – Alcalde Juan Hernández,88 – Pistas del Pla,2,19:25
100 – C.S. Raval,73 – Plaza de la aparadora,2,13:34
86 – El Corte Inglés,27 – UMH / Pavelló d’Esports,2,19:29
86 – El Corte Inglés,69 – Olegario Domarco Seller 44,2,16:16
86 – El Corte Inglés,66 – Jardín escritor Juan Fuster,2,13:02
107 – Josefina Manresa,101 – UMH-La Galia,2,09:05
107 – Josefina Manresa,94 – Parking Gran Teatre,2,13:55
107 – Josefina Manresa,85 – Sor Josefa Alcorta 34,2,19:56
87 – CEIP Sanchis Guarner,25 – Cor de Jesús,2,10:09
90 – Centro salud el Pla,69 – Olegario Domarco Seller 44,2,18:04
90 – Centro salud el Pla,105 – Almansa con Avda. Novelda,2,22:44
39 – Francesc Cantó,68 – Arturo Salvetti Pardo,2,04:18
107 – Josefina Manresa,44 – Portes Encarnades,2,14:27
87 – CEIP Sanchis Guarner,17 – Plaça de Castella,2,26:39
86 – El Corte Inglés,114 – Jardin Biólogo Antonio de Zulueta,2,19:06
41 – Dipòsit Municipal de Carrús,89 – CEIP Dama d´Elx,2,10:38
41 – Dipòsit Municipal de Carrús,88 – Pistas del Pla,2,14:40
41 – Dipòsit Municipal de Carrús,83 – Conrado del campo 35,2,15:24
87 – CEIP Sanchis Guarner,52 – Centro salud el Toscar,2,10:48
21 – C.P. Mariano Benlliure,115 – Passeig d´Atzavares,2,20:19
21 – C.P. Mariano Benlliure,112 – CEIP San Fernando,2,20:41
21 – C.P. Mariano Benlliure,108 – José Ferrández Cruz,2,25:47
106 – Estadio Manolo Jaén,29 – Casablanca,2,12:35
87 – CEIP Sanchis Guarner,49 – Av. Alicante 59,2,18:29
87 – CEIP Sanchis Guarner,45 – Plaça de Barcelona,2,12:52
25 – Cor de Jesús,112 – CEIP San Fernando,2,21:59
25 – Cor de Jesús,107 – Josefina Manresa,2,16:45
25 – Cor de Jesús,106 – Estadio Manolo Jaén,2,14:52
64 – Jardín 25 de abril,65 – C.P. El toscar,2,03:26
64 – Jardín 25 de abril,53 – C.P. Victor Pradera,2,12:04
101 – UMH-La Galia,45 – Plaça de Barcelona,2,08:46
101 – UMH-La Galia,41 – Dipòsit Municipal de Carrús,2,13:06
101 – UMH-La Galia,34 – Hospital General,2,13:22
101 – UMH-La Galia,28 – Passeig de les Germanies,2,10:32
101 – UMH-La Galia,23 – Conrado del Campo / Trinquet,2,15:50
64 – Jardín 25 de abril,75 – L´aljub,2,10:40
113 – Alcalde Juan Hernández,109 – Parque Huerto del Torreret,2,28:12
113 – Alcalde Juan Hernández,108 – José Ferrández Cruz,2,19:37
113 – Alcalde Juan Hernández,107 – Josefina Manresa,2,11:47
100 – C.S. Raval,110 – Avda Novelda con Obispo Barrachina,2,22:32
31 – Sant Antoni,114 – Jardin Biólogo Antonio de Zulueta,2,03:28
24 – Policia Local,91 – Centro social el Pla,2,18:23
107 – Josefina Manresa,53 – C.P. Victor Pradera,2,06:55
107 – Josefina Manresa,45 – Plaça de Barcelona,2,14:26
101 – UMH-La Galia,75 – L´aljub,2,24:26
101 – UMH-La Galia,66 – Jardín escritor Juan Fuster,2,13:14
101 – UMH-La Galia,55 – Pere Joan Perpinyà,2,15:51
87 – CEIP Sanchis Guarner,36 – I.E.S. Victoria Kent,2,19:23
87 – CEIP Sanchis Guarner,34 – Hospital General,2,17:14
107 – Josefina Manresa,42 – Multi Aventura Travaló,2,19:12
107 – Josefina Manresa,33 – Av. Libertat / l’Aljub,2,28:12
107 – Josefina Manresa,28 – Passeig de les Germanies,2,21:49
86 – El Corte Inglés,111 – Avenida Alicante 38,2,20:51
87 – CEIP Sanchis Guarner,28 – Passeig de les Germanies,2,06:37
41 – Dipòsit Municipal de Carrús,67 – Calle Grao con Victoria Kent,2,05:30
41 – Dipòsit Municipal de Carrús,61 – Avenida Novelda 191,2,05:51
90 – Centro salud el Pla,48 – Av. Corts Valencianes,2,18:36
87 – CEIP Sanchis Guarner,100 – C.S. Raval,2,11:53
13 – Jardí del 1r de Maig,61 – Avenida Novelda 191,2,11:16
101 – UMH-La Galia,51 – Ciudad deportiva zona sur,2,09:09
20 – Antoni Mena / Fra Jaume Torres,63 – CEIP Eugeni d’Ors,2,18:34
20 – Antoni Mena / Fra Jaume Torres,60 – Carrer de la Figuera 2 Torrellano,2,77:37
20 – Antoni Mena / Fra Jaume Torres,56 – UMH / Torre Vaillo,2,23:45
87 – CEIP Sanchis Guarner,84 – Fernanda Santa María 64,2,07:00
40 – C.P. Baix Vinalopó,113 – Alcalde Juan Hernández,2,15:48
107 – Josefina Manresa,27 – UMH / Pavelló d’Esports,2,05:45
40 – C.P. Baix Vinalopó,91 – Centro social el Pla,2,19:54
106 – Estadio Manolo Jaén,39 – Francesc Cantó,2,16:14
90 – Centro salud el Pla,32 – Centre de Salut d’Altabix,2,22:55
30 – Squash,107 – Josefina Manresa,2,11:31
102 – UMH-Altabix,112 – CEIP San Fernando,2,18:37
59 – Calle San Crispín 1 Torrellano,57 – IES Torrellano,2,11:52
56 – UMH / Torre Vaillo,105 – Almansa con Avda. Novelda,2,23:36
102 – UMH-Altabix,105 – Almansa con Avda. Novelda,2,22:52
64 – Jardín 25 de abril,79 – Intercambiador pasarela,2,09:56
64 – Jardín 25 de abril,78 – Jorge Juan 24,2,07:49
101 – UMH-La Galia,110 – Avda Novelda con Obispo Barrachina,2,08:37
101 – UMH-La Galia,109 – Parque Huerto del Torreret,2,09:31
39 – Francesc Cantó,103 – UMH-Altet,2,10:28
87 – CEIP Sanchis Guarner,112 – CEIP San Fernando,2,16:15
107 – Josefina Manresa,11 – Plaça de Crevillent,2,25:14
28 – Passeig de les Germanies,101 – UMH-La Galia,2,13:00
88 – Pistas del Pla,93 – Parque Rey Jaume I,2,14:32
90 – Centro salud el Pla,17 – Plaça de Castella,2,22:27
89 – CEIP Dama d´Elx,113 – Alcalde Juan Hernández,2,17:24
89 – CEIP Dama d´Elx,105 – Almansa con Avda. Novelda,2,25:28
106 – Estadio Manolo Jaén,69 – Olegario Domarco Seller 44,2,19:55
63 – CEIP Eugeni d’Ors,110 – Avda Novelda con Obispo Barrachina,2,04:02
63 – CEIP Eugeni d’Ors,79 – Intercambiador pasarela,2,13:49
63 – CEIP Eugeni d’Ors,69 – Olegario Domarco Seller 44,2,05:36
114 – Jardin Biólogo Antonio de Zulueta,25 – Cor de Jesús,2,14:45
114 – Jardin Biólogo Antonio de Zulueta,9 – Biblioteca de Sant Josep,2,10:34
60 – Carrer de la Figuera 2 Torrellano,30 – Squash,2,56:17
62 – Calle Inca con brea,111 – Avenida Alicante 38,2,25:22
62 – Calle Inca con brea,85 – Sor Josefa Alcorta 34,2,24:21
62 – Calle Inca con brea,84 – Fernanda Santa María 64,2,15:08
114 – Jardin Biólogo Antonio de Zulueta,78 – Jorge Juan 24,2,22:10
114 – Jardin Biólogo Antonio de Zulueta,75 – L´aljub,2,25:37
102 – UMH-Altabix,22 – Av. Llauradors / Eslava,2,14:49
102 – UMH-Altabix,21 – C.P. Mariano Benlliure,2,15:45
24 – Policia Local,114 – Jardin Biólogo Antonio de Zulueta,2,13:53
24 – Policia Local,113 – Alcalde Juan Hernández,2,04:47
102 – UMH-Altabix,13 – Jardí del 1r de Maig,2,13:38
63 – CEIP Eugeni d’Ors,43 – Palmerars – Ciutat de la Justícia,2,15:54
63 – CEIP Eugeni d’Ors,36 – I.E.S. Victoria Kent,2,22:00
63 – CEIP Eugeni d’Ors,32 – Centre de Salut d’Altabix,2,17:04
20 – Antoni Mena / Fra Jaume Torres,101 – UMH-La Galia,2,21:53
102 – UMH-Altabix,8 – Polivalent de Carrús,2,12:12
102 – UMH-Altabix,97 – Huerto del cura,2,13:42
102 – UMH-Altabix,92 – Parking Candalix,2,05:27
102 – UMH-Altabix,90 – Centro salud el Pla,2,15:23
106 – Estadio Manolo Jaén,64 – Jardín 25 de abril,2,14:54
88 – Pistas del Pla,73 – Plaza de la aparadora,2,13:00
88 – Pistas del Pla,66 – Jardín escritor Juan Fuster,2,17:31
28 – Passeig de les Germanies,114 – Jardin Biólogo Antonio de Zulueta,2,14:05
88 – Pistas del Pla,51 – Ciudad deportiva zona sur,2,17:53
88 – Pistas del Pla,43 – Palmerars – Ciutat de la Justícia,2,17:23
88 – Pistas del Pla,39 – Francesc Cantó,2,12:12
89 – CEIP Dama d´Elx,17 – Plaça de Castella,2,22:13
89 – CEIP Dama d´Elx,10 – L’Escorxador,2,07:27
89 – CEIP Dama d´Elx,8 – Polivalent de Carrús,2,17:04
13 – Jardí del 1r de Maig,102 – UMH-Altabix,2,10:08
14 – Comissaria,48 – Av. Corts Valencianes,2,08:44
102 – UMH-Altabix,86 – El Corte Inglés,2,17:02
89 – CEIP Dama d´Elx,48 – Av. Corts Valencianes,2,17:39
62 – Calle Inca con brea,48 – Av. Corts Valencianes,2,07:34
61 – Avenida Novelda 191,105 – Almansa con Avda. Novelda,2,04:27
62 – Calle Inca con brea,37 – Hort de Travaló,2,26:13
106 – Estadio Manolo Jaén,74 – IES Nit de l´Albà,2,15:56
115 – Passeig d´Atzavares,79 – Intercambiador pasarela,2,25:02
102 – UMH-Altabix,66 – Jardín escritor Juan Fuster,2,14:38
89 – CEIP Dama d´Elx,45 – Plaça de Barcelona,2,09:25
106 – Estadio Manolo Jaén,87 – CEIP Sanchis Guarner,2,30:55
106 – Estadio Manolo Jaén,86 – El Corte Inglés,2,21:41
13 – Jardí del 1r de Maig,97 – Huerto del cura,2,16:57
13 – Jardí del 1r de Maig,87 – CEIP Sanchis Guarner,2,14:30
1 – Estació d’Autobusos,112 – CEIP San Fernando,2,08:21
102 – UMH-Altabix,39 – Francesc Cantó,2,17:55
114 – Jardin Biólogo Antonio de Zulueta,88 – Pistas del Pla,2,19:39
39 – Francesc Cantó,115 – Passeig d´Atzavares,2,24:07
29 – Casablanca,102 – UMH-Altabix,2,16:15
77 – Plaza Obispo Siuri,69 – Olegario Domarco Seller 44,2,06:28
77 – Plaza Obispo Siuri,52 – Centro salud el Toscar,2,06:29
48 – Av. Corts Valencianes,31 – Sant Antoni,2,25:56
105 – Almansa con Avda. Novelda,7 – Pavelló Municipal,2,20:44
95 – IES Vicente Verdu,22 – Av. Llauradors / Eslava,2,10:59
95 – IES Vicente Verdu,14 – Comissaria,2,17:09
25 – Cor de Jesús,63 – CEIP Eugeni d’Ors,2,11:18
115 – Passeig d´Atzavares,4 – Plaça del Raval,2,26:51
62 – Calle Inca con brea,29 – Casablanca,2,07:33
62 – Calle Inca con brea,28 – Passeig de les Germanies,2,06:01
62 – Calle Inca con brea,23 – Conrado del Campo / Trinquet,2,16:28
62 – Calle Inca con brea,15 – Av. Llibertat / Reina Victòria,2,11:08
62 – Calle Inca con brea,14 – Comissaria,2,15:29
13 – Jardí del 1r de Maig,85 – Sor Josefa Alcorta 34,2,17:32
13 – Jardí del 1r de Maig,109 – Parque Huerto del Torreret,2,20:53
115 – Passeig d´Atzavares,76 – Puente Altamira,1,17:12
115 – Passeig d´Atzavares,84 – Fernanda Santa María 64,1,37:39
115 – Passeig d´Atzavares,87 – CEIP Sanchis Guarner,1,18:46
115 – Passeig d´Atzavares,96 – Puente de Santa Teresa,1,23:05
115 – Passeig d´Atzavares,50 – Borreguet,1,21:14
115 – Passeig d´Atzavares,29 – Casablanca,1,22:16
115 – Passeig d´Atzavares,39 – Francesc Cantó,1,23:55
102 – UMH-Altabix,67 – Calle Grao con Victoria Kent,1,11:53
62 – Calle Inca con brea,1 – Estació d’Autobusos,1,09:47
61 – Avenida Novelda 191,99 – IES La Asunción,1,23:10
61 – Avenida Novelda 191,96 – Puente de Santa Teresa,1,15:09
61 – Avenida Novelda 191,91 – Centro social el Pla,1,18:30
61 – Avenida Novelda 191,87 – CEIP Sanchis Guarner,1,17:21
61 – Avenida Novelda 191,79 – Intercambiador pasarela,1,12:01
61 – Avenida Novelda 191,73 – Plaza de la aparadora,1,06:22
62 – Calle Inca con brea,30 – Squash,1,26:23
62 – Calle Inca con brea,27 – UMH / Pavelló d’Esports,1,12:10
62 – Calle Inca con brea,21 – C.P. Mariano Benlliure,1,15:38
62 – Calle Inca con brea,20 – Antoni Mena / Fra Jaume Torres,1,15:16
62 – Calle Inca con brea,13 – Jardí del 1r de Maig,1,08:20
62 – Calle Inca con brea,11 – Plaça de Crevillent,1,11:29
62 – Calle Inca con brea,53 – C.P. Victor Pradera,1,18:07
62 – Calle Inca con brea,50 – Borreguet,1,17:52
62 – Calle Inca con brea,44 – Portes Encarnades,1,22:54
20 – Antoni Mena / Fra Jaume Torres,65 – C.P. El toscar,1,10:24
101 – UMH-La Galia,86 – El Corte Inglés,1,23:17
101 – UMH-La Galia,84 – Fernanda Santa María 64,1,19:43
101 – UMH-La Galia,83 – Conrado del campo 35,1,17:01
101 – UMH-La Galia,79 – Intercambiador pasarela,1,08:24
30 – Squash,102 – UMH-Altabix,1,10:42
102 – UMH-Altabix,110 – Avda Novelda con Obispo Barrachina,1,14:54
20 – Antoni Mena / Fra Jaume Torres,103 – UMH-Altet,1,41:33
101 – UMH-La Galia,114 – Jardin Biólogo Antonio de Zulueta,1,14:01
101 – UMH-La Galia,112 – CEIP San Fernando,1,07:42
101 – UMH-La Galia,108 – José Ferrández Cruz,1,09:42
101 – UMH-La Galia,107 – Josefina Manresa,1,14:02
101 – UMH-La Galia,105 – Almansa con Avda. Novelda,1,15:01
101 – UMH-La Galia,97 – Huerto del cura,1,16:05
1 – Estació d’Autobusos,105 – Almansa con Avda. Novelda,1,26:50
31 – Sant Antoni,107 – Josefina Manresa,1,15:39
100 – C.S. Raval,65 – C.P. El toscar,1,17:38
100 – C.S. Raval,52 – Centro salud el Toscar,1,16:25
100 – C.S. Raval,92 – Parking Candalix,1,11:32
32 – Centre de Salut d’Altabix,66 – Jardín escritor Juan Fuster,1,14:30
32 – Centre de Salut d’Altabix,65 – C.P. El toscar,1,15:33
100 – C.S. Raval,82 – Antonio Machado 73,1,11:00
100 – C.S. Raval,108 – José Ferrández Cruz,1,18:05
100 – C.S. Raval,104 – UMH-Arenals,1,21:23
31 – Sant Antoni,110 – Avda Novelda con Obispo Barrachina,1,25:47
101 – UMH-La Galia,47 – C.P. Virgen de la Asunción,1,14:45
101 – UMH-La Galia,39 – Francesc Cantó,1,12:11
101 – UMH-La Galia,74 – IES Nit de l´Albà,1,15:32
101 – UMH-La Galia,68 – Arturo Salvetti Pardo,1,08:43
101 – UMH-La Galia,67 – Calle Grao con Victoria Kent,1,08:01
101 – UMH-La Galia,52 – Centro salud el Toscar,1,15:09
20 – Antoni Mena / Fra Jaume Torres,68 – Arturo Salvetti Pardo,1,11:35
99 – IES La Asunción,103 – UMH-Altet,1,14:11
19 – Jesuïtines,68 – Arturo Salvetti Pardo,1,12:13
19 – Jesuïtines,66 – Jardín escritor Juan Fuster,1,15:22
19 – Jesuïtines,62 – Calle Inca con brea,1,00:57
103 – UMH-Altet,76 – Puente Altamira,1,26:20
103 – UMH-Altet,75 – L´aljub,1,20:17
103 – UMH-Altet,73 – Plaza de la aparadora,1,12:43
103 – UMH-Altet,41 – Dipòsit Municipal de Carrús,1,19:39
103 – UMH-Altet,39 – Francesc Cantó,1,08:12
103 – UMH-Altet,38 – Poliesportiu de Carrús,1,09:49
100 – C.S. Raval,48 – Av. Corts Valencianes,1,23:09
32 – Centre de Salut d’Altabix,95 – IES Vicente Verdu,1,24:38
100 – C.S. Raval,41 – Dipòsit Municipal de Carrús,1,22:33
100 – C.S. Raval,37 – Hort de Travaló,1,20:01
32 – Centre de Salut d’Altabix,84 – Fernanda Santa María 64,1,22:42
32 – Centre de Salut d’Altabix,72 – Plaza de madrid,1,13:59
99 – IES La Asunción,33 – Av. Libertat / l’Aljub,1,15:41
99 – IES La Asunción,69 – Olegario Domarco Seller 44,1,23:42
99 – IES La Asunción,68 – Arturo Salvetti Pardo,1,13:12
99 – IES La Asunción,56 – UMH / Torre Vaillo,1,15:42
99 – IES La Asunción,45 – Plaça de Barcelona,1,13:34
99 – IES La Asunción,39 – Francesc Cantó,1,12:09
103 – UMH-Altet,83 – Conrado del campo 35,1,15:25
30 – Squash,92 – Parking Candalix,1,16:31
30 – Squash,84 – Fernanda Santa María 64,1,20:15
99 – IES La Asunción,87 – CEIP Sanchis Guarner,1,10:10
99 – IES La Asunción,82 – Antonio Machado 73,1,12:17
18 – Poliesportiu d’Altabix,86 – El Corte Inglés,1,22:03
18 – Poliesportiu d’Altabix,113 – Alcalde Juan Hernández,1,22:53
99 – IES La Asunción,101 – UMH-La Galia,1,13:40
99 – IES La Asunción,114 – Jardin Biólogo Antonio de Zulueta,1,16:09
99 – IES La Asunción,107 – Josefina Manresa,1,14:36
33 – Av. Libertat / l’Aljub,106 – Estadio Manolo Jaén,1,22:59
33 – Av. Libertat / l’Aljub,101 – UMH-La Galia,1,19:45
33 – Av. Libertat / l’Aljub,98 – IES Sixto Marco,1,22:31
30 – Squash,62 – Calle Inca con brea,1,22:48
103 – UMH-Altet,92 – Parking Candalix,1,06:43
103 – UMH-Altet,87 – CEIP Sanchis Guarner,1,26:07
18 – Poliesportiu d’Altabix,80 – Reina Victoria con Gabriel Miró,1,18:00
18 – Poliesportiu d’Altabix,75 – L´aljub,1,23:34
18 – Poliesportiu d’Altabix,72 – Plaza de madrid,1,19:52
99 – IES La Asunción,24 – Policia Local,1,15:09
99 – IES La Asunción,15 – Av. Llibertat / Reina Victòria,1,88:31
99 – IES La Asunción,2 – Oficina de Turisme,1,07:48
18 – Poliesportiu d’Altabix,83 – Conrado del campo 35,1,16:44
18 – Poliesportiu d’Altabix,63 – CEIP Eugeni d’Ors,1,23:00
18 – Poliesportiu d’Altabix,58 – Polideportivo Torrellano,1,54:19
33 – Av. Libertat / l’Aljub,62 – Calle Inca con brea,1,17:27
17 – Plaça de Castella,91 – Centro social el Pla,1,31:40
98 – IES Sixto Marco,22 – Av. Llauradors / Eslava,1,14:24
98 – IES Sixto Marco,13 – Jardí del 1r de Maig,1,14:24
104 – UMH-Arenals,15 – Av. Llibertat / Reina Victòria,1,13:39
104 – UMH-Arenals,14 – Comissaria,1,12:29
104 – UMH-Arenals,13 – Jardí del 1r de Maig,1,31:08
104 – UMH-Arenals,8 – Polivalent de Carrús,1,13:53
103 – UMH-Altet,107 – Josefina Manresa,1,07:17
33 – Av. Libertat / l’Aljub,114 – Jardin Biólogo Antonio de Zulueta,1,21:45
33 – Av. Libertat / l’Aljub,112 – CEIP San Fernando,1,23:48
98 – IES Sixto Marco,38 – Poliesportiu de Carrús,1,25:41
98 – IES Sixto Marco,35 – Hospital del Vinalopó,1,18:53
98 – IES Sixto Marco,82 – Antonio Machado 73,1,19:18
98 – IES Sixto Marco,66 – Jardín escritor Juan Fuster,1,19:51
98 – IES Sixto Marco,56 – UMH / Torre Vaillo,1,08:32
18 – Poliesportiu d’Altabix,48 – Av. Corts Valencianes,1,18:34
97 – Huerto del cura,91 – Centro social el Pla,1,16:14
97 – Huerto del cura,89 – CEIP Dama d´Elx,1,10:36
97 – Huerto del cura,88 – Pistas del Pla,1,09:17
97 – Huerto del cura,86 – El Corte Inglés,1,28:25
20 – Antoni Mena / Fra Jaume Torres,111 – Avenida Alicante 38,1,14:43
20 – Antoni Mena / Fra Jaume Torres,108 – José Ferrández Cruz,1,25:21
20 – Antoni Mena / Fra Jaume Torres,105 – Almansa con Avda. Novelda,1,13:30
104 – UMH-Arenals,23 – Conrado del Campo / Trinquet,1,14:58
17 – Plaça de Castella,89 – CEIP Dama d´Elx,1,17:35
17 – Plaça de Castella,87 – CEIP Sanchis Guarner,1,18:51
97 – Huerto del cura,108 – José Ferrández Cruz,1,108:11
97 – Huerto del cura,106 – Estadio Manolo Jaén,1,14:24
97 – Huerto del cura,105 – Almansa con Avda. Novelda,1,19:08
34 – Hospital General,48 – Av. Corts Valencianes,1,01:18
2 – Oficina de Turisme,62 – Calle Inca con brea,1,14:25
17 – Plaça de Castella,90 – Centro salud el Pla,1,01:40
34 – Hospital General,104 – UMH-Arenals,1,15:27
97 – Huerto del cura,52 – Centro salud el Toscar,1,19:39
97 – Huerto del cura,33 – Av. Libertat / l’Aljub,1,12:14
97 – Huerto del cura,29 – Casablanca,1,09:29
97 – Huerto del cura,27 – UMH / Pavelló d’Esports,1,09:01
21 – C.P. Mariano Benlliure,64 – Jardín 25 de abril,1,14:31
104 – UMH-Arenals,44 – Portes Encarnades,1,20:36
104 – UMH-Arenals,34 – Hospital General,1,15:31
104 – UMH-Arenals,29 – Casablanca,1,09:21
97 – Huerto del cura,82 – Antonio Machado 73,1,14:06
97 – Huerto del cura,75 – L´aljub,1,17:00
97 – Huerto del cura,70 – Libertad-Diagonal,1,11:23
97 – Huerto del cura,67 – Calle Grao con Victoria Kent,1,22:41
97 – Huerto del cura,56 – UMH / Torre Vaillo,1,28:43
34 – Hospital General,95 – IES Vicente Verdu,1,08:48
34 – Hospital General,88 – Pistas del Pla,1,13:14
35 – Hospital del Vinalopó,84 – Fernanda Santa María 64,1,12:52
35 – Hospital del Vinalopó,78 – Jorge Juan 24,1,13:53
96 – Puente de Santa Teresa,58 – Polideportivo Torrellano,1,67:17
104 – UMH-Arenals,76 – Puente Altamira,1,09:25
21 – C.P. Mariano Benlliure,67 – Calle Grao con Victoria Kent,1,20:36
21 – C.P. Mariano Benlliure,65 – C.P. El toscar,1,16:23
104 – UMH-Arenals,74 – IES Nit de l´Albà,1,19:52
104 – UMH-Arenals,73 – Plaza de la aparadora,1,17:46
104 – UMH-Arenals,66 – Jardín escritor Juan Fuster,1,11:33
104 – UMH-Arenals,58 – Polideportivo Torrellano,1,67:14
35 – Hospital del Vinalopó,72 – Plaza de madrid,1,10:37
35 – Hospital del Vinalopó,65 – C.P. El toscar,1,12:56
97 – Huerto del cura,8 – Polivalent de Carrús,1,09:47
96 – Puente de Santa Teresa,110 – Avda Novelda con Obispo Barrachina,1,12:27
96 – Puente de Santa Teresa,109 – Parque Huerto del Torreret,1,14:19
17 – Plaça de Castella,66 – Jardín escritor Juan Fuster,1,29:05
16 – Jardí d’Asp,95 – IES Vicente Verdu,1,10:29
16 – Jardí d’Asp,92 – Parking Candalix,1,10:30
104 – UMH-Arenals,110 – Avda Novelda con Obispo Barrachina,1,15:30
104 – UMH-Arenals,90 – Centro salud el Pla,1,26:19
104 – UMH-Arenals,87 – CEIP Sanchis Guarner,1,17:09
104 – UMH-Arenals,83 – Conrado del campo 35,1,19:01
104 – UMH-Arenals,79 – Intercambiador pasarela,1,23:16
96 – Puente de Santa Teresa,18 – Poliesportiu d’Altabix,1,24:05
16 – Jardí d’Asp,82 – Antonio Machado 73,1,13:10
16 – Jardí d’Asp,100 – C.S. Raval,1,18:02
16 – Jardí d’Asp,97 – Huerto del cura,1,11:58
35 – Hospital del Vinalopó,112 – CEIP San Fernando,1,16:21
35 – Hospital del Vinalopó,109 – Parque Huerto del Torreret,1,25:29
35 – Hospital del Vinalopó,105 – Almansa con Avda. Novelda,1,18:44
35 – Hospital del Vinalopó,99 – IES La Asunción,1,16:43
35 – Hospital del Vinalopó,97 – Huerto del cura,1,21:04
95 – IES Vicente Verdu,38 – Poliesportiu de Carrús,1,18:41
95 – IES Vicente Verdu,34 – Hospital General,1,12:10
29 – Casablanca,101 – UMH-La Galia,1,07:19
29 – Casablanca,97 – Huerto del cura,1,11:40
29 – Casablanca,89 – CEIP Dama d´Elx,1,10:42
95 – IES Vicente Verdu,89 – CEIP Dama d´Elx,1,20:33
95 – IES Vicente Verdu,79 – Intercambiador pasarela,1,13:18
95 – IES Vicente Verdu,77 – Plaza Obispo Siuri,1,11:35
95 – IES Vicente Verdu,74 – IES Nit de l´Albà,1,09:19
95 – IES Vicente Verdu,70 – Libertad-Diagonal,1,17:56
95 – IES Vicente Verdu,69 – Olegario Domarco Seller 44,1,23:45
16 – Jardí d’Asp,87 – CEIP Sanchis Guarner,1,14:14
95 – IES Vicente Verdu,109 – Parque Huerto del Torreret,1,21:13
95 – IES Vicente Verdu,94 – Parking Gran Teatre,1,13:45
95 – IES Vicente Verdu,91 – Centro social el Pla,1,05:48
16 – Jardí d’Asp,104 – UMH-Arenals,1,13:33
36 – I.E.S. Victoria Kent,75 – L´aljub,1,47:53
36 – I.E.S. Victoria Kent,67 – Calle Grao con Victoria Kent,1,18:47
36 – I.E.S. Victoria Kent,64 – Jardín 25 de abril,1,19:43
105 – Almansa con Avda. Novelda,35 – Hospital del Vinalopó,1,13:54
105 – Almansa con Avda. Novelda,26 – UMH / Escola Oficial d’Idiomes,1,11:19
105 – Almansa con Avda. Novelda,21 – C.P. Mariano Benlliure,1,12:21
105 – Almansa con Avda. Novelda,14 – Comissaria,1,21:20
105 – Almansa con Avda. Novelda,9 – Biblioteca de Sant Josep,1,11:45
105 – Almansa con Avda. Novelda,4 – Plaça del Raval,1,08:13
95 – IES Vicente Verdu,25 – Cor de Jesús,1,13:33
95 – IES Vicente Verdu,49 – Av. Alicante 59,1,17:39
95 – IES Vicente Verdu,45 – Plaça de Barcelona,1,15:42
36 – I.E.S. Victoria Kent,62 – Calle Inca con brea,1,25:23
36 – I.E.S. Victoria Kent,52 – Centro salud el Toscar,1,26:36
95 – IES Vicente Verdu,43 – Palmerars – Ciutat de la Justícia,1,16:31
95 – IES Vicente Verdu,39 – Francesc Cantó,1,17:08
37 – Hort de Travaló,86 – El Corte Inglés,1,18:50
37 – Hort de Travaló,81 – C.S. Doctor Sapena,1,20:06
37 – Hort de Travaló,80 – Reina Victoria con Gabriel Miró,1,23:22
105 – Almansa con Avda. Novelda,62 – Calle Inca con brea,1,03:34
105 – Almansa con Avda. Novelda,61 – Avenida Novelda 191,1,04:11
105 – Almansa con Avda. Novelda,44 – Portes Encarnades,1,14:29
105 – Almansa con Avda. Novelda,43 – Palmerars – Ciutat de la Justícia,1,18:52
37 – Hort de Travaló,78 – Jorge Juan 24,1,22:27
37 – Hort de Travaló,67 – Calle Grao con Victoria Kent,1,25:33
37 – Hort de Travaló,58 – Polideportivo Torrellano,1,39:58
36 – I.E.S. Victoria Kent,87 – CEIP Sanchis Guarner,1,21:28
94 – Parking Gran Teatre,66 – Jardín escritor Juan Fuster,1,23:10
15 – Av. Llibertat / Reina Victòria,113 – Alcalde Juan Hernández,1,17:48
94 – Parking Gran Teatre,107 – Josefina Manresa,1,18:49
95 – IES Vicente Verdu,1 – Estació d’Autobusos,1,18:16
94 – Parking Gran Teatre,114 – Jardin Biólogo Antonio de Zulueta,1,11:22
93 – Parque Rey Jaume I,66 – Jardín escritor Juan Fuster,1,20:59
93 – Parque Rey Jaume I,65 – C.P. El toscar,1,14:55
93 – Parque Rey Jaume I,63 – CEIP Eugeni d’Ors,1,17:14
15 – Av. Llibertat / Reina Victòria,66 – Jardín escritor Juan Fuster,1,09:02
29 – Casablanca,88 – Pistas del Pla,1,08:40
37 – Hort de Travaló,110 – Avda Novelda con Obispo Barrachina,1,27:16
37 – Hort de Travaló,107 – Josefina Manresa,1,18:18
37 – Hort de Travaló,103 – UMH-Altet,1,12:56
37 – Hort de Travaló,102 – UMH-Altabix,1,15:47
93 – Parque Rey Jaume I,105 – Almansa con Avda. Novelda,1,11:07
94 – Parking Gran Teatre,24 – Policia Local,1,22:23
94 – Parking Gran Teatre,13 – Jardí del 1r de Maig,1,01:21
15 – Av. Llibertat / Reina Victòria,92 – Parking Candalix,1,11:05
37 – Hort de Travaló,95 – IES Vicente Verdu,1,18:29
37 – Hort de Travaló,92 – Parking Candalix,1,21:09
37 – Hort de Travaló,87 – CEIP Sanchis Guarner,1,22:00
14 – Comissaria,104 – UMH-Arenals,1,13:23
92 – Parking Candalix,111 – Avenida Alicante 38,1,56:08
92 – Parking Candalix,104 – UMH-Arenals,1,10:30
92 – Parking Candalix,101 – UMH-La Galia,1,04:46
92 – Parking Candalix,98 – IES Sixto Marco,1,15:02
105 – Almansa con Avda. Novelda,95 – IES Vicente Verdu,1,14:49
105 – Almansa con Avda. Novelda,92 – Parking Candalix,1,16:19
105 – Almansa con Avda. Novelda,91 – Centro social el Pla,1,16:04
105 – Almansa con Avda. Novelda,85 – Sor Josefa Alcorta 34,1,12:14
14 – Comissaria,101 – UMH-La Galia,1,12:34
38 – Poliesportiu de Carrús,98 – IES Sixto Marco,1,18:35
38 – Poliesportiu de Carrús,91 – Centro social el Pla,1,18:32
38 – Poliesportiu de Carrús,61 – Avenida Novelda 191,1,10:05
38 – Poliesportiu de Carrús,82 – Antonio Machado 73,1,08:50
93 – Parque Rey Jaume I,37 – Hort de Travaló,1,08:30
93 – Parque Rey Jaume I,73 – Plaza de la aparadora,1,09:53
92 – Parking Candalix,67 – Calle Grao con Victoria Kent,1,07:00
92 – Parking Candalix,62 – Calle Inca con brea,1,16:09
92 – Parking Candalix,52 – Centro salud el Toscar,1,11:48
92 – Parking Candalix,50 – Borreguet,1,04:14
92 – Parking Candalix,48 – Av. Corts Valencianes,1,13:45
92 – Parking Candalix,43 – Palmerars – Ciutat de la Justícia,1,27:31
29 – Casablanca,62 – Calle Inca con brea,1,08:43
105 – Almansa con Avda. Novelda,99 – IES La Asunción,1,21:48
105 – Almansa con Avda. Novelda,98 – IES Sixto Marco,1,16:35
105 – Almansa con Avda. Novelda,97 – Huerto del cura,1,14:50
92 – Parking Candalix,87 – CEIP Sanchis Guarner,1,14:06
92 – Parking Candalix,75 – L´aljub,1,24:40
92 – Parking Candalix,73 – Plaza de la aparadora,1,09:04
92 – Parking Candalix,97 – Huerto del cura,1,27:12
14 – Comissaria,108 – José Ferrández Cruz,1,19:00
14 – Comissaria,107 – Josefina Manresa,1,13:28
91 – Centro social el Pla,98 – IES Sixto Marco,1,18:56
91 – Centro social el Pla,97 – Huerto del cura,1,15:37
91 – Centro social el Pla,95 – IES Vicente Verdu,1,03:32
91 – Centro social el Pla,93 – Parque Rey Jaume I,1,14:08
106 – Estadio Manolo Jaén,4 – Plaça del Raval,1,15:36
105 – Almansa con Avda. Novelda,104 – UMH-Arenals,1,11:48
105 – Almansa con Avda. Novelda,103 – UMH-Altet,1,12:23
105 – Almansa con Avda. Novelda,102 – UMH-Altabix,1,26:20
14 – Comissaria,92 – Parking Candalix,1,06:29
14 – Comissaria,89 – CEIP Dama d´Elx,1,13:36
14 – Comissaria,87 – CEIP Sanchis Guarner,1,18:15
38 – Poliesportiu de Carrús,109 – Parque Huerto del Torreret,1,15:10
92 – Parking Candalix,33 – Av. Libertat / l’Aljub,1,13:16
92 – Parking Candalix,31 – Sant Antoni,1,09:25
92 – Parking Candalix,23 – Conrado del Campo / Trinquet,1,11:53
92 – Parking Candalix,21 – C.P. Mariano Benlliure,1,13:01
91 – Centro social el Pla,17 – Plaça de Castella,1,23:02
91 – Centro social el Pla,16 – Jardí d’Asp,1,17:54
106 – Estadio Manolo Jaén,22 – Av. Llauradors / Eslava,1,24:07
106 – Estadio Manolo Jaén,21 – C.P. Mariano Benlliure,1,21:43
106 – Estadio Manolo Jaén,16 – Jardí d’Asp,1,17:09
106 – Estadio Manolo Jaén,14 – Comissaria,1,08:30
106 – Estadio Manolo Jaén,8 – Polivalent de Carrús,1,15:50
91 – Centro social el Pla,73 – Plaza de la aparadora,1,31:56
91 – Centro social el Pla,72 – Plaza de madrid,1,15:42
91 – Centro social el Pla,68 – Arturo Salvetti Pardo,1,16:41
91 – Centro social el Pla,65 – C.P. El toscar,1,18:24
91 – Centro social el Pla,52 – Centro salud el Toscar,1,14:59
91 – Centro social el Pla,82 – Antonio Machado 73,1,07:43
14 – Comissaria,74 – IES Nit de l´Albà,1,23:32
14 – Comissaria,73 – Plaza de la aparadora,1,23:39
14 – Comissaria,72 – Plaza de madrid,1,12:34
90 – Centro salud el Pla,39 – Francesc Cantó,1,21:17
90 – Centro salud el Pla,37 – Hort de Travaló,1,29:16
21 – C.P. Mariano Benlliure,113 – Alcalde Juan Hernández,1,20:05
21 – C.P. Mariano Benlliure,109 – Parque Huerto del Torreret,1,26:14
90 – Centro salud el Pla,72 – Plaza de madrid,1,12:51
90 – Centro salud el Pla,65 – C.P. El toscar,1,16:23
90 – Centro salud el Pla,98 – IES Sixto Marco,1,14:04
91 – Centro social el Pla,8 – Polivalent de Carrús,1,15:19
91 – Centro social el Pla,3 – Plaça de la Llotja,1,14:28
91 – Centro social el Pla,1 – Estació d’Autobusos,1,16:25
90 – Centro salud el Pla,107 – Josefina Manresa,1,31:06
91 – Centro social el Pla,48 – Av. Corts Valencianes,1,14:10
91 – Centro social el Pla,36 – I.E.S. Victoria Kent,1,111:18
91 – Centro social el Pla,34 – Hospital General,1,31:10
91 – Centro social el Pla,31 – Sant Antoni,1,19:50
91 – Centro social el Pla,29 – Casablanca,1,14:03
90 – Centro salud el Pla,27 – UMH / Pavelló d’Esports,1,27:23
90 – Centro salud el Pla,26 – UMH / Escola Oficial d’Idiomes,1,00:48
90 – Centro salud el Pla,16 – Jardí d’Asp,1,20:59
90 – Centro salud el Pla,8 – Polivalent de Carrús,1,31:21
89 – CEIP Dama d´Elx,106 – Estadio Manolo Jaén,1,27:39
106 – Estadio Manolo Jaén,72 – Plaza de madrid,1,14:46
106 – Estadio Manolo Jaén,63 – CEIP Eugeni d’Ors,1,18:14
106 – Estadio Manolo Jaén,41 – Dipòsit Municipal de Carrús,1,20:43
106 – Estadio Manolo Jaén,35 – Hospital del Vinalopó,1,32:19
39 – Francesc Cantó,112 – CEIP San Fernando,1,16:16
39 – Francesc Cantó,104 – UMH-Arenals,1,13:51
39 – Francesc Cantó,94 – Parking Gran Teatre,1,07:20
90 – Centro salud el Pla,30 – Squash,1,17:53
39 – Francesc Cantó,87 – CEIP Sanchis Guarner,1,08:13
39 – Francesc Cantó,82 – Antonio Machado 73,1,11:16
90 – Centro salud el Pla,41 – Dipòsit Municipal de Carrús,1,19:14
13 – Jardí del 1r de Maig,89 – CEIP Dama d´Elx,1,18:29
89 – CEIP Dama d´Elx,67 – Calle Grao con Victoria Kent,1,15:05
89 – CEIP Dama d´Elx,64 – Jardín 25 de abril,1,23:10
89 – CEIP Dama d´Elx,51 – Ciudad deportiva zona sur,1,17:33
89 – CEIP Dama d´Elx,41 – Dipòsit Municipal de Carrús,1,16:46
106 – Estadio Manolo Jaén,91 – Centro social el Pla,1,23:47
106 – Estadio Manolo Jaén,89 – CEIP Dama d´Elx,1,19:40
106 – Estadio Manolo Jaén,88 – Pistas del Pla,1,19:35
106 – Estadio Manolo Jaén,73 – Plaza de la aparadora,1,15:20
13 – Jardí del 1r de Maig,111 – Avenida Alicante 38,1,13:25
13 – Jardí del 1r de Maig,108 – José Ferrández Cruz,1,17:06
89 – CEIP Dama d´Elx,82 – Antonio Machado 73,1,08:25
39 – Francesc Cantó,113 – Alcalde Juan Hernández,1,33:30
89 – CEIP Dama d´Elx,98 – IES Sixto Marco,1,16:30
89 – CEIP Dama d´Elx,95 – IES Vicente Verdu,1,03:20
89 – CEIP Dama d´Elx,92 – Parking Candalix,1,11:30
40 – C.P. Baix Vinalopó,62 – Calle Inca con brea,1,11:54
88 – Pistas del Pla,72 – Plaza de madrid,1,11:19
88 – Pistas del Pla,68 – Arturo Salvetti Pardo,1,13:46
88 – Pistas del Pla,67 – Calle Grao con Victoria Kent,1,16:41
88 – Pistas del Pla,64 – Jardín 25 de abril,1,25:40
28 – Passeig de les Germanies,104 – UMH-Arenals,1,15:29
106 – Estadio Manolo Jaén,99 – IES La Asunción,1,16:14
88 – Pistas del Pla,98 – IES Sixto Marco,1,13:05
88 – Pistas del Pla,97 – Huerto del cura,1,13:15
88 – Pistas del Pla,92 – Parking Candalix,1,13:42
88 – Pistas del Pla,111 – Avenida Alicante 38,1,19:00
88 – Pistas del Pla,100 – C.S. Raval,1,06:50
89 – CEIP Dama d´Elx,30 – Squash,1,16:23
89 – CEIP Dama d´Elx,18 – Poliesportiu d’Altabix,1,24:05
89 – CEIP Dama d´Elx,38 – Poliesportiu de Carrús,1,16:28
13 – Jardí del 1r de Maig,98 – IES Sixto Marco,1,15:37
87 – CEIP Sanchis Guarner,108 – José Ferrández Cruz,1,28:08
87 – CEIP Sanchis Guarner,105 – Almansa con Avda. Novelda,1,15:52
87 – CEIP Sanchis Guarner,103 – UMH-Altet,1,31:02
87 – CEIP Sanchis Guarner,102 – UMH-Altabix,1,21:24
87 – CEIP Sanchis Guarner,101 – UMH-La Galia,1,22:41
107 – Josefina Manresa,10 – L’Escorxador,1,14:37
106 – Estadio Manolo Jaén,105 – Almansa con Avda. Novelda,1,39:59
88 – Pistas del Pla,31 – Sant Antoni,1,18:02
88 – Pistas del Pla,27 – UMH / Pavelló d’Esports,1,16:40
88 – Pistas del Pla,26 – UMH / Escola Oficial d’Idiomes,1,13:41
88 – Pistas del Pla,17 – Plaça de Castella,1,20:39
88 – Pistas del Pla,52 – Centro salud el Toscar,1,11:43
88 – Pistas del Pla,37 – Hort de Travaló,1,28:52
88 – Pistas del Pla,34 – Hospital General,1,11:33
88 – Pistas del Pla,32 – Centre de Salut d’Altabix,1,27:14
40 – C.P. Baix Vinalopó,63 – CEIP Eugeni d’Ors,1,09:01
87 – CEIP Sanchis Guarner,39 – Francesc Cantó,1,14:53
87 – CEIP Sanchis Guarner,38 – Poliesportiu de Carrús,1,16:08
87 – CEIP Sanchis Guarner,37 – Hort de Travaló,1,25:30
87 – CEIP Sanchis Guarner,32 – Centre de Salut d’Altabix,1,18:42
107 – Josefina Manresa,34 – Hospital General,1,39:59
107 – Josefina Manresa,25 – Cor de Jesús,1,16:02
107 – Josefina Manresa,20 – Antoni Mena / Fra Jaume Torres,1,19:18
107 – Josefina Manresa,19 – Jesuïtines,1,14:19
107 – Josefina Manresa,14 – Comissaria,1,10:48
87 – CEIP Sanchis Guarner,79 – Intercambiador pasarela,1,15:42
87 – CEIP Sanchis Guarner,78 – Jorge Juan 24,1,19:40
87 – CEIP Sanchis Guarner,76 – Puente Altamira,1,14:58
87 – CEIP Sanchis Guarner,66 – Jardín escritor Juan Fuster,1,23:48
87 – CEIP Sanchis Guarner,56 – UMH / Torre Vaillo,1,17:58
13 – Jardí del 1r de Maig,63 – CEIP Eugeni d’Ors,1,04:45
87 – CEIP Sanchis Guarner,114 – Jardin Biólogo Antonio de Zulueta,1,26:36
41 – Dipòsit Municipal de Carrús,90 – Centro salud el Pla,1,15:50
41 – Dipòsit Municipal de Carrús,84 – Fernanda Santa María 64,1,17:37
41 – Dipòsit Municipal de Carrús,77 – Plaza Obispo Siuri,1,08:03
107 – Josefina Manresa,78 – Jorge Juan 24,1,13:08
107 – Josefina Manresa,74 – IES Nit de l´Albà,1,19:20
107 – Josefina Manresa,65 – C.P. El toscar,1,14:31
107 – Josefina Manresa,64 – Jardín 25 de abril,1,23:19
107 – Josefina Manresa,59 – Calle San Crispín 1 Torrellano,1,36:15
87 – CEIP Sanchis Guarner,16 – Jardí d’Asp,1,21:46
87 – CEIP Sanchis Guarner,13 – Jardí del 1r de Maig,1,15:02
87 – CEIP Sanchis Guarner,3 – Plaça de la Llotja,1,28:48
86 – El Corte Inglés,113 – Alcalde Juan Hernández,1,21:22
86 – El Corte Inglés,112 – CEIP San Fernando,1,17:43
41 – Dipòsit Municipal de Carrús,65 – C.P. El toscar,1,07:09
87 – CEIP Sanchis Guarner,24 – Policia Local,1,34:30
87 – CEIP Sanchis Guarner,50 – Borreguet,1,09:52
41 – Dipòsit Municipal de Carrús,100 – C.S. Raval,1,15:11
41 – Dipòsit Municipal de Carrús,97 – Huerto del cura,1,14:14
41 – Dipòsit Municipal de Carrús,92 – Parking Candalix,1,08:59
107 – Josefina Manresa,99 – IES La Asunción,1,12:00
107 – Josefina Manresa,97 – Huerto del cura,1,17:07
107 – Josefina Manresa,87 – CEIP Sanchis Guarner,1,22:02
107 – Josefina Manresa,81 – C.S. Doctor Sapena,1,20:39
86 – El Corte Inglés,45 – Plaça de Barcelona,1,08:22
86 – El Corte Inglés,42 – Multi Aventura Travaló,1,21:32
86 – El Corte Inglés,37 – Hort de Travaló,1,16:14
86 – El Corte Inglés,72 – Plaza de madrid,1,10:07
86 – El Corte Inglés,67 – Calle Grao con Victoria Kent,1,19:31
86 – El Corte Inglés,51 – Ciudad deportiva zona sur,1,18:17
86 – El Corte Inglés,92 – Parking Candalix,1,12:39
86 – El Corte Inglés,107 – Josefina Manresa,1,26:35
86 – El Corte Inglés,106 – Estadio Manolo Jaén,1,19:25
108 – José Ferrández Cruz,11 – Plaça de Crevillent,1,19:47
85 – Sor Josefa Alcorta 34,73 – Plaza de la aparadora,1,15:43
85 – Sor Josefa Alcorta 34,72 – Plaza de madrid,1,11:05
85 – Sor Josefa Alcorta 34,56 – UMH / Torre Vaillo,1,20:59
22 – Av. Llauradors / Eslava,79 – Intercambiador pasarela,1,09:29
22 – Av. Llauradors / Eslava,77 – Plaza Obispo Siuri,1,19:55
22 – Av. Llauradors / Eslava,76 – Puente Altamira,1,09:03
107 – Josefina Manresa,111 – Avenida Alicante 38,1,09:35
42 – Multi Aventura Travaló,79 – Intercambiador pasarela,1,22:28
42 – Multi Aventura Travaló,73 – Plaza de la aparadora,1,19:00
42 – Multi Aventura Travaló,48 – Av. Corts Valencianes,1,21:54
41 – Dipòsit Municipal de Carrús,111 – Avenida Alicante 38,1,23:03
41 – Dipòsit Municipal de Carrús,108 – José Ferrández Cruz,1,17:30
42 – Multi Aventura Travaló,39 – Francesc Cantó,1,23:21
85 – Sor Josefa Alcorta 34,111 – Avenida Alicante 38,1,13:52
85 – Sor Josefa Alcorta 34,107 – Josefina Manresa,1,20:49
85 – Sor Josefa Alcorta 34,29 – Casablanca,1,12:20
42 – Multi Aventura Travaló,99 – IES La Asunción,1,10:11
42 – Multi Aventura Travaló,95 – IES Vicente Verdu,1,17:39
42 – Multi Aventura Travaló,94 – Parking Gran Teatre,1,15:20
42 – Multi Aventura Travaló,92 – Parking Candalix,1,13:26
42 – Multi Aventura Travaló,91 – Centro social el Pla,1,15:15
42 – Multi Aventura Travaló,88 – Pistas del Pla,1,23:28
85 – Sor Josefa Alcorta 34,41 – Dipòsit Municipal de Carrús,1,15:08
108 – José Ferrández Cruz,23 – Conrado del Campo / Trinquet,1,18:33
22 – Av. Llauradors / Eslava,67 – Calle Grao con Victoria Kent,1,12:35
22 – Av. Llauradors / Eslava,62 – Calle Inca con brea,1,02:53
28 – Passeig de les Germanies,68 – Arturo Salvetti Pardo,1,10:26
28 – Passeig de les Germanies,67 – Calle Grao con Victoria Kent,1,11:21
28 – Passeig de les Germanies,66 – Jardín escritor Juan Fuster,1,28:38
28 – Passeig de les Germanies,64 – Jardín 25 de abril,1,14:52
28 – Passeig de les Germanies,63 – CEIP Eugeni d’Ors,1,16:42
43 – Palmerars – Ciutat de la Justícia,73 – Plaza de la aparadora,1,23:49
43 – Palmerars – Ciutat de la Justícia,67 – Calle Grao con Victoria Kent,1,14:33
43 – Palmerars – Ciutat de la Justícia,64 – Jardín 25 de abril,1,24:34
43 – Palmerars – Ciutat de la Justícia,52 – Centro salud el Toscar,1,23:39
84 – Fernanda Santa María 64,64 – Jardín 25 de abril,1,15:03
108 – José Ferrández Cruz,66 – Jardín escritor Juan Fuster,1,29:22
108 – José Ferrández Cruz,63 – CEIP Eugeni d’Ors,1,21:20
108 – José Ferrández Cruz,44 – Portes Encarnades,1,21:37
108 – José Ferrández Cruz,42 – Multi Aventura Travaló,1,09:52
108 – José Ferrández Cruz,28 – Passeig de les Germanies,1,17:43
43 – Palmerars – Ciutat de la Justícia,46 – UMH / Rectorado,1,11:32
84 – Fernanda Santa María 64,92 – Parking Candalix,1,11:15
42 – Multi Aventura Travaló,103 – UMH-Altet,1,12:16
84 – Fernanda Santa María 64,115 – Passeig d´Atzavares,1,17:23
84 – Fernanda Santa María 64,108 – José Ferrández Cruz,1,27:45
84 – Fernanda Santa María 64,106 – Estadio Manolo Jaén,1,21:21
84 – Fernanda Santa María 64,17 – Plaça de Castella,1,24:46
83 – Conrado del campo 35,115 – Passeig d´Atzavares,1,30:03
108 – José Ferrández Cruz,97 – Huerto del cura,1,39:32
108 – José Ferrández Cruz,96 – Puente de Santa Teresa,1,21:07
108 – José Ferrández Cruz,87 – CEIP Sanchis Guarner,1,25:36
108 – José Ferrández Cruz,75 – L´aljub,1,24:01
108 – José Ferrández Cruz,73 – Plaza de la aparadora,1,17:53
108 – José Ferrández Cruz,68 – Arturo Salvetti Pardo,1,15:42
43 – Palmerars – Ciutat de la Justícia,109 – Parque Huerto del Torreret,1,09:19
43 – Palmerars – Ciutat de la Justícia,103 – UMH-Altet,1,12:49
43 – Palmerars – Ciutat de la Justícia,99 – IES La Asunción,1,05:43
43 – Palmerars – Ciutat de la Justícia,89 – CEIP Dama d´Elx,1,15:37
84 – Fernanda Santa María 64,56 – UMH / Torre Vaillo,1,17:16
84 – Fernanda Santa María 64,41 – Dipòsit Municipal de Carrús,1,19:58
84 – Fernanda Santa María 64,37 – Hort de Travaló,1,19:43
84 – Fernanda Santa María 64,29 – Casablanca,1,25:04
11 – Plaça de Crevillent,97 – Huerto del cura,1,09:37
11 – Plaça de Crevillent,115 – Passeig d´Atzavares,1,23:21
11 – Plaça de Crevillent,114 – Jardin Biólogo Antonio de Zulueta,1,23:47
82 – Antonio Machado 73,112 – CEIP San Fernando,1,25:54
82 – Antonio Machado 73,110 – Avda Novelda con Obispo Barrachina,1,35:34
82 – Antonio Machado 73,106 – Estadio Manolo Jaén,1,15:56
82 – Antonio Machado 73,100 – C.S. Raval,1,09:31
22 – Av. Llauradors / Eslava,98 – IES Sixto Marco,1,19:37
83 – Conrado del campo 35,26 – UMH / Escola Oficial d’Idiomes,1,17:09
11 – Plaça de Crevillent,112 – CEIP San Fernando,1,14:50
43 – Palmerars – Ciutat de la Justícia,110 – Avda Novelda con Obispo Barrachina,1,20:16
83 – Conrado del campo 35,68 – Arturo Salvetti Pardo,1,09:12
83 – Conrado del campo 35,105 – Almansa con Avda. Novelda,1,12:55
83 – Conrado del campo 35,103 – UMH-Altet,1,17:46
83 – Conrado del campo 35,102 – UMH-Altabix,1,10:46
83 – Conrado del campo 35,92 – Parking Candalix,1,08:11
82 – Antonio Machado 73,43 – Palmerars – Ciutat de la Justícia,1,15:03
82 – Antonio Machado 73,39 – Francesc Cantó,1,07:08
82 – Antonio Machado 73,36 – I.E.S. Victoria Kent,1,21:36
109 – Parque Huerto del Torreret,10 – L’Escorxador,1,30:11
109 – Parque Huerto del Torreret,9 – Biblioteca de Sant Josep,1,18:20
109 – Parque Huerto del Torreret,8 – Polivalent de Carrús,1,17:10
22 – Av. Llauradors / Eslava,106 – Estadio Manolo Jaén,1,21:08
22 – Av. Llauradors / Eslava,103 – UMH-Altet,1,20:07
108 – José Ferrández Cruz,114 – Jardin Biólogo Antonio de Zulueta,1,33:46
108 – José Ferrández Cruz,113 – Alcalde Juan Hernández,1,19:24
82 – Antonio Machado 73,76 – Puente Altamira,1,12:55
82 – Antonio Machado 73,98 – IES Sixto Marco,1,20:06
44 – Portes Encarnades,68 – Arturo Salvetti Pardo,1,14:17
82 – Antonio Machado 73,95 – IES Vicente Verdu,1,04:40
82 – Antonio Machado 73,93 – Parque Rey Jaume I,1,10:24
82 – Antonio Machado 73,91 – Centro social el Pla,1,08:18
81 – C.S. Doctor Sapena,115 – Passeig d´Atzavares,1,27:25
81 – C.S. Doctor Sapena,113 – Alcalde Juan Hernández,1,13:28
81 – C.S. Doctor Sapena,111 – Avenida Alicante 38,1,15:32
109 – Parque Huerto del Torreret,35 – Hospital del Vinalopó,1,21:21
23 – Conrado del Campo / Trinquet,64 – Jardín 25 de abril,1,29:44
109 – Parque Huerto del Torreret,21 – C.P. Mariano Benlliure,1,18:35
109 – Parque Huerto del Torreret,14 – Comissaria,1,09:39
44 – Portes Encarnades,108 – José Ferrández Cruz,1,22:26
44 – Portes Encarnades,105 – Almansa con Avda. Novelda,1,28:15
44 – Portes Encarnades,97 – Huerto del cura,1,06:45
44 – Portes Encarnades,92 – Parking Candalix,1,08:22
82 – Antonio Machado 73,16 – Jardí d’Asp,1,12:39
82 – Antonio Machado 73,14 – Comissaria,1,15:12
82 – Antonio Machado 73,64 – Jardín 25 de abril,1,14:22
82 – Antonio Machado 73,56 – UMH / Torre Vaillo,1,15:27
82 – Antonio Machado 73,46 – UMH / Rectorado,1,22:39
3 – Plaça de la Llotja,66 – Jardín escritor Juan Fuster,1,17:10
81 – C.S. Doctor Sapena,64 – Jardín 25 de abril,1,11:29
81 – C.S. Doctor Sapena,61 – Avenida Novelda 191,1,17:20
81 – C.S. Doctor Sapena,51 – Ciudad deportiva zona sur,1,15:06
109 – Parque Huerto del Torreret,75 – L´aljub,1,19:06
109 – Parque Huerto del Torreret,64 – Jardín 25 de abril,1,31:19
109 – Parque Huerto del Torreret,58 – Polideportivo Torrellano,1,38:52
109 – Parque Huerto del Torreret,52 – Centro salud el Toscar,1,18:55
109 – Parque Huerto del Torreret,47 – C.P. Virgen de la Asunción,1,22:28
109 – Parque Huerto del Torreret,42 – Multi Aventura Travaló,1,13:29
109 – Parque Huerto del Torreret,41 – Dipòsit Municipal de Carrús,1,19:06
11 – Plaça de Crevillent,66 – Jardín escritor Juan Fuster,1,18:51
11 – Plaça de Crevillent,64 – Jardín 25 de abril,1,15:46
11 – Plaça de Crevillent,63 – CEIP Eugeni d’Ors,1,14:57
11 – Plaça de Crevillent,62 – Calle Inca con brea,1,02:17
82 – Antonio Machado 73,13 – Jardí del 1r de Maig,1,12:12
45 – Plaça de Barcelona,101 – UMH-La Galia,1,12:33
45 – Plaça de Barcelona,99 – IES La Asunción,1,13:00
27 – UMH / Pavelló d’Esports,105 – Almansa con Avda. Novelda,1,15:13
23 – Conrado del Campo / Trinquet,74 – IES Nit de l´Albà,1,08:16
23 – Conrado del Campo / Trinquet,72 – Plaza de madrid,1,13:19
23 – Conrado del Campo / Trinquet,68 – Arturo Salvetti Pardo,1,11:52
109 – Parque Huerto del Torreret,83 – Conrado del campo 35,1,30:27
80 – Reina Victoria con Gabriel Miró,105 – Almansa con Avda. Novelda,1,17:52
45 – Plaça de Barcelona,104 – UMH-Arenals,1,16:11
45 – Plaça de Barcelona,103 – UMH-Altet,1,16:44
45 – Plaça de Barcelona,87 – CEIP Sanchis Guarner,1,12:29
45 – Plaça de Barcelona,62 – Calle Inca con brea,1,09:22
10 – L’Escorxador,102 – UMH-Altabix,1,13:04
3 – Plaça de la Llotja,64 – Jardín 25 de abril,1,15:27
81 – C.S. Doctor Sapena,24 – Policia Local,1,20:18
10 – L’Escorxador,114 – Jardin Biólogo Antonio de Zulueta,1,11:15
46 – UMH / Rectorado,62 – Calle Inca con brea,1,14:55
10 – L’Escorxador,70 – Libertad-Diagonal,1,01:59
79 – Intercambiador pasarela,108 – José Ferrández Cruz,1,20:02
79 – Intercambiador pasarela,106 – Estadio Manolo Jaén,1,11:58
79 – Intercambiador pasarela,104 – UMH-Arenals,1,16:19
109 – Parque Huerto del Torreret,110 – Avda Novelda con Obispo Barrachina,1,17:26
109 – Parque Huerto del Torreret,92 – Parking Candalix,1,14:18
109 – Parque Huerto del Torreret,87 – CEIP Sanchis Guarner,1,21:10
80 – Reina Victoria con Gabriel Miró,24 – Policia Local,1,20:54
80 – Reina Victoria con Gabriel Miró,18 – Poliesportiu d’Altabix,1,16:24
79 – Intercambiador pasarela,113 – Alcalde Juan Hernández,1,15:29
79 – Intercambiador pasarela,112 – CEIP San Fernando,1,09:44
46 – UMH / Rectorado,43 – Palmerars – Ciutat de la Justícia,1,09:27
10 – L’Escorxador,84 – Fernanda Santa María 64,1,10:36
10 – L’Escorxador,77 – Plaza Obispo Siuri,1,43:13
10 – L’Escorxador,71 – IES Carrús,1,13:41
46 – UMH / Rectorado,84 – Fernanda Santa María 64,1,18:16
46 – UMH / Rectorado,82 – Antonio Machado 73,1,13:29
79 – Intercambiador pasarela,27 – UMH / Pavelló d’Esports,1,14:15
23 – Conrado del Campo / Trinquet,67 – Calle Grao con Victoria Kent,1,14:58
23 – Conrado del Campo / Trinquet,65 – C.P. El toscar,1,13:30
27 – UMH / Pavelló d’Esports,95 – IES Vicente Verdu,1,17:45
27 – UMH / Pavelló d’Esports,92 – Parking Candalix,1,07:22
27 – UMH / Pavelló d’Esports,88 – Pistas del Pla,1,22:08
27 – UMH / Pavelló d’Esports,87 – CEIP Sanchis Guarner,1,21:57
27 – UMH / Pavelló d’Esports,84 – Fernanda Santa María 64,1,13:49
27 – UMH / Pavelló d’Esports,82 – Antonio Machado 73,1,15:51
79 – Intercambiador pasarela,66 – Jardín escritor Juan Fuster,1,11:26
79 – Intercambiador pasarela,64 – Jardín 25 de abril,1,13:16
79 – Intercambiador pasarela,63 – CEIP Eugeni d’Ors,1,16:51
46 – UMH / Rectorado,68 – Arturo Salvetti Pardo,1,09:34
46 – UMH / Rectorado,64 – Jardín 25 de abril,1,17:30
78 – Jorge Juan 24,113 – Alcalde Juan Hernández,1,19:43
78 – Jorge Juan 24,112 – CEIP San Fernando,1,17:22
78 – Jorge Juan 24,95 – IES Vicente Verdu,1,09:16
27 – UMH / Pavelló d’Esports,74 – IES Nit de l´Albà,1,15:40
27 – UMH / Pavelló d’Esports,72 – Plaza de madrid,1,16:08
27 – UMH / Pavelló d’Esports,68 – Arturo Salvetti Pardo,1,15:28
27 – UMH / Pavelló d’Esports,66 – Jardín escritor Juan Fuster,1,12:12
27 – UMH / Pavelló d’Esports,65 – C.P. El toscar,1,11:21
110 – Avda Novelda con Obispo Barrachina,10 – L’Escorxador,1,12:08
3 – Plaça de la Llotja,82 – Antonio Machado 73,1,29:46
9 – Biblioteca de Sant Josep,114 – Jardin Biólogo Antonio de Zulueta,1,11:02
9 – Biblioteca de Sant Josep,113 – Alcalde Juan Hernández,1,23:52
9 – Biblioteca de Sant Josep,111 – Avenida Alicante 38,1,10:01
9 – Biblioteca de Sant Josep,107 – Josefina Manresa,1,25:17
79 – Intercambiador pasarela,16 – Jardí d’Asp,1,08:22
46 – UMH / Rectorado,90 – Centro salud el Pla,1,14:03
77 – Plaza Obispo Siuri,63 – CEIP Eugeni d’Ors,1,08:38
77 – Plaza Obispo Siuri,51 – Ciudad deportiva zona sur,1,14:16
27 – UMH / Pavelló d’Esports,61 – Avenida Novelda 191,1,17:42
48 – Av. Corts Valencianes,61 – Avenida Novelda 191,1,10:18
48 – Av. Corts Valencianes,37 – Hort de Travaló,1,25:09
78 – Jorge Juan 24,8 – Polivalent de Carrús,1,06:28
77 – Plaza Obispo Siuri,109 – Parque Huerto del Torreret,1,23:29
78 – Jorge Juan 24,62 – Calle Inca con brea,1,18:05
78 – Jorge Juan 24,61 – Avenida Novelda 191,1,11:13
78 – Jorge Juan 24,38 – Poliesportiu de Carrús,1,19:31
78 – Jorge Juan 24,37 – Hort de Travaló,1,15:03
48 – Av. Corts Valencianes,14 – Comissaria,1,25:35
47 – C.P. Virgen de la Asunción,101 – UMH-La Galia,1,15:34
78 – Jorge Juan 24,69 – Olegario Domarco Seller 44,1,06:37
9 – Biblioteca de Sant Josep,103 – UMH-Altet,1,25:16
78 – Jorge Juan 24,115 – Passeig d´Atzavares,1,19:22
77 – Plaza Obispo Siuri,8 – Polivalent de Carrús,1,04:40
8 – Polivalent de Carrús,89 – CEIP Dama d´Elx,1,12:34
110 – Avda Novelda con Obispo Barrachina,61 – Avenida Novelda 191,1,10:13
110 – Avda Novelda con Obispo Barrachina,54 – Plaza de Benidorm,1,20:43
110 – Avda Novelda con Obispo Barrachina,49 – Av. Alicante 59,1,16:17
110 – Avda Novelda con Obispo Barrachina,48 – Av. Corts Valencianes,1,12:50
110 – Avda Novelda con Obispo Barrachina,43 – Palmerars – Ciutat de la Justícia,1,14:52
77 – Plaza Obispo Siuri,23 – Conrado del Campo / Trinquet,1,06:43
9 – Biblioteca de Sant Josep,66 – Jardín escritor Juan Fuster,1,17:48
9 – Biblioteca de Sant Josep,64 – Jardín 25 de abril,1,16:16
9 – Biblioteca de Sant Josep,63 – CEIP Eugeni d’Ors,1,19:12
48 – Av. Corts Valencianes,87 – CEIP Sanchis Guarner,1,17:03
77 – Plaza Obispo Siuri,43 – Palmerars – Ciutat de la Justícia,1,11:26
77 – Plaza Obispo Siuri,42 – Multi Aventura Travaló,1,17:31
48 – Av. Corts Valencianes,69 – Olegario Domarco Seller 44,1,07:41
48 – Av. Corts Valencianes,64 – Jardín 25 de abril,1,03:45
76 – Puente Altamira,83 – Conrado del campo 35,1,07:06
76 – Puente Altamira,66 – Jardín escritor Juan Fuster,1,18:12
23 – Conrado del Campo / Trinquet,92 – Parking Candalix,1,10:59
110 – Avda Novelda con Obispo Barrachina,65 – C.P. El toscar,1,12:13
110 – Avda Novelda con Obispo Barrachina,63 – CEIP Eugeni d’Ors,1,08:32
8 – Polivalent de Carrús,93 – Parque Rey Jaume I,1,10:31
76 – Puente Altamira,95 – IES Vicente Verdu,1,10:09
8 – Polivalent de Carrús,107 – Josefina Manresa,1,19:18
8 – Polivalent de Carrús,101 – UMH-La Galia,1,16:00
8 – Polivalent de Carrús,99 – IES La Asunción,1,16:59
8 – Polivalent de Carrús,97 – Huerto del cura,1,11:13
48 – Av. Corts Valencianes,104 – UMH-Arenals,1,33:10
48 – Av. Corts Valencianes,102 – UMH-Altabix,1,17:45
48 – Av. Corts Valencianes,99 – IES La Asunción,1,21:43
48 – Av. Corts Valencianes,95 – IES Vicente Verdu,1,17:53
77 – Plaza Obispo Siuri,10 – L’Escorxador,1,18:18
75 – L´aljub,62 – Calle Inca con brea,1,02:28
75 – L´aljub,51 – Ciudad deportiva zona sur,1,23:33
75 – L´aljub,43 – Palmerars – Ciutat de la Justícia,1,12:57
110 – Avda Novelda con Obispo Barrachina,94 – Parking Gran Teatre,1,10:52
110 – Avda Novelda con Obispo Barrachina,92 – Parking Candalix,1,07:10
110 – Avda Novelda con Obispo Barrachina,85 – Sor Josefa Alcorta 34,1,07:34
110 – Avda Novelda con Obispo Barrachina,82 – Antonio Machado 73,1,09:45
75 – L´aljub,105 – Almansa con Avda. Novelda,1,14:03
3 – Plaça de la Llotja,110 – Avda Novelda con Obispo Barrachina,1,17:55
75 – L´aljub,107 – Josefina Manresa,1,28:37
49 – Av. Alicante 59,87 – CEIP Sanchis Guarner,1,12:45
49 – Av. Alicante 59,86 – El Corte Inglés,1,16:10
49 – Av. Alicante 59,82 – Antonio Machado 73,1,17:19
49 – Av. Alicante 59,67 – Calle Grao con Victoria Kent,1,14:33
76 – Puente Altamira,48 – Av. Corts Valencianes,1,09:23
76 – Puente Altamira,41 – Dipòsit Municipal de Carrús,1,17:22
50 – Borreguet,107 – Josefina Manresa,1,17:12
74 – IES Nit de l´Albà,92 – Parking Candalix,1,09:38
110 – Avda Novelda con Obispo Barrachina,102 – UMH-Altabix,1,19:56
110 – Avda Novelda con Obispo Barrachina,101 – UMH-La Galia,1,09:38
110 – Avda Novelda con Obispo Barrachina,99 – IES La Asunción,1,18:49
110 – Avda Novelda con Obispo Barrachina,95 – IES Vicente Verdu,1,13:36
50 – Borreguet,95 – IES Vicente Verdu,1,14:55
50 – Borreguet,92 – Parking Candalix,1,12:02
4 – Plaça del Raval,66 – Jardín escritor Juan Fuster,1,25:19
4 – Plaça del Raval,61 – Avenida Novelda 191,1,22:03
50 – Borreguet,74 – IES Nit de l´Albà,1,13:08
50 – Borreguet,72 – Plaza de madrid,1,10:58
50 – Borreguet,65 – C.P. El toscar,1,14:35
75 – L´aljub,14 – Comissaria,1,00:11
8 – Polivalent de Carrús,68 – Arturo Salvetti Pardo,1,03:51
8 – Polivalent de Carrús,63 – CEIP Eugeni d’Ors,1,06:30
73 – Plaza de la aparadora,106 – Estadio Manolo Jaén,1,24:13
73 – Plaza de la aparadora,102 – UMH-Altabix,1,14:03
111 – Avenida Alicante 38,13 – Jardí del 1r de Maig,1,12:52
110 – Avda Novelda con Obispo Barrachina,113 – Alcalde Juan Hernández,1,36:29
110 – Avda Novelda con Obispo Barrachina,108 – José Ferrández Cruz,1,22:40
110 – Avda Novelda con Obispo Barrachina,104 – UMH-Arenals,1,49:50
51 – Ciudad deportiva zona sur,75 – L´aljub,1,25:00
51 – Ciudad deportiva zona sur,74 – IES Nit de l´Albà,1,16:07
51 – Ciudad deportiva zona sur,68 – Arturo Salvetti Pardo,1,25:39
51 – Ciudad deportiva zona sur,60 – Carrer de la Figuera 2 Torrellano,1,29:28
51 – Ciudad deportiva zona sur,52 – Centro salud el Toscar,1,21:02
51 – Ciudad deportiva zona sur,41 – Dipòsit Municipal de Carrús,1,24:43
7 – Pavelló Municipal,110 – Avda Novelda con Obispo Barrachina,1,23:41
7 – Pavelló Municipal,99 – IES La Asunción,1,12:33
74 – IES Nit de l´Albà,100 – C.S. Raval,1,07:48
50 – Borreguet,108 – José Ferrández Cruz,1,17:19
73 – Plaza de la aparadora,13 – Jardí del 1r de Maig,1,11:53
73 – Plaza de la aparadora,45 – Plaça de Barcelona,1,05:49
73 – Plaza de la aparadora,41 – Dipòsit Municipal de Carrús,1,11:11
73 – Plaza de la aparadora,31 – Sant Antoni,1,27:49
26 – UMH / Escola Oficial d’Idiomes,95 – IES Vicente Verdu,1,21:32
111 – Avenida Alicante 38,23 – Conrado del Campo / Trinquet,1,11:08
51 – Ciudad deportiva zona sur,88 – Pistas del Pla,1,24:59
51 – Ciudad deportiva zona sur,87 – CEIP Sanchis Guarner,1,18:16
51 – Ciudad deportiva zona sur,86 – El Corte Inglés,1,22:05
73 – Plaza de la aparadora,99 – IES La Asunción,1,21:52
73 – Plaza de la aparadora,91 – Centro social el Pla,1,12:29
74 – IES Nit de l´Albà,7 – Pavelló Municipal,1,13:38
73 – Plaza de la aparadora,114 – Jardin Biólogo Antonio de Zulueta,1,24:39
73 – Plaza de la aparadora,111 – Avenida Alicante 38,1,15:39
73 – Plaza de la aparadora,108 – José Ferrández Cruz,1,36:00
73 – Plaza de la aparadora,107 – Josefina Manresa,1,15:40
52 – Centro salud el Toscar,36 – I.E.S. Victoria Kent,1,19:47
52 – Centro salud el Toscar,24 – Policia Local,1,24:25
72 – Plaza de madrid,64 – Jardín 25 de abril,1,08:10
72 – Plaza de madrid,54 – Plaza de Benidorm,1,14:55
72 – Plaza de madrid,52 – Centro salud el Toscar,1,03:55
26 – UMH / Escola Oficial d’Idiomes,81 – C.S. Doctor Sapena,1,14:19
111 – Avenida Alicante 38,41 – Dipòsit Municipal de Carrús,1,17:13
72 – Plaza de madrid,108 – José Ferrández Cruz,1,20:08
72 – Plaza de madrid,106 – Estadio Manolo Jaén,1,24:05
72 – Plaza de madrid,105 – Almansa con Avda. Novelda,1,06:33
72 – Plaza de madrid,99 – IES La Asunción,1,15:36
72 – Plaza de madrid,98 – IES Sixto Marco,1,14:55
72 – Plaza de madrid,92 – Parking Candalix,1,05:44
7 – Pavelló Municipal,90 – Centro salud el Pla,1,21:09
72 – Plaza de madrid,114 – Jardin Biólogo Antonio de Zulueta,1,21:08
7 – Pavelló Municipal,83 – Conrado del campo 35,1,18:54
52 – Centro salud el Toscar,82 – Antonio Machado 73,1,07:55
72 – Plaza de madrid,23 – Conrado del Campo / Trinquet,1,14:12
72 – Plaza de madrid,18 – Poliesportiu d’Altabix,1,19:49
72 – Plaza de madrid,14 – Comissaria,1,15:07
111 – Avenida Alicante 38,73 – Plaza de la aparadora,1,14:13
26 – UMH / Escola Oficial d’Idiomes,61 – Avenida Novelda 191,1,40:37
24 – Policia Local,52 – Centro salud el Toscar,1,17:38
111 – Avenida Alicante 38,63 – CEIP Eugeni d’Ors,1,24:14
111 – Avenida Alicante 38,62 – Calle Inca con brea,1,25:23
72 – Plaza de madrid,35 – Hospital del Vinalopó,1,10:22
72 – Plaza de madrid,34 – Hospital General,1,22:43
72 – Plaza de madrid,32 – Centre de Salut d’Altabix,1,14:11
52 – Centro salud el Toscar,51 – Ciudad deportiva zona sur,1,21:19
52 – Centro salud el Toscar,42 – Multi Aventura Travaló,1,29:28
72 – Plaza de madrid,50 – Borreguet,1,11:41
72 – Plaza de madrid,43 – Palmerars – Ciutat de la Justícia,1,15:32
52 – Centro salud el Toscar,111 – Avenida Alicante 38,1,02:37
52 – Centro salud el Toscar,108 – José Ferrández Cruz,1,21:13
52 – Centro salud el Toscar,106 – Estadio Manolo Jaén,1,15:33
71 – IES Carrús,41 – Dipòsit Municipal de Carrús,1,10:56
111 – Avenida Alicante 38,83 – Conrado del campo 35,1,09:37
71 – IES Carrús,72 – Plaza de madrid,1,09:26
71 – IES Carrús,63 – CEIP Eugeni d’Ors,1,11:47
71 – IES Carrús,114 – Jardin Biólogo Antonio de Zulueta,1,27:10
71 – IES Carrús,107 – Josefina Manresa,1,23:15
71 – IES Carrús,103 – UMH-Altet,1,40:52
71 – IES Carrús,99 – IES La Asunción,1,14:32
71 – IES Carrús,98 – IES Sixto Marco,1,09:21
71 – IES Carrús,95 – IES Vicente Verdu,1,14:21
7 – Pavelló Municipal,68 – Arturo Salvetti Pardo,1,15:30
7 – Pavelló Municipal,62 – Calle Inca con brea,1,29:12
52 – Centro salud el Toscar,92 – Parking Candalix,1,12:46
70 – Libertad-Diagonal,42 – Multi Aventura Travaló,1,02:47
70 – Libertad-Diagonal,66 – Jardín escritor Juan Fuster,1,08:59
70 – Libertad-Diagonal,63 – CEIP Eugeni d’Ors,1,17:18
111 – Avenida Alicante 38,107 – Josefina Manresa,1,10:07
111 – Avenida Alicante 38,105 – Almansa con Avda. Novelda,1,23:37
53 – C.P. Victor Pradera,65 – C.P. El toscar,1,14:49
53 – C.P. Victor Pradera,64 – Jardín 25 de abril,1,12:40
53 – C.P. Victor Pradera,63 – CEIP Eugeni d’Ors,1,14:22
53 – C.P. Victor Pradera,61 – Avenida Novelda 191,1,24:48
6 – Ajuntament,113 – Alcalde Juan Hernández,1,15:21
70 – Libertad-Diagonal,113 – Alcalde Juan Hernández,1,21:11
71 – IES Carrús,37 – Hort de Travaló,1,19:57
71 – IES Carrús,31 – Sant Antoni,1,16:50
71 – IES Carrús,29 – Casablanca,1,10:33
71 – IES Carrús,24 – Policia Local,1,14:42
7 – Pavelló Municipal,48 – Av. Corts Valencianes,1,25:09
69 – Olegario Domarco Seller 44,65 – C.P. El toscar,1,06:23
69 – Olegario Domarco Seller 44,63 – CEIP Eugeni d’Ors,1,07:43
69 – Olegario Domarco Seller 44,62 – Calle Inca con brea,1,24:40
24 – Policia Local,68 – Arturo Salvetti Pardo,1,15:48
112 – CEIP San Fernando,17 – Plaça de Castella,1,08:33
112 – CEIP San Fernando,15 – Av. Llibertat / Reina Victòria,1,17:18
112 – CEIP San Fernando,11 – Plaça de Crevillent,1,13:31
69 – Olegario Domarco Seller 44,83 – Conrado del campo 35,1,11:13
69 – Olegario Domarco Seller 44,112 – CEIP San Fernando,1,25:36
69 – Olegario Domarco Seller 44,95 – IES Vicente Verdu,1,13:28
70 – Libertad-Diagonal,24 – Policia Local,1,11:53
54 – Plaza de Benidorm,95 – IES Vicente Verdu,1,20:12
54 – Plaza de Benidorm,90 – Centro salud el Pla,1,10:50
54 – Plaza de Benidorm,67 – Calle Grao con Victoria Kent,1,21:36
54 – Plaza de Benidorm,58 – Polideportivo Torrellano,1,94:49
6 – Ajuntament,58 – Polideportivo Torrellano,1,66:40
55 – Pere Joan Perpinyà,63 – CEIP Eugeni d’Ors,1,11:04
55 – Pere Joan Perpinyà,62 – Calle Inca con brea,1,17:23
68 – Arturo Salvetti Pardo,115 – Passeig d´Atzavares,1,22:24
68 – Arturo Salvetti Pardo,108 – José Ferrández Cruz,1,16:27
112 – CEIP San Fernando,24 – Policia Local,1,11:28
24 – Policia Local,90 – Centro salud el Pla,1,20:05
24 – Policia Local,89 – CEIP Dama d´Elx,1,20:05
24 – Policia Local,79 – Intercambiador pasarela,1,14:30
24 – Policia Local,76 – Puente Altamira,1,11:31
24 – Policia Local,75 – L´aljub,1,22:28
24 – Policia Local,71 – IES Carrús,1,17:11
5 – Centre de Congressos,63 – CEIP Eugeni d’Ors,1,19:11
69 – Olegario Domarco Seller 44,24 – Policia Local,1,28:06
69 – Olegario Domarco Seller 44,29 – Casablanca,1,02:26
55 – Pere Joan Perpinyà,61 – Avenida Novelda 191,1,17:41
69 – Olegario Domarco Seller 44,81 – C.S. Doctor Sapena,1,07:32
68 – Arturo Salvetti Pardo,78 – Jorge Juan 24,1,08:12
68 – Arturo Salvetti Pardo,67 – Calle Grao con Victoria Kent,1,06:58
68 – Arturo Salvetti Pardo,66 – Jardín escritor Juan Fuster,1,03:17
68 – Arturo Salvetti Pardo,53 – C.P. Victor Pradera,1,11:22
112 – CEIP San Fernando,77 – Plaza Obispo Siuri,1,20:44
112 – CEIP San Fernando,75 – L´aljub,1,21:30
112 – CEIP San Fernando,74 – IES Nit de l´Albà,1,14:29
112 – CEIP San Fernando,33 – Av. Libertat / l’Aljub,1,19:44
68 – Arturo Salvetti Pardo,100 – C.S. Raval,1,09:17
68 – Arturo Salvetti Pardo,99 – IES La Asunción,1,16:11
55 – Pere Joan Perpinyà,92 – Parking Candalix,1,11:15
68 – Arturo Salvetti Pardo,98 – IES Sixto Marco,1,09:26
68 – Arturo Salvetti Pardo,85 – Sor Josefa Alcorta 34,1,15:10
55 – Pere Joan Perpinyà,69 – Olegario Domarco Seller 44,1,12:58
55 – Pere Joan Perpinyà,68 – Arturo Salvetti Pardo,1,14:05
55 – Pere Joan Perpinyà,66 – Jardín escritor Juan Fuster,1,19:53
67 – Calle Grao con Victoria Kent,109 – Parque Huerto del Torreret,1,13:38
68 – Arturo Salvetti Pardo,51 – Ciudad deportiva zona sur,1,14:57
68 – Arturo Salvetti Pardo,49 – Av. Alicante 59,1,14:44
68 – Arturo Salvetti Pardo,41 – Dipòsit Municipal de Carrús,1,07:41
68 – Arturo Salvetti Pardo,26 – UMH / Escola Oficial d’Idiomes,1,07:52
112 – CEIP San Fernando,102 – UMH-Altabix,1,14:09
112 – CEIP San Fernando,101 – UMH-La Galia,1,12:42
112 – CEIP San Fernando,94 – Parking Gran Teatre,1,08:05
112 – CEIP San Fernando,90 – Centro salud el Pla,1,15:20
112 – CEIP San Fernando,88 – Pistas del Pla,1,13:22
112 – CEIP San Fernando,86 – El Corte Inglés,1,23:07
112 – CEIP San Fernando,84 – Fernanda Santa María 64,1,11:48
112 – CEIP San Fernando,83 – Conrado del campo 35,1,09:43
112 – CEIP San Fernando,78 – Jorge Juan 24,1,19:30
68 – Arturo Salvetti Pardo,83 – Conrado del campo 35,1,09:13
68 – Arturo Salvetti Pardo,79 – Intercambiador pasarela,1,07:21
67 – Calle Grao con Victoria Kent,68 – Arturo Salvetti Pardo,1,08:16
67 – Calle Grao con Victoria Kent,106 – Estadio Manolo Jaén,1,21:28
67 – Calle Grao con Victoria Kent,100 – C.S. Raval,1,14:57
67 – Calle Grao con Victoria Kent,89 – CEIP Dama d´Elx,1,09:54
67 – Calle Grao con Victoria Kent,88 – Pistas del Pla,1,08:45
24 – Policia Local,67 – Calle Grao con Victoria Kent,1,19:10
24 – Policia Local,112 – CEIP San Fernando,1,09:07
24 – Policia Local,110 – Avda Novelda con Obispo Barrachina,1,24:53
24 – Policia Local,105 – Almansa con Avda. Novelda,1,29:58
112 – CEIP San Fernando,106 – Estadio Manolo Jaén,1,07:49
68 – Arturo Salvetti Pardo,10 – L’Escorxador,1,19:04
68 – Arturo Salvetti Pardo,8 – Polivalent de Carrús,1,09:16
68 – Arturo Salvetti Pardo,5 – Centre de Congressos,1,13:51
68 – Arturo Salvetti Pardo,3 – Plaça de la Llotja,1,13:15
67 – Calle Grao con Victoria Kent,115 – Passeig d´Atzavares,1,22:17
67 – Calle Grao con Victoria Kent,111 – Avenida Alicante 38,1,13:31
67 – Calle Grao con Victoria Kent,30 – Squash,1,17:14
67 – Calle Grao con Victoria Kent,50 – Borreguet,1,08:29
67 – Calle Grao con Victoria Kent,49 – Av. Alicante 59,1,14:09
67 – Calle Grao con Victoria Kent,47 – C.P. Virgen de la Asunción,1,08:05
67 – Calle Grao con Victoria Kent,43 – Palmerars – Ciutat de la Justícia,1,13:11
67 – Calle Grao con Victoria Kent,35 – Hospital del Vinalopó,1,19:41
113 – Alcalde Juan Hernández,20 – Antoni Mena / Fra Jaume Torres,1,17:24
113 – Alcalde Juan Hernández,18 – Poliesportiu d’Altabix,1,12:35
113 – Alcalde Juan Hernández,15 – Av. Llibertat / Reina Victòria,1,18:33
113 – Alcalde Juan Hernández,9 – Biblioteca de Sant Josep,1,14:23
67 – Calle Grao con Victoria Kent,81 – C.S. Doctor Sapena,1,09:08
55 – Pere Joan Perpinyà,108 – José Ferrández Cruz,1,28:08
55 – Pere Joan Perpinyà,107 – Josefina Manresa,1,22:27
55 – Pere Joan Perpinyà,106 – Estadio Manolo Jaén,1,27:04
55 – Pere Joan Perpinyà,105 – Almansa con Avda. Novelda,1,17:31
67 – Calle Grao con Victoria Kent,71 – IES Carrús,1,10:51
66 – Jardín escritor Juan Fuster,54 – Plaza de Benidorm,1,16:13
66 – Jardín escritor Juan Fuster,47 – C.P. Virgen de la Asunción,1,09:55
113 – Alcalde Juan Hernández,53 – C.P. Victor Pradera,1,06:29
113 – Alcalde Juan Hernández,52 – Centro salud el Toscar,1,32:46
113 – Alcalde Juan Hernández,43 – Palmerars – Ciutat de la Justícia,1,05:25
113 – Alcalde Juan Hernández,29 – Casablanca,1,17:29
66 – Jardín escritor Juan Fuster,92 – Parking Candalix,1,09:33
66 – Jardín escritor Juan Fuster,78 – Jorge Juan 24,1,06:24
4 – Plaça del Raval,108 – José Ferrández Cruz,1,19:17
66 – Jardín escritor Juan Fuster,103 – UMH-Altet,1,23:53
66 – Jardín escritor Juan Fuster,94 – Parking Gran Teatre,1,10:58
66 – Jardín escritor Juan Fuster,111 – Avenida Alicante 38,1,12:01
4 – Plaça del Raval,115 – Passeig d´Atzavares,1,27:00
56 – UMH / Torre Vaillo,10 – L’Escorxador,1,17:15
55 – Pere Joan Perpinyà,113 – Alcalde Juan Hernández,1,17:43
67 – Calle Grao con Victoria Kent,33 – Av. Libertat / l’Aljub,1,11:11
65 – C.P. El toscar,111 – Avenida Alicante 38,1,15:28
65 – C.P. El toscar,106 – Estadio Manolo Jaén,1,17:10
113 – Alcalde Juan Hernández,92 – Parking Candalix,1,15:36
113 – Alcalde Juan Hernández,89 – CEIP Dama d´Elx,1,23:59
113 – Alcalde Juan Hernández,81 – C.S. Doctor Sapena,1,17:49
113 – Alcalde Juan Hernández,79 – Intercambiador pasarela,1,13:37
113 – Alcalde Juan Hernández,71 – IES Carrús,1,13:34
56 – UMH / Torre Vaillo,77 – Plaza Obispo Siuri,1,08:41
56 – UMH / Torre Vaillo,75 – L´aljub,1,15:49
56 – UMH / Torre Vaillo,71 – IES Carrús,1,13:16
56 – UMH / Torre Vaillo,69 – Olegario Domarco Seller 44,1,07:50
56 – UMH / Torre Vaillo,65 – C.P. El toscar,1,14:18
66 – Jardín escritor Juan Fuster,44 – Portes Encarnades,1,18:33
66 – Jardín escritor Juan Fuster,31 – Sant Antoni,1,17:55
66 – Jardín escritor Juan Fuster,22 – Av. Llauradors / Eslava,1,14:53
66 – Jardín escritor Juan Fuster,61 – Avenida Novelda 191,1,08:44
65 – C.P. El toscar,27 – UMH / Pavelló d’Esports,1,08:32
65 – C.P. El toscar,26 – UMH / Escola Oficial d’Idiomes,1,11:41
65 – C.P. El toscar,24 – Policia Local,1,19:42
24 – Policia Local,99 – IES La Asunción,1,08:25
24 – Policia Local,93 – Parque Rey Jaume I,1,13:06
56 – UMH / Torre Vaillo,99 – IES La Asunción,1,12:13
56 – UMH / Torre Vaillo,87 – CEIP Sanchis Guarner,1,16:19
65 – C.P. El toscar,68 – Arturo Salvetti Pardo,1,06:27
65 – C.P. El toscar,62 – Calle Inca con brea,1,02:56
65 – C.P. El toscar,50 – Borreguet,1,15:21
65 – C.P. El toscar,99 – IES La Asunción,1,14:04
65 – C.P. El toscar,98 – IES Sixto Marco,1,14:44
65 – C.P. El toscar,97 – Huerto del cura,1,18:00
65 – C.P. El toscar,83 – Conrado del campo 35,1,08:42
66 – Jardín escritor Juan Fuster,14 – Comissaria,1,25:30
66 – Jardín escritor Juan Fuster,10 – L’Escorxador,1,18:36
64 – Jardín 25 de abril,62 – Calle Inca con brea,1,11:00
64 – Jardín 25 de abril,51 – Ciudad deportiva zona sur,1,15:51
64 – Jardín 25 de abril,48 – Av. Corts Valencianes,1,10:19
64 – Jardín 25 de abril,46 – UMH / Rectorado,1,12:50
64 – Jardín 25 de abril,44 – Portes Encarnades,1,12:10
64 – Jardín 25 de abril,43 – Palmerars – Ciutat de la Justícia,1,17:37
113 – Alcalde Juan Hernández,104 – UMH-Arenals,1,08:17
64 – Jardín 25 de abril,85 – Sor Josefa Alcorta 34,1,15:09
64 – Jardín 25 de abril,74 – IES Nit de l´Albà,1,08:34
64 – Jardín 25 de abril,72 – Plaza de madrid,1,04:45
65 – C.P. El toscar,14 – Comissaria,1,12:23
65 – C.P. El toscar,7 – Pavelló Municipal,1,14:27
65 – C.P. El toscar,3 – Plaça de la Llotja,1,12:27
64 – Jardín 25 de abril,104 – UMH-Arenals,1,28:05
64 – Jardín 25 de abril,95 – IES Vicente Verdu,1,12:58
65 – C.P. El toscar,31 – Sant Antoni,1,22:39
56 – UMH / Torre Vaillo,107 – Josefina Manresa,1,09:25
64 – Jardín 25 de abril,31 – Sant Antoni,1,20:11
64 – Jardín 25 de abril,21 – C.P. Mariano Benlliure,1,11:22
64 – Jardín 25 de abril,19 – Jesuïtines,1,11:07
64 – Jardín 25 de abril,18 – Poliesportiu d’Altabix,1,20:39
64 – Jardín 25 de abril,14 – Comissaria,1,16:16
114 – Jardin Biólogo Antonio de Zulueta,29 – Casablanca,1,18:50
114 – Jardin Biólogo Antonio de Zulueta,28 – Passeig de les Germanies,1,17:56
114 – Jardin Biólogo Antonio de Zulueta,27 – UMH / Pavelló d’Esports,1,12:28
114 – Jardin Biólogo Antonio de Zulueta,24 – Policia Local,1,10:06
114 – Jardin Biólogo Antonio de Zulueta,21 – C.P. Mariano Benlliure,1,22:22
114 – Jardin Biólogo Antonio de Zulueta,15 – Av. Llibertat / Reina Victòria,1,20:21
114 – Jardin Biólogo Antonio de Zulueta,10 – L’Escorxador,1,21:35
114 – Jardin Biólogo Antonio de Zulueta,8 – Polivalent de Carrús,1,23:16
64 – Jardín 25 de abril,67 – Calle Grao con Victoria Kent,1,04:24
64 – Jardín 25 de abril,66 – Jardín escritor Juan Fuster,1,09:44
63 – CEIP Eugeni d’Ors,84 – Fernanda Santa María 64,1,17:30
63 – CEIP Eugeni d’Ors,82 – Antonio Machado 73,1,10:35
63 – CEIP Eugeni d’Ors,74 – IES Nit de l´Albà,1,09:30
63 – CEIP Eugeni d’Ors,72 – Plaza de madrid,1,12:14
63 – CEIP Eugeni d’Ors,68 – Arturo Salvetti Pardo,1,06:15
63 – CEIP Eugeni d’Ors,55 – Pere Joan Perpinyà,1,08:47
114 – Jardin Biólogo Antonio de Zulueta,41 – Dipòsit Municipal de Carrús,1,22:29
114 – Jardin Biólogo Antonio de Zulueta,38 – Poliesportiu de Carrús,1,28:33
114 – Jardin Biólogo Antonio de Zulueta,33 – Av. Libertat / l’Aljub,1,19:31
63 – CEIP Eugeni d’Ors,114 – Jardin Biólogo Antonio de Zulueta,1,24:50
63 – CEIP Eugeni d’Ors,108 – José Ferrández Cruz,1,18:40
63 – CEIP Eugeni d’Ors,104 – UMH-Arenals,1,16:01
63 – CEIP Eugeni d’Ors,103 – UMH-Altet,1,14:04
63 – CEIP Eugeni d’Ors,93 – Parque Rey Jaume I,1,13:13
63 – CEIP Eugeni d’Ors,91 – Centro social el Pla,1,15:09
56 – UMH / Torre Vaillo,108 – José Ferrández Cruz,1,08:35
62 – Calle Inca con brea,81 – C.S. Doctor Sapena,1,12:16
62 – Calle Inca con brea,77 – Plaza Obispo Siuri,1,18:20
114 – Jardin Biólogo Antonio de Zulueta,73 – Plaza de la aparadora,1,23:43
114 – Jardin Biólogo Antonio de Zulueta,72 – Plaza de madrid,1,19:51
114 – Jardin Biólogo Antonio de Zulueta,53 – C.P. Victor Pradera,1,16:44
114 – Jardin Biólogo Antonio de Zulueta,45 – Plaça de Barcelona,1,16:11
63 – CEIP Eugeni d’Ors,24 – Policia Local,1,22:54
63 – CEIP Eugeni d’Ors,22 – Av. Llauradors / Eslava,1,22:56
63 – CEIP Eugeni d’Ors,21 – C.P. Mariano Benlliure,1,13:23
63 – CEIP Eugeni d’Ors,18 – Poliesportiu d’Altabix,1,24:37
63 – CEIP Eugeni d’Ors,8 – Polivalent de Carrús,1,09:05
63 – CEIP Eugeni d’Ors,4 – Plaça del Raval,1,19:40
63 – CEIP Eugeni d’Ors,53 – C.P. Victor Pradera,1,14:54
63 – CEIP Eugeni d’Ors,45 – Plaça de Barcelona,1,10:16
63 – CEIP Eugeni d’Ors,88 – Pistas del Pla,1,14:10
63 – CEIP Eugeni d’Ors,86 – El Corte Inglés,1,16:16
62 – Calle Inca con brea,39 – Francesc Cantó,1,07:19
62 – Calle Inca con brea,38 – Poliesportiu de Carrús,1,03:56
62 – Calle Inca con brea,32 – Centre de Salut d’Altabix,1,13:18
114 – Jardin Biólogo Antonio de Zulueta,99 – IES La Asunción,1,08:55
114 – Jardin Biólogo Antonio de Zulueta,87 – CEIP Sanchis Guarner,1,16:10
62 – Calle Inca con brea,76 – Puente Altamira,1,08:16
62 – Calle Inca con brea,71 – IES Carrús,1,09:10
61 – Avenida Novelda 191,15 – Av. Llibertat / Reina Victòria,1,11:32
61 – Avenida Novelda 191,4 – Plaça del Raval,1,14:34
60 – Carrer de la Figuera 2 Torrellano,44 – Portes Encarnades,1,49:04
59 – Calle San Crispín 1 Torrellano,111 – Avenida Alicante 38,1,48:45
62 – Calle Inca con brea,112 – CEIP San Fernando,1,21:37
62 – Calle Inca con brea,104 – UMH-Arenals,1,16:28
62 – Calle Inca con brea,94 – Parking Gran Teatre,1,13:22
62 – Calle Inca con brea,92 – Parking Candalix,1,10:12
62 – Calle Inca con brea,82 – Antonio Machado 73,1,14:04
102 – UMH-Altabix,82 – Antonio Machado 73,1,29:16
115 – Passeig d´Atzavares,83 – Conrado del campo 35,1,20:14
25 – Cor de Jesús,61 – Avenida Novelda 191,1,14:46
115 – Passeig d´Atzavares,14 – Comissaria,1,11:55
115 – Passeig d´Atzavares,13 – Jardí del 1r de Maig,1,19:33
115 – Passeig d´Atzavares,12 – Ambulatori de Sant Fermí,1,30:34
61 – Avenida Novelda 191,63 – CEIP Eugeni d’Ors,1,10:22
61 – Avenida Novelda 191,62 – Calle Inca con brea,1,14:03
61 – Avenida Novelda 191,48 – Av. Corts Valencianes,1,04:46
61 – Avenida Novelda 191,41 – Dipòsit Municipal de Carrús,1,04:57
61 – Avenida Novelda 191,27 – UMH / Pavelló d’Esports,1,11:50
115 – Passeig d´Atzavares,105 – Almansa con Avda. Novelda,1,26:33
115 – Passeig d´Atzavares,102 – UMH-Altabix,1,14:47
115 – Passeig d´Atzavares,101 – UMH-La Galia,1,15:46
115 – Passeig d´Atzavares,74 – IES Nit de l´Albà,1,23:25
115 – Passeig d´Atzavares,70 – Libertad-Diagonal,1,19:19
31 – Sant Antoni,101 – UMH-La Galia,1,14:53
31 – Sant Antoni,99 – IES La Asunción,1,06:19
31 – Sant Antoni,95 – IES Vicente Verdu,1,13:52
31 – Sant Antoni,92 – Parking Candalix,1,10:01
31 – Sant Antoni,91 – Centro social el Pla,1,13:28
31 – Sant Antoni,90 – Centro salud el Pla,1,19:39
31 – Sant Antoni,87 – CEIP Sanchis Guarner,1,21:42
31 – Sant Antoni,86 – El Corte Inglés,1,22:52
31 – Sant Antoni,83 – Conrado del campo 35,1,15:04
31 – Sant Antoni,79 – Intercambiador pasarela,1,10:05
31 – Sant Antoni,73 – Plaza de la aparadora,1,18:37
31 – Sant Antoni,67 – Calle Grao con Victoria Kent,1,17:39
31 – Sant Antoni,52 – Centro salud el Toscar,1,30:16
102 – UMH-Altabix,52 – Centro salud el Toscar,1,21:57
102 – UMH-Altabix,42 – Multi Aventura Travaló,1,24:01
102 – UMH-Altabix,83 – Conrado del campo 35,1,10:39
